index,boorong,india,indomalay,marshall,pacariqtambo,anutan_stellarium,arabic_moon_stations_stellarium,belarusian_stellarium,chinese_stellarium,dakota_stellarium,egyptian_stellarium,inuit_stellarium,lokono_stellarium,macedonian_stellarium,maori_stellarium,mulapin_stellarium,navajo_stellarium,norse_stellarium,ojibwe_stellarium,romanian_stellarium,sami_stellarium,siberian_stellarium,tongan_stellarium,tukano_stellarium,tupi_stellarium,vanuatu_netwar_stellarium,western_stellarium,cluster
0,1.0,1.0,1.0,1.0,1.0,0.0,0.0,1.0,1.0,0.8,0.8,0.8,0.8,1.0,0.0,0.8,0.8,0.0,0.8,0.8,0.0,0.5,0.0,1.0,1.0,0.8,0.0,"(1089, 1058, 1062, 1068, 1076, 1055)"
1,0.6,0.0,1.0,0.42857142857142855,1.0,1.0,0.0,1.0,0.42857142857142855,0.3,0.125,1.0,1.0,0.5,1.0,0.23076923076923078,0.2,1.0,0.3,1.0,1.0,0.6,1.0,0.6,1.0,1.0,0.1875,"(1738, 1699, 1780)"
2,0.8333333333333334,0.8333333333333334,0.8333333333333334,0.8333333333333334,0.8333333333333334,0.0,0.3333333333333333,0.8333333333333334,0.8333333333333334,1.0,1.0,1.0,1.0,0.8333333333333334,0.0,0.6,1.0,0.0,1.0,0.6,0.0,0.75,0.0,0.8333333333333334,0.8333333333333334,0.6,0.0,"(1089, 1058, 1068, 1076, 1055)"
3,0.0,1.0,0.0,0.3333333333333333,0.0,0.8333333333333334,1.0,0.8333333333333334,0.625,0.0,1.0,1.0,1.0,0.3333333333333333,1.0,1.0,0.0,1.0,0.0,1.0,0.0,0.0,1.0,1.0,1.0,1.0,0.4166666666666667,"(1347, 1267, 1301, 1303, 1241)"
4,0.0,0.0,1.0,0.6,0.0,0.0,0.0,1.0,1.0,1.0,1.0,1.0,1.0,1.0,0.0,1.0,0.6363636363636364,1.0,0.6363636363636364,0.4117647058823529,1.0,1.0,0.0,1.0,0.0,0.0,0.4117647058823529,"(4579, 3880, 3886, 4221, 4123, 4701, 4446)"
5,0.8333333333333334,0.8333333333333334,0.8333333333333334,0.8333333333333334,0.8333333333333334,0.0,0.3333333333333333,0.8333333333333334,0.8333333333333334,0.6,0.6,0.6,0.6,0.8333333333333334,0.0,1.0,0.6,0.0,0.6,1.0,0.0,0.25,0.0,0.8333333333333334,0.8333333333333334,1.0,0.0,"(1089, 1062, 1068, 1076, 1055)"
6,0.6666666666666666,0.6666666666666666,0.6666666666666666,0.6666666666666666,0.6666666666666666,0.0,0.6666666666666666,0.6666666666666666,0.6666666666666666,0.8,0.8,0.8,0.8,0.6666666666666666,0.0,0.4,0.8,0.0,0.8,0.4,0.0,1.0,0.0,0.6666666666666666,0.6666666666666666,0.4,0.0,"(1089, 1058, 1068, 1055)"
7,0.0,0.8,0.0,0.0,0.0,1.0,0.8,1.0,0.75,0.0,0.8,0.8,0.8,0.0,0.8,0.8,0.0,0.8,0.0,0.8,0.0,0.0,0.8,0.8,0.8,0.8,0.5,"(1282, 1347, 1267, 1301, 1303, 1241)"
8,0.4,0.0,0.6666666666666666,0.2857142857142857,0.6666666666666666,0.6666666666666666,0.0,0.6666666666666666,0.5714285714285714,0.36363636363636365,0.16666666666666666,0.6666666666666666,0.6666666666666666,0.0,0.6666666666666666,0.3076923076923077,0.26666666666666666,0.6666666666666666,0.4,1.0,0.6666666666666666,0.4,0.6666666666666666,0.4,0.6666666666666666,0.6666666666666666,0.25,"(1738, 1699, 1580, 1780)"
9,0.4,0.0,0.6666666666666666,0.2857142857142857,0.6666666666666666,0.6666666666666666,0.0,0.6666666666666666,0.2857142857142857,0.2,0.08333333333333333,0.6666666666666666,0.6666666666666666,1.0,0.6666666666666666,0.15384615384615385,0.13333333333333333,0.6666666666666666,0.2,0.6666666666666666,0.6666666666666666,0.4,0.6666666666666666,0.4,0.6666666666666666,0.6666666666666666,0.125,"(1738, 1699)"
10,0.5,0.5,0.5,0.5,0.5,0.0,1.0,0.5,0.5,0.6,0.6,0.6,0.6,0.5,0.0,0.6,0.6,0.0,0.6,0.6,0.0,0.75,0.0,0.5,0.5,0.6,0.0,"(1089, 1068, 1055)"
11,0.0,0.0,0.7142857142857143,1.0,0.0,0.0,0.0,0.7142857142857143,0.7142857142857143,0.7142857142857143,0.7142857142857143,0.7142857142857143,0.7142857142857143,0.7142857142857143,0.0,0.7142857142857143,0.45454545454545453,0.7142857142857143,0.45454545454545453,0.29411764705882354,0.7142857142857143,0.7142857142857143,0.0,0.7142857142857143,0.0,0.0,0.29411764705882354,"(4579, 4221, 4123, 4701, 4446)"
12,0.0,0.0,0.8,1.0,1.0,0.6666666666666666,0.0,0.0,1.0,0.0,1.0,0.0,1.0,0.0,1.0,0.0,0.0,0.0,0.0,0.0,0.0,0.0,1.0,1.0,0.12903225806451613,1.0,1.0,"(4400, 4217, 4315, 4285)"
13,0.0,0.6,0.0,1.0,0.0,0.5,0.6,0.5,0.375,0.0,0.6,0.6,0.6,1.0,0.6,0.6,0.0,0.6,0.0,0.6,0.0,0.0,0.6,0.6,0.6,0.6,0.25,"(1241, 1267, 1301)"
14,0.0,0.0,1.0,0.2,0.0,0.0,0.0,0.7142857142857143,0.7142857142857143,0.7142857142857143,0.7142857142857143,0.7142857142857143,0.7142857142857143,0.7142857142857143,0.0,0.7142857142857143,0.45454545454545453,0.7142857142857143,0.45454545454545453,0.29411764705882354,0.7142857142857143,0.7142857142857143,0.0,0.7142857142857143,0.0,0.0,0.29411764705882354,"(4579, 3880, 3886, 5204, 4221, 5047, 4123, 4701, 4446)"
15,0.0,0.0,0.0,1.0,0.0,0.0,0.0,1.0,1.0,0.0,0.06666666666666667,0.0,0.17647058823529413,1.0,0.0,1.0,0.0,1.0,1.0,1.0,0.0,0.0,1.0,0.0,0.0,0.0,1.0,"(5216, 5256, 5398, 5305, 5244)"
16,0.0,1.0,0.0,1.0,0.0,0.0,1.0,1.0,0.6666666666666666,0.2857142857142857,1.0,0.5,0.0,0.0,0.0,0.5,0.0,0.0,0.0,0.2857142857142857,1.0,0.0,1.0,0.0,0.0,0.0,0.11764705882352941,"(2612, 2695)"
17,0.2,0.0,0.7142857142857143,0.14285714285714285,0.3333333333333333,0.3333333333333333,0.0,0.42857142857142855,0.7142857142857143,0.3,0.125,0.3333333333333333,0.3333333333333333,0.0,0.3333333333333333,0.38461538461538464,0.3333333333333333,0.3333333333333333,0.5,0.5,0.3333333333333333,0.2,0.3333333333333333,1.0,0.3333333333333333,0.5,0.3125,"(1699, 1738, 1644, 1780, 1880)"
18,0.0,0.0,1.0,0.75,0.75,0.5,0.0,0.0,0.75,0.0,0.75,0.0,0.75,0.0,0.75,0.0,0.0,0.0,0.0,0.0,0.0,0.0,0.75,0.75,0.0967741935483871,0.75,0.75,"(4400, 4440, 4217, 4315, 4285)"
19,0.6,0.0,0.3333333333333333,0.42857142857142855,0.8333333333333334,0.3333333333333333,0.0,0.3333333333333333,0.25,0.45454545454545453,0.041666666666666664,0.3333333333333333,0.3333333333333333,0.0,0.3333333333333333,0.07692307692307693,0.06666666666666667,0.3333333333333333,0.1,0.3333333333333333,0.3333333333333333,1.0,0.7142857142857143,0.2,0.3333333333333333,0.3333333333333333,0.0625,"(1699, 1733, 1735, 1738, 1780)"
20,0.0,0.0,0.42857142857142855,0.0,0.0,0.0,0.0,0.42857142857142855,0.42857142857142855,0.42857142857142855,0.42857142857142855,0.42857142857142855,0.42857142857142855,0.42857142857142855,0.0,0.42857142857142855,0.45454545454545453,0.42857142857142855,1.0,0.6470588235294118,0.42857142857142855,0.42857142857142855,0.0,0.42857142857142855,0.0,0.0,0.6470588235294118,"(4579, 3880, 3886, 3507, 2995, 4221, 4087, 3385, 4123, 4701, 4446)"
21,1.0,0.0,0.3333333333333333,0.42857142857142855,0.8333333333333334,0.3333333333333333,0.0,0.3333333333333333,0.25,0.45454545454545453,0.041666666666666664,0.3333333333333333,0.3333333333333333,0.0,0.3333333333333333,0.07692307692307693,0.06666666666666667,0.3333333333333333,0.1,0.3333333333333333,0.3333333333333333,0.6,0.42857142857142855,0.2,0.3333333333333333,0.3333333333333333,0.0625,"(1699, 1734, 1735, 1738, 1780)"
22,0.0,0.0,0.0,1.0,0.0,0.0,0.0,0.0,0.0,0.0,1.0,0.8333333333333334,0.0,0.75,0.0,0.7142857142857143,0.375,0.0,0.0,0.7142857142857143,0.3333333333333333,0.0,1.0,0.29411764705882354,0.16666666666666666,0.0,1.0,"(366, 494, 239, 19, 152)"
23,0.0,0.0,0.0,1.0,0.0,0.0,0.0,0.0,0.0,0.0,1.0,0.8333333333333334,0.0,0.75,0.0,0.7142857142857143,0.375,0.0,0.0,0.7142857142857143,0.3333333333333333,0.0,1.0,0.29411764705882354,0.16666666666666666,0.0,1.0,"(366, 239, 494, 19, 152)"
24,0.8,1.0,0.0,1.0,0.0,0.8,0.0,0.0,1.0,0.0,0.15384615384615385,0.0,0.0,1.0,0.0,0.3076923076923077,0.0,0.0,0.0,0.8,0.0,0.0,0.0,0.5,0.0,0.0,0.8,"(7128, 7169, 7188, 7150)"
25,1.0,0.75,0.0,0.75,0.0,1.0,0.0,0.0,0.75,0.0,0.11538461538461539,0.0,0.0,0.75,0.0,0.38461538461538464,0.0,0.0,0.0,1.0,0.0,0.0,0.0,0.625,0.0,0.0,1.0,"(7169, 7150, 7188, 7128, 7101)"
26,0.0,0.4,0.0,0.0,0.0,0.6666666666666666,0.4,0.6666666666666666,1.0,0.0,0.4,0.4,0.4,0.0,0.4,0.4,0.0,0.4,0.0,0.4,0.0,0.0,0.4,0.4,0.4,0.4,0.5,"(1282, 1347, 1287, 1267, 1301, 1143, 1241, 1303)"
27,0.0,0.0,0.42857142857142855,0.0,0.0,0.0,0.0,0.42857142857142855,0.42857142857142855,0.42857142857142855,0.42857142857142855,0.42857142857142855,0.42857142857142855,0.42857142857142855,0.0,0.42857142857142855,1.0,0.42857142857142855,0.45454545454545453,0.29411764705882354,0.42857142857142855,0.42857142857142855,0.0,0.42857142857142855,0.0,0.0,0.29411764705882354,"(4579, 4454, 3880, 3886, 4221, 4795, 3385, 4123, 4701, 4446, 3423)"
28,0.0,0.0,0.7142857142857143,0.0,0.0,0.0,0.0,0.7142857142857143,1.0,0.1,0.20833333333333334,0.0,0.0,0.0,0.0,0.5384615384615384,0.4666666666666667,0.0,0.7,0.8333333333333334,0.0,0.0,0.0,0.6,0.3888888888888889,0.8333333333333334,0.4375,"(1699, 1829, 1738, 1644, 1580, 1780, 1880)"
29,0.2,0.0,0.3333333333333333,0.42857142857142855,0.3333333333333333,0.3333333333333333,0.0,0.3333333333333333,0.14285714285714285,0.2727272727272727,0.041666666666666664,0.3333333333333333,0.3333333333333333,1.0,0.3333333333333333,0.07692307692307693,0.06666666666666667,0.3333333333333333,0.1,0.3333333333333333,0.3333333333333333,0.2,0.42857142857142855,0.2,0.3333333333333333,0.3333333333333333,0.0625,"(1738, 1764, 1780)"
30,0.0,0.0,0.0,0.8,0.0,0.0,0.0,0.0,0.0,0.0,0.8,0.6666666666666666,0.0,1.0,0.0,0.5714285714285714,0.25,0.0,0.0,0.5714285714285714,0.26666666666666666,0.0,0.8,0.23529411764705882,0.2222222222222222,0.0,0.8,"(152, 19, 366, 239)"
31,0.0,0.0,0.0,0.8,0.0,0.0,0.0,0.0,0.0,0.0,0.8,1.0,0.0,0.5,0.0,0.5714285714285714,0.25,0.0,0.0,0.5714285714285714,0.26666666666666666,0.0,0.8,0.35294117647058826,0.2222222222222222,0.0,0.8,"(198, 366, 239, 494, 19, 152)"
32,0.0,0.0,0.5714285714285714,0.0,0.0,0.0,0.0,0.8571428571428571,0.8571428571428571,0.0,0.16666666666666666,0.0,0.0,0.0,0.0,0.46153846153846156,0.4,0.0,0.6,0.6666666666666666,0.0,0.0,0.0,0.4,0.3333333333333333,1.0,0.375,"(1699, 1829, 1644, 1580, 1780, 1880)"
33,0.0,0.0,0.4,0.5,0.5,1.0,0.0,0.0,0.5,0.0,0.5,0.0,0.5,0.0,0.5,0.14285714285714285,0.0,0.0,0.0,0.0,0.0,0.0,0.5,0.5,0.06451612903225806,0.5,0.5,"(4772, 4400, 4950, 4217, 4315, 4285)"
34,0.0,0.0,0.5714285714285714,0.0,0.0,0.0,0.0,0.5714285714285714,0.8571428571428571,0.18181818181818182,0.16666666666666666,0.0,0.0,0.0,0.0,0.46153846153846156,0.4,0.0,0.6,1.0,0.0,0.0,0.0,0.4,0.3333333333333333,0.6666666666666666,0.375,"(1699, 1829, 1738, 1644, 1580, 1780)"
35,0.0,0.5,0.0,1.0,0.0,0.3333333333333333,1.0,0.75,1.0,0.5,0.0,0.0,0.0,0.0,0.0,0.2,0.0,0.0,0.0,0.5,0.0,0.0,0.0,0.0,0.0,0.0,0.75,"(504, 497, 563)"
36,0.0,1.0,0.0,1.0,0.0,1.0,0.0,0.0,1.0,0.0,0.038461538461538464,0.5,0.0,0.0,0.0,0.23076923076923078,0.0,0.0,0.0,1.0,0.0,0.0,0.0,0.375,0.0,0.0,0.3333333333333333,"(6803, 6830, 6870)"
37,1.0,0.0,1.0,1.0,0.0,0.3333333333333333,0.0,0.0,0.0,0.0,0.0,0.0,0.0,0.0,1.0,1.0,0.0,0.0,0.0,0.0,0.0,0.0,1.0,0.0,0.0,0.0,0.125,"(4772, 4950)"
38,0.0,0.0,1.0,0.14285714285714285,0.0,0.0,0.0,0.42857142857142855,0.7142857142857143,0.2727272727272727,0.20833333333333334,0.0,0.0,0.0,0.0,0.38461538461538464,0.4666666666666667,0.0,0.5,0.5,0.0,0.0,0.14285714285714285,0.6,0.2777777777777778,0.5,0.3125,"(1699, 1738, 1642, 1580, 1644, 1780, 1880)"
39,1.0,0.0,0.0,1.0,1.0,0.0,0.0,0.0,0.75,0.0,1.0,0.0,0.42857142857142855,0.0,0.0,0.0,0.0,0.0,0.0,0.0,0.0,0.0,0.0,0.10714285714285714,0.0,0.0,1.0,"(6570, 6566, 6542)"
40,1.0,0.0,0.0,1.0,1.0,0.0,0.0,0.0,0.75,0.0,1.0,0.0,0.42857142857142855,0.0,0.0,0.0,0.0,0.0,0.0,0.0,0.0,0.0,0.0,0.10714285714285714,0.0,0.0,1.0,"(6570, 6542, 6566)"
41,0.0,0.0,0.0,0.0,0.0,0.0,0.0,1.0,0.4,0.0,0.0,0.0,0.0,0.0,0.0,0.8571428571428571,0.0,1.0,1.0,1.0,0.0,0.0,0.0,0.0,0.0,0.0,1.0,"(385, 5355, 5739, 6159, 5204, 5047)"
42,0.0,0.0,0.42857142857142855,0.0,0.0,0.0,0.0,1.0,0.7142857142857143,0.0,0.125,0.0,0.0,0.0,0.0,0.5384615384615384,0.4666666666666667,0.0,0.7,0.5,0.0,0.0,0.0,0.2,0.2777777777777778,0.8333333333333334,0.4375,"(1699, 1829, 1644, 1580, 1780, 1880, 1724)"
43,0.0,0.0,0.0,0.6666666666666666,0.0,0.6666666666666666,0.6666666666666666,1.0,0.6666666666666666,0.3333333333333333,0.0,0.0,0.0,0.0,0.0,0.4,0.0,0.0,0.0,0.6666666666666666,0.0,0.0,0.0,0.0,0.0,0.0,1.0,"(504, 497, 563, 766)"
44,0.0,0.0,1.0,1.0,0.0,0.0,0.0,0.2857142857142857,0.2857142857142857,0.2857142857142857,0.2857142857142857,0.2857142857142857,0.2857142857142857,0.2857142857142857,0.0,0.2857142857142857,0.18181818181818182,0.2857142857142857,0.18181818181818182,0.11764705882352941,0.2857142857142857,0.2857142857142857,0.0,0.2857142857142857,0.0,0.0,0.11764705882352941,"(3880, 3886)"
45,0.0,1.0,0.3333333333333333,0.6,0.6,0.42857142857142855,0.75,0.0,0.75,0.0,0.2727272727272727,0.0,0.0,0.0,0.0,0.15789473684210525,0.058823529411764705,0.0,0.3333333333333333,0.2727272727272727,0.0,0.0,0.0,0.10714285714285714,0.0967741935483871,0.0,0.25,"(5433, 5395, 5404)"
46,0.0,0.0,0.0,0.6,0.0,0.0,0.0,0.0,0.25,0.0,0.6,1.0,0.0,0.75,0.0,0.42857142857142855,0.125,0.0,0.0,0.42857142857142855,0.2,0.0,0.6,0.17647058823529413,0.16666666666666666,0.0,0.6,"(152, 19, 239)"
47,0.0,0.0,0.0,0.6,0.0,0.0,0.0,0.0,0.0,0.0,0.6,0.5,0.0,0.25,0.0,1.0,0.125,0.0,0.0,1.0,0.2,0.0,0.6,0.17647058823529413,0.16666666666666666,0.0,0.6,"(366, 239, 494, 19, 115, 311, 152)"
48,0.0,0.0,0.0,0.0,0.0,0.0,0.0,0.8333333333333334,0.6,0.0,0.0,0.0,0.0,0.0,0.0,1.0,0.0,0.8333333333333334,0.8333333333333334,0.8333333333333334,0.0,0.0,0.0,0.0,0.0,0.0,0.8333333333333334,"(385, 259, 5739, 5355, 6159, 5204, 5047)"
49,0.0,0.6666666666666666,0.2222222222222222,0.8,0.4,0.5714285714285714,0.5,0.0,1.0,0.0,0.18181818181818182,0.0,0.0,0.0,0.0,0.10526315789473684,0.11764705882352941,0.0,0.4444444444444444,0.36363636363636365,0.0,0.0,0.0,0.07142857142857142,0.12903225806451613,0.0,0.16666666666666666,"(5395, 5433, 5379, 5404)"
50,0.0,1.0,0.0,0.0,0.0,0.5,1.0,0.0,1.0,0.5,0.07692307692307693,0.0,0.5,0.0,0.0,0.5,0.0,0.0,0.13333333333333333,0.2857142857142857,0.0,0.0,0.0,0.0,0.0,0.0,0.15384615384615385,"(7953, 7958)"
51,0.0,0.2222222222222222,0.3333333333333333,0.5,0.0,0.0,1.0,0.0,0.25,0.0,0.0,0.0,1.0,0.0,0.25,1.0,0.5,0.0,0.0,0.0,0.0,0.0,0.0,0.07142857142857142,0.0,0.5,0.0,"(5907, 5924)"
52,0.0,0.4444444444444444,0.6666666666666666,1.0,0.0,0.0,0.0,0.0,0.5,0.0,0.0,0.0,0.0,0.0,0.5,0.10526315789473684,1.0,0.0,0.0,0.0,0.0,0.0,0.0,0.14285714285714285,0.06451612903225806,1.0,0.16666666666666666,"(6006, 5907, 5924, 5974)"
53,0.0,0.4444444444444444,0.6666666666666666,1.0,0.0,0.0,0.0,0.0,0.5,0.0,0.0,0.0,0.0,0.0,0.5,0.10526315789473684,1.0,0.0,0.0,0.0,0.0,0.0,0.0,0.14285714285714285,0.06451612903225806,1.0,0.16666666666666666,"(5974, 5907, 5924, 6006)"
54,0.0,1.0,0.0,0.0,0.0,0.0,0.5,0.0,0.42857142857142855,0.8,0.5454545454545454,0.0,0.0,0.0,0.0,0.375,0.0,0.0,0.36363636363636365,0.6666666666666666,0.0,0.0,0.0,0.0,0.0,0.0,0.6666666666666666,"(3523, 3588, 3493, 3594, 3661, 3637)"
55,0.0,0.5,0.0,0.5,0.0,0.0,0.5,0.5,1.0,0.14285714285714285,0.5,0.25,0.0,0.0,0.0,0.25,0.0,0.0,0.0,0.14285714285714285,0.5,0.0,0.5,0.0,0.0,0.0,0.058823529411764705,"(2612, 2581, 2695)"
56,0.0,1.0,0.0,0.0,0.0,0.0,0.0,0.0,0.8333333333333334,0.0,0.0,0.0,0.0,0.0,0.0,1.0,0.625,0.0,0.0,1.0,0.0,0.0,0.0,0.0,0.0,0.0,0.8333333333333334,"(4192, 4337, 4309, 4185, 4222)"
57,0.0,0.3333333333333333,0.5555555555555556,0.2,1.0,0.7142857142857143,0.25,0.0,0.25,0.0,0.45454545454545453,0.0,0.0,0.0,0.0,0.2631578947368421,0.0,0.0,0.3333333333333333,0.2727272727272727,0.0,0.0,0.0,0.17857142857142858,0.16129032258064516,0.0,0.25,"(5568, 5523, 5395, 5433, 5404)"
58,0.0,1.0,0.0,0.0,0.0,0.0,1.0,0.0,1.0,0.5,0.07692307692307693,0.0,0.5,0.0,0.0,0.5,0.0,0.0,0.13333333333333333,0.2857142857142857,0.0,0.0,0.0,0.0,0.0,0.0,0.15384615384615385,"(34, 13)"
59,0.0,0.6666666666666666,0.0,0.6666666666666666,0.0,0.6666666666666666,0.0,0.0,0.6666666666666666,0.0,0.07692307692307693,1.0,0.0,0.0,0.0,0.15384615384615385,0.0,0.0,0.0,0.6666666666666666,0.0,0.0,0.0,0.25,0.0,0.0,0.2222222222222222,"(6803, 6830)"
60,0.0,0.8,0.0,0.0,0.0,0.0,0.0,0.0,1.0,0.0,0.0,0.0,0.0,0.0,0.0,0.8,0.5,0.0,0.0,0.8,0.0,0.0,0.0,0.0,0.0,0.0,1.0,"(4192, 4326, 4337, 4309, 4185, 4222)"
61,0.0,0.0,1.0,0.0,0.2,0.42857142857142855,0.0,0.0,0.0,0.0,0.45454545454545453,0.0,0.0,0.0,0.0,0.47368421052631576,0.058823529411764705,0.0,0.7777777777777778,0.45454545454545453,0.0,0.0,0.0,0.32142857142857145,0.2903225806451613,0.0,0.4166666666666667,"(5568, 5668, 5598, 5674, 5523, 5395, 5433, 5404, 5694)"
62,0.0,0.0,0.5555555555555556,0.2,0.6,1.0,0.0,0.0,0.25,0.0,0.2727272727272727,0.0,0.0,0.0,0.0,0.2631578947368421,0.058823529411764705,0.0,0.5555555555555556,0.45454545454545453,0.0,0.0,0.0,0.17857142857142858,0.22580645161290322,0.0,0.25,"(5568, 5379, 5523, 5395, 5433, 5404, 5598)"
63,0.0,0.0,0.0,0.0,0.0,0.0,0.0,0.8,0.2222222222222222,1.0,0.0,0.0,0.0,0.8,0.0,0.15384615384615385,0.0,0.0,0.6,0.6666666666666666,0.0,0.0,0.0,0.0,0.0,0.0,0.6,"(6881, 7049, 7189, 6709, 6806, 7166)"
64,0.0,0.0,0.0,0.0,0.0,0.0,0.0,1.0,0.3333333333333333,0.8333333333333334,0.0,0.0,0.0,1.0,0.0,0.07692307692307693,0.0,0.0,0.5,0.5555555555555556,0.0,0.0,0.0,0.0,0.0,0.0,0.5,"(7049, 7189, 6709, 6806, 7166)"
65,0.0,0.0,0.0,0.3333333333333333,0.0,1.0,0.3333333333333333,0.75,0.3333333333333333,0.16666666666666666,0.0,0.0,0.0,0.0,0.0,0.6,0.0,0.0,0.0,0.5,0.0,0.0,0.0,0.0,0.0,0.0,0.75,"(504, 563, 766)"
66,0.0,0.0,0.2857142857142857,0.0,0.0,0.0,0.0,0.5714285714285714,0.5714285714285714,0.0,0.08333333333333333,0.0,0.0,0.0,0.0,0.46153846153846156,0.4,0.0,1.0,0.3333333333333333,0.0,0.0,0.0,0.0,0.3333333333333333,0.3333333333333333,0.375,"(2657, 1347, 1699, 1829, 1738, 1580, 1644, 1780, 1880, 1724)"
67,0.0,1.0,0.16666666666666666,0.2,0.0,0.0,0.0,0.0,0.875,0.0,0.2727272727272727,0.0,0.0,0.0,0.875,0.3684210526315789,0.0,0.0,0.0,0.0,0.0,0.0,0.0,0.32142857142857145,0.22580645161290322,0.0,0.4166666666666667,"(5792, 5924, 5668, 5674, 5907, 6006, 5974, 5948, 5694)"
68,0.0,1.0,0.3333333333333333,1.0,0.2,0.42857142857142855,0.0,0.0,1.0,0.0,0.09090909090909091,0.0,0.0,0.0,0.0,0.15789473684210525,0.0,0.0,0.1111111111111111,0.09090909090909091,0.0,0.0,0.0,0.10714285714285714,0.0967741935483871,0.0,0.08333333333333333,"(5568, 5523, 5598)"
69,0.0,0.8888888888888888,0.3333333333333333,0.0,0.0,0.0,0.0,0.0,1.0,0.0,0.18181818181818182,0.0,0.0,0.0,1.0,0.3157894736842105,0.0,0.0,0.0,0.0,0.0,0.0,0.0,0.2857142857142857,0.1935483870967742,0.0,0.5,"(5792, 5668, 5924, 5674, 5907, 6006, 5974, 5948)"
70,0.6666666666666666,0.0,0.0,0.6666666666666666,0.6666666666666666,0.0,0.0,0.0,1.0,0.0,0.6666666666666666,0.0,0.2857142857142857,0.0,0.0,0.0,0.0,0.0,0.0,0.0,0.0,0.0,0.0,0.07142857142857142,0.0,0.0,0.6666666666666666,"(6570, 6542, 6566, 6258)"
71,0.0,1.0,0.0,0.6666666666666666,0.0,0.0,0.6666666666666666,0.5,0.6666666666666666,0.3333333333333333,0.0,0.0,0.0,0.0,0.0,0.0,0.0,0.0,0.0,0.3333333333333333,0.0,0.0,0.0,0.0,0.0,0.0,0.5,"(504, 497)"
72,0.0,0.0,0.7777777777777778,0.0,0.0,0.42857142857142855,0.0,0.0,0.0,0.0,0.2727272727272727,0.0,0.0,0.0,0.0,0.3684210526315789,0.17647058823529413,0.0,1.0,0.6363636363636364,0.0,0.0,0.0,0.25,0.2903225806451613,0.0,0.4166666666666667,"(5568, 5379, 5668, 5694, 5674, 5395, 5433, 5404, 5598)"
73,0.0,0.0,0.0,0.0,0.0,0.0,0.0,1.0,0.3333333333333333,0.0,0.2,0.0,0.0,0.25,0.0,0.8333333333333334,0.0,0.0,0.0,1.0,0.0,0.0,0.0,0.0,0.0,0.0,1.0,"(6468, 6437, 6502, 6348, 6399)"
74,0.0,0.8333333333333334,0.0,0.0,0.0,0.0,0.25,0.0,0.35714285714285715,1.0,0.45454545454545453,0.0,0.0,0.0,0.0,0.3125,0.0,0.0,0.2727272727272727,0.5555555555555556,0.0,0.0,0.0,0.0,0.0,0.0,0.5555555555555556,"(3523, 3588, 3493, 3661, 3637)"
75,0.0,0.6666666666666666,0.2222222222222222,0.4,0.4,0.2857142857142857,1.0,0.0,0.5,0.0,0.18181818181818182,0.0,0.0,0.0,0.0,0.10526315789473684,0.11764705882352941,0.0,0.2222222222222222,0.18181818181818182,0.0,0.0,0.0,0.07142857142857142,0.06451612903225806,0.0,0.16666666666666666,"(5360, 5433, 5395, 5404)"
76,0.8,0.0,0.0,0.2857142857142857,1.0,0.0,0.0,0.0,0.5,0.5454545454545454,0.0,0.0,0.0,0.0,0.0,0.0,0.0,0.0,0.0,0.0,0.0,0.8,0.5714285714285714,0.0,0.0,0.0,0.0,"(1699, 1733, 1734, 1735, 1738, 1780)"
77,0.0,0.4444444444444444,1.0,0.5,0.0,0.0,0.0,0.0,0.5,0.0,0.0,0.0,0.0,0.0,0.5,0.10526315789473684,0.5,0.0,0.0,0.0,0.0,0.0,0.0,0.14285714285714285,0.12903225806451613,0.5,0.16666666666666666,"(5924, 5907, 5909, 5974, 6006, 5948)"
78,0.0,0.5,0.0,0.0,0.0,0.0,0.0,0.0,0.21428571428571427,0.2,0.8181818181818182,0.0,0.0,0.0,0.0,0.5625,0.0,0.0,0.09090909090909091,1.0,0.0,0.0,0.0,0.0,0.0,0.0,1.0,"(3936, 3938, 3523, 3588, 3493, 4103, 3594, 3661, 3637)"
79,0.0,0.0,0.0,0.0,0.0,0.0,0.0,0.0,0.0,1.0,0.15384615384615385,0.0,1.0,0.0,0.0,1.0,0.0,0.0,0.26666666666666666,0.5714285714285714,0.0,0.0,0.0,0.0,0.0,0.0,0.3076923076923077,"(7953, 34, 13, 7958)"
80,0.0,0.0,0.0,0.0,0.0,0.0,0.0,1.0,0.0,0.0,0.7777777777777778,0.0,0.0,0.0,0.0,0.625,0.0,0.0,0.0,0.875,0.0,0.0,0.0,0.0,0.0,0.0,1.0,"(7489, 7010, 7303, 7177, 7530, 7219, 7030, 7384, 7419)"
81,0.0,0.3333333333333333,0.1111111111111111,1.0,0.2,0.42857142857142855,0.25,0.0,0.75,0.0,0.09090909090909091,0.0,0.0,0.0,0.0,0.15789473684210525,0.058823529411764705,0.0,0.3333333333333333,0.2727272727272727,0.0,0.0,0.0,0.03571428571428571,0.16129032258064516,0.0,0.08333333333333333,"(5379, 5395, 5433, 5404, 5469)"
82,0.0,0.2222222222222222,0.2222222222222222,0.0,0.0,0.0,0.0,0.0,0.25,0.0,0.5454545454545454,0.0,0.0,0.0,0.25,0.5263157894736842,0.0,0.0,0.2222222222222222,0.18181818181818182,0.0,0.0,0.0,0.42857142857142855,0.3870967741935484,0.0,1.0,"(5792, 5568, 5668, 5924, 5948, 5674, 5395, 6006, 5974, 5433, 5404, 5598)"
83,0.0,0.0,0.0,0.0,0.0,0.0,0.0,0.5,1.0,0.0,0.0,0.0,0.0,0.0,0.0,0.7142857142857143,0.0,0.5,0.5,0.5,0.0,0.0,0.0,0.0,0.0,0.0,0.5,"(385, 259, 5739, 5355, 6159)"
84,0.0,0.2,0.0,0.0,0.0,0.16666666666666666,0.2,0.16666666666666666,0.125,0.0,0.2,0.2,0.2,0.0,1.0,0.2,0.0,0.2,0.0,0.2,0.0,0.0,0.2,0.2,0.3888888888888889,0.2,0.08333333333333333,"(1347, 1699, 1738, 1267, 1780, 1301, 1303, 1241, 1055)"
85,0.0,0.6666666666666666,0.0,0.0,0.0,0.0,1.0,0.0,0.2857142857142857,0.4,0.36363636363636365,0.0,0.0,0.0,0.0,0.25,0.0,0.0,0.18181818181818182,0.4444444444444444,0.0,0.0,0.0,0.0,0.0,0.0,0.4444444444444444,"(3594, 3637, 3588, 3661)"
86,0.0,0.0,0.0,0.0,0.0,0.0,0.0,0.8888888888888888,0.0,0.0,0.6666666666666666,0.0,0.0,0.0,0.0,0.5,0.0,0.0,0.0,1.0,0.0,0.0,0.0,0.0,0.0,0.0,0.8888888888888888,"(7489, 7303, 7177, 7530, 7219, 7030, 7384, 7419)"
87,0.2,0.0,0.14285714285714285,0.7142857142857143,0.5,0.0,0.0,0.0,0.0,0.6363636363636364,0.041666666666666664,0.0,0.0,0.0,0.0,0.0,0.06666666666666667,0.0,0.0,0.0,0.0,0.6,1.0,0.0,0.0,0.0,0.0,"(1699, 1764, 1733, 1735, 1642, 1738, 1780)"
88,0.0,0.0,0.0,0.0,0.0,0.0,0.0,0.2,0.1111111111111111,0.5,0.0,0.0,0.0,0.2,0.0,0.07692307692307693,0.0,0.0,0.9,1.0,0.0,0.0,0.0,0.0,0.0,0.0,0.9,"(6881, 7335, 7049, 7189, 6806, 6711, 6709, 7166, 7518)"
89,0.0,0.0,0.0,0.0,0.0,0.0,0.0,0.7777777777777778,0.0,0.0,1.0,0.0,0.0,0.0,0.0,0.625,0.0,0.0,0.0,0.625,0.0,0.0,0.0,0.0,0.0,0.0,0.7777777777777778,"(7489, 7010, 7177, 7530, 7308, 7219, 7030, 7384, 7419)"
90,0.0,1.0,0.0,0.6,0.0,0.0,1.0,0.0,1.0,0.0,0.0,0.0,0.125,0.0,0.0,0.07692307692307693,0.0,0.0,0.0,0.0,0.0,0.0,0.0,0.0,0.0,0.0,0.0,"(1721, 1724, 1741)"
91,0.4,0.0,0.0,0.0,0.6666666666666666,0.0,0.0,0.0,1.0,0.36363636363636365,0.0,0.0,0.0,0.0,0.0,0.0,0.0,0.0,0.0,0.0,0.0,0.4,0.2857142857142857,0.0,0.0,0.6666666666666666,0.0,"(1738, 1733, 1734, 1735)"
92,0.0,0.0,0.2857142857142857,0.4,0.0,0.0,0.0,0.2857142857142857,0.2857142857142857,0.0,0.0,1.0,0.0,0.0,0.0,0.15384615384615385,0.13333333333333333,0.0,0.2,0.0,0.0,0.0,0.0,0.4,0.1111111111111111,0.3333333333333333,0.125,"(1880, 1644)"
93,0.0,0.5555555555555556,0.1111111111111111,1.0,0.0,0.0,0.0,0.0,0.375,0.0,0.2727272727272727,0.0,0.0,0.0,0.375,0.2631578947368421,0.0,0.0,0.1111111111111111,0.0,0.0,0.0,0.0,0.17857142857142858,0.16129032258064516,0.0,0.25,"(5792, 5668, 5674, 5948, 5694)"
94,0.0,0.0,0.0,0.0,0.0,0.0,0.0,0.6,1.0,0.0,0.06666666666666667,0.0,0.0,0.25,0.0,0.5,0.0,0.0,0.0,0.6,0.0,0.0,0.0,0.0,0.0,0.0,0.6,"(6468, 6437, 6502)"
95,0.0,0.0,0.0,0.0,0.0,0.0,0.0,1.0,0.0,0.0,0.05555555555555555,0.0,0.5,0.0,0.0,0.0,0.0,0.0,0.0,0.0,0.0,0.0,1.0,0.0,0.0,0.0,1.0,"(4514, 4291, 4501)"
96,0.0,0.0,0.0,0.0,0.0,0.0,0.0,0.8,0.0,0.0,0.13333333333333333,0.0,0.0,0.0,0.0,1.0,0.0,0.0,0.0,0.8,0.0,0.0,0.0,0.0,0.0,0.0,0.8,"(6468, 6437, 6502, 6348, 6397, 6399)"
97,0.0,0.0,0.0,0.0,0.0,0.0,0.0,0.6666666666666666,0.0,0.0,0.6666666666666666,0.0,0.0,0.0,0.0,1.0,0.0,0.0,0.0,0.5,0.0,0.0,0.0,0.0,0.0,0.0,0.6666666666666666,"(7010, 7303, 7177, 7530, 7308, 7219, 7030, 7419)"
98,0.0,0.16666666666666666,0.0,0.0,0.0,0.0,0.0,0.0,0.21428571428571427,0.0,1.0,0.0,0.0,0.0,0.0,0.4375,0.0,0.0,0.0,0.7777777777777778,0.0,0.0,0.0,0.0,0.0,0.0,0.7777777777777778,"(3936, 3938, 3523, 3588, 3493, 4103, 3594, 3885, 3661, 3472, 3637)"
99,0.4,0.0,0.0,0.0,0.0,0.4,0.0,0.0,0.0,0.0,0.15384615384615385,0.0,0.0,0.0,0.0,0.6153846153846154,0.0,0.0,0.0,0.4,0.0,0.0,0.0,1.0,0.0,0.0,0.4,"(7169, 6830, 7150, 6803, 7188, 6870, 7128, 7101)"
100,0.0,0.1111111111111111,0.3333333333333333,0.0,0.0,0.0,0.0,0.0,0.0,0.0,1.0,0.0,0.0,0.0,0.0,0.47368421052631576,0.0,0.0,0.1111111111111111,0.0,0.0,0.0,0.0,0.39285714285714285,0.3548387096774194,0.0,0.5833333333333334,"(5792, 5568, 5668, 5924, 5948, 5523, 5395, 5974, 5433, 5404, 5694)"
101,0.2,0.0,0.0,0.0,0.5,0.0,0.0,0.0,0.75,0.2727272727272727,0.0,0.0,0.0,0.0,0.0,0.0,0.0,0.0,0.0,0.2,0.0,0.2,0.14285714285714285,0.0,0.0,1.0,0.0,"(1733, 1734, 1735)"
102,0.0,0.0,0.0,0.0,0.0,0.0,0.0,0.0,0.0,0.3333333333333333,0.0,0.0,0.0,0.0,0.0,0.0,0.0,0.0,1.0,0.8888888888888888,0.0,0.0,0.0,0.0,0.0,0.0,1.0,"(6881, 7518, 6630, 7335, 7049, 7189, 6806, 6711, 6709, 7166)"
103,0.0,0.0,0.1111111111111111,1.0,0.0,0.0,0.0,0.16666666666666666,1.0,0.0,0.1111111111111111,0.0,0.0,0.0,0.0,0.14285714285714285,0.0,0.16666666666666666,0.16666666666666666,0.16666666666666666,0.0,0.0,0.0,0.0,0.0,0.0,0.16666666666666666,"(4922, 5204, 5047)"
104,0.0,0.0,0.0,0.0,0.0,0.0,0.0,0.875,0.0,0.0,0.0,0.0,0.0,0.0,0.0,0.7142857142857143,0.0,0.0,0.0,0.5833333333333334,0.0,0.0,0.0,0.0,0.0,0.0,1.0,"(4993, 5154, 4709, 4741, 4966, 4842, 4921, 5083, 4926)"
105,0.0,1.0,0.0,0.0,0.0,0.0,0.0,0.2,1.0,0.0,0.06666666666666667,0.0,0.0,0.0,0.0,0.5,0.0,0.0,0.0,0.2,0.0,0.0,0.0,0.0,0.0,0.0,0.2,"(6348, 6397, 6399)"
106,0.0,1.0,0.0,0.0,0.0,0.0,1.0,0.0,0.4,0.0,0.18181818181818182,0.0,0.0,0.0,0.0,0.125,0.0,0.0,0.0,0.2222222222222222,0.0,0.0,0.0,0.0,0.0,0.0,0.2222222222222222,"(3936, 3938)"
107,0.0,0.0,0.0,0.0,0.0,0.0,0.0,0.6666666666666666,0.0,0.0,0.1111111111111111,0.0,1.0,0.0,0.0,0.0,0.0,0.0,0.0,0.0,0.0,0.0,0.6666666666666666,0.0,0.0,0.0,0.6666666666666666,"(4514, 4291)"
108,0.0,0.0,0.0,0.2,0.0,0.0,0.0,0.0,1.0,0.0,0.2,0.16666666666666666,0.0,0.0,0.0,0.42857142857142855,0.125,0.0,0.0,0.42857142857142855,0.06666666666666667,0.0,0.2,0.058823529411764705,0.0,0.0,0.2,"(311, 366, 494)"
109,0.0,0.0,0.0,0.0,0.0,0.0,0.0,0.0,1.0,0.0,0.0,0.0,0.0,0.0,0.0,0.3333333333333333,0.0,0.8333333333333334,0.0,0.0,0.06666666666666667,0.0,0.0,0.0,0.0,0.0,0.8333333333333334,"(1575, 1645, 1903, 1459, 1910)"
110,0.0,0.0,0.0,0.0,1.0,0.0,0.0,0.0,0.0,0.0,1.0,0.0,0.0,0.0,0.0,0.0,0.0,0.0,0.0,0.0,0.0,0.0,1.0,0.0,0.06451612903225806,0.0,0.0,"(3136, 3364, 2982, 3335)"
111,0.0,0.0,0.0,0.0,0.0,0.0,0.0,0.0,1.0,0.0,0.0,0.0,0.0,0.0,0.0,0.0,0.0,0.0,0.0,1.0,0.0,0.0,0.0,0.0,0.0,0.0,1.0,"(2657, 2575)"
112,0.0,0.0,0.0,0.0,0.0,0.0,0.0,1.0,0.0,0.0,0.0,0.0,0.0,0.0,0.0,0.0,0.0,0.0,0.0,1.0,0.0,0.0,0.0,0.0,0.0,0.0,1.0,"(6653, 6615, 6853, 6087, 4009, 5804, 5933, 6285, 4338, 5213, 6071, 5434, 4795, 5949, 5567)"
113,0.0,0.0,0.0,0.0,0.0,0.0,0.5,0.0,1.0,0.0,0.0,0.0,0.0,0.0,0.0,0.14285714285714285,0.0,0.0,0.0,0.75,0.0,0.0,0.0,0.0,0.0,0.0,0.6,"(5017, 5252, 5158)"
114,0.0,0.0,0.3333333333333333,0.0,0.0,0.14285714285714285,0.0,0.0,0.0,0.0,0.0,0.0,0.0,0.0,0.0,0.2631578947368421,0.17647058823529413,0.0,0.5555555555555556,1.0,0.0,0.0,0.0,0.10714285714285714,0.16129032258064516,0.0,0.25,"(5568, 5379, 5668, 5159, 5433, 5257, 5674, 5395, 5273, 5404, 5598)"
115,0.2,0.0,0.14285714285714285,1.0,0.16666666666666666,0.0,0.0,0.0,0.0,0.45454545454545453,0.041666666666666664,0.0,0.0,0.0,0.0,0.0,0.06666666666666667,0.0,0.0,0.0,0.0,0.2,0.7142857142857143,0.0,0.0,0.0,0.0,"(1699, 1764, 1735, 1738, 1642, 1780, 1689)"
116,0.0,0.0,0.0,0.0,0.0,0.0,0.0,0.625,0.0,0.0,0.0,0.0,0.0,0.0,0.0,1.0,0.0,0.0,0.0,0.5833333333333334,0.0,0.0,0.0,0.0,0.0,0.0,0.7777777777777778,"(4993, 5154, 4741, 4966, 4921, 5083, 4926)"
117,0.0,0.0,0.0,0.0,0.0,0.0,0.0,1.0,0.0,0.0,0.0,0.0,0.0,0.0,0.0,0.5714285714285714,0.0,0.0,0.0,0.5,0.0,0.0,0.0,0.0,0.0,0.0,0.8888888888888888,"(4993, 5154, 4709, 4741, 4842, 4921, 5083, 4926)"
118,0.0,0.0,0.0,0.5,0.0,0.0,1.0,0.0,0.75,0.0,0.038461538461538464,0.0,0.0,0.0,0.0,0.14285714285714285,0.0,0.0,0.0,0.23076923076923078,0.0,0.0,0.0,0.0,0.0,0.0,0.21428571428571427,"(7753, 7789, 7718)"
119,0.0,0.0,0.0,1.0,0.0,0.0,0.0,0.2,0.6,0.3333333333333333,0.3333333333333333,0.0,0.0,0.0,0.0,0.0,0.0,0.0,0.0,0.2,0.0,0.0,0.0,0.0,0.0,0.0,0.2,"(5434, 5804, 5567)"
120,0.0,0.4,0.0,0.0,0.0,0.0,0.0,0.0,0.3333333333333333,0.0,0.0,0.0,0.0,0.0,0.0,0.4,1.0,0.0,0.0,0.4,0.0,0.0,0.0,0.0,0.0,0.0,0.3333333333333333,"(4192, 4497, 4337, 4309, 4373, 4185, 4222, 4121)"
121,0.0,0.0,0.0,0.0,0.0,0.0,1.0,0.0,0.6666666666666666,0.0,0.0,0.0,0.0,0.0,0.0,0.2857142857142857,0.0,0.0,0.0,0.5,0.0,0.0,0.0,0.0,0.0,0.0,0.4,"(5017, 5158)"
122,0.0,0.0,0.0,0.0,0.0,0.0,0.0,0.0,0.6,0.0,0.0,0.25,0.0,0.0,0.0,1.0,0.0,0.5,0.0,0.0,0.0,0.0,0.0,0.0,0.0,0.0,0.5,"(1903, 1910, 1575)"
123,0.0,0.6,0.0,0.0,0.0,0.0,0.0,0.0,1.0,0.0,0.0,0.0,0.0,0.0,0.0,0.29411764705882354,0.0,0.0,0.45454545454545453,0.0,0.0,0.0,0.0,0.0,0.0,0.0,0.4666666666666667,"(3074, 3107, 3303, 3143, 3194, 3068, 3133)"
124,0.0,0.0,0.0,0.0,0.0,0.0,0.2,0.0,0.2,0.0,0.5,0.0,0.0,0.0,0.0,1.0,0.0,0.0,0.0,0.45454545454545453,0.0,0.0,0.0,0.0,0.0,0.0,0.45454545454545453,"(4451, 4580, 4373, 4470, 4086)"
125,0.0,0.0,0.0,0.0,0.0,0.0,0.0,0.0,0.8,0.0,0.0,0.0,0.0,0.0,0.0,0.0,0.0,1.0,0.0,0.0,0.0,0.0,0.0,0.0,0.0,0.0,1.0,"(1575, 1645, 1903, 1488, 1459, 1910)"
126,0.0,0.0,0.0,0.0,0.0,0.0,0.0,0.0,0.0,0.0,0.0,0.0,0.0,0.0,0.0,0.8,0.0,0.0,0.0,1.0,0.0,0.0,0.0,0.0,0.0,0.0,1.0,"(3216, 3114, 3126, 2927)"
127,0.0,1.0,0.0,0.0,0.0,0.0,0.0,0.0,0.7142857142857143,0.0,0.0,0.0,0.0,0.0,0.0,0.17647058823529413,0.0,0.0,0.45454545454545453,0.0,0.0,0.0,0.0,0.0,0.0,0.0,0.3333333333333333,"(3074, 3107, 3143, 3068, 3133)"
128,0.0,0.3333333333333333,0.0,1.0,0.0,0.0,0.3333333333333333,0.14285714285714285,0.3333333333333333,0.0,0.0,0.0,0.0,0.0,0.0,0.23076923076923078,0.06666666666666667,0.0,0.1,0.0,0.0,0.0,0.0,0.0,0.0,0.0,0.0625,"(1644, 1741, 1880, 1721, 1724)"
129,0.0,0.0,0.0,0.0,0.0,0.0,0.0,0.3333333333333333,0.6,0.0,0.0,0.0,0.0,0.0,0.0,1.0,0.0,0.0,0.0,0.3333333333333333,0.0,0.0,0.0,0.0,0.0,0.0,0.3333333333333333,"(6615, 6087, 5933, 6071, 5949)"
130,0.0,0.0,0.0,0.0,0.0,0.0,0.0,0.4117647058823529,0.125,0.375,0.0,0.0,0.0,0.0,0.0,0.25,0.0,0.0,0.0,1.0,0.0,0.0,0.0,0.0,0.0,0.0,0.4117647058823529,"(2400, 2240, 2695, 2192, 2612, 2517, 2075)"
131,0.0,0.0,0.0,0.0,0.0,0.0,0.0,0.14285714285714285,0.14285714285714285,0.0,0.041666666666666664,0.0,0.0,0.0,0.0,1.0,0.4666666666666667,0.0,0.3,0.0,0.0,0.0,0.0,0.0,0.16666666666666666,0.0,0.3125,"(2017, 1699, 1829, 1449, 1738, 1644, 1580, 1741, 1937, 1780, 1880, 2075, 1724)"
132,0.0,0.0,0.0,1.0,0.0,0.0,0.6666666666666666,0.0,0.5,0.0,0.0,0.0,0.0,0.0,0.0,0.09523809523809523,0.0,0.0,0.0,0.15384615384615385,0.0,0.0,0.0,0.0,0.0,0.0,0.14285714285714285,"(7753, 7718)"
133,0.0,0.0,0.0,0.0,0.0,0.0,1.0,0.0,0.16666666666666666,0.0,0.0,0.0,0.0,0.0,0.0,0.5,0.0,0.0,0.0,0.1111111111111111,0.0,0.0,0.0,0.25,0.0,0.0,0.5294117647058824,"(6240, 6273, 6124, 6220, 6385, 6451, 6548, 6517, 6198)"
134,0.0,0.0,0.0,0.0,0.0,0.0,0.0,0.0,0.0,0.0,0.0,0.0,0.0,0.0,0.0,0.8461538461538461,0.0,0.0,0.0,0.6428571428571429,0.06666666666666667,0.0,0.0,0.0,0.0,0.0,1.0,"(768, 1125, 839, 937, 1036, 845, 1132, 1044, 1109, 858, 763)"
135,0.0,0.0,0.0,0.0,0.0,0.0,0.0,0.0,0.25,1.0,0.0,0.0,0.0,0.0,0.0,0.3,0.0,0.0,0.0,0.5,0.0,0.0,0.0,0.0,0.0,0.0,0.5,"(544, 203, 268, 397, 463, 443, 8223)"
136,0.0,0.0,0.0,0.0,0.0,0.0,0.0,0.4,0.0,0.0,0.0,0.0,0.0,1.0,0.0,0.3333333333333333,0.0,0.0,0.0,0.4,0.0,0.0,0.0,0.0,0.0,0.0,0.4,"(6604, 6348, 6437, 6502)"
137,0.0,0.0,0.0,0.0,0.0,0.0,0.0,0.0,0.0,0.0,0.0,0.0,0.0,0.0,0.0,1.0,0.0,0.0,0.0,0.75,0.0,0.0,0.0,0.0,0.0,0.0,0.75,"(2691, 3114, 2927, 3216, 3126)"
138,0.0,0.0,0.0,0.0,0.0,0.3333333333333333,0.0,0.25,0.0,0.5,0.0,0.0,0.0,0.0,0.0,1.0,0.0,0.0,0.0,0.16666666666666666,0.0,0.0,0.0,0.0,0.0,0.0,0.25,"(568, 496, 563, 504, 766)"
139,0.0,0.0,0.0,0.0,0.0,0.0,0.0,0.47058823529411764,0.25,1.0,0.0,0.0,0.0,0.0,0.0,0.0,0.0,0.0,0.0,0.2857142857142857,0.0,0.0,0.0,0.0,0.0,0.0,0.47058823529411764,"(2240, 2691, 2695, 2503, 2250, 2192, 2612, 2075)"
140,0.0,0.0,0.0,0.0,0.0,0.0,1.0,0.0,1.0,0.0,0.0,0.0,0.0,0.0,0.0,0.2857142857142857,0.0,0.0,0.0,0.0,0.0,0.0,0.0,0.0,0.0,0.0,0.18181818181818182,"(4840, 4819)"
141,0.0,0.0,0.0,0.0,0.0,0.0,0.0,0.0,0.6666666666666666,0.0,0.0,0.0,0.0,0.0,0.0,0.0,0.0,0.0,0.0,1.0,0.0,0.0,0.0,0.0,0.0,0.0,0.8,"(5017, 5084, 5252, 5158)"
142,0.0,0.0,0.0,0.0,0.0,0.0,0.0,0.0,0.0,0.0,0.0,0.0,0.0,0.0,0.0,1.0,0.0,0.0,0.0,0.6428571428571429,0.0,0.0,0.0,0.0,0.0,0.0,0.8181818181818182,"(768, 1125, 550, 839, 937, 1036, 845, 1132, 1044, 1109, 730, 763, 858)"
143,0.0,0.0,0.0,0.0,0.0,0.0,0.0,0.0,0.0,0.0,0.0,0.0,0.0,0.0,0.0,0.0,0.0,0.0,0.45454545454545453,1.0,0.0,0.0,0.0,0.0,0.0,0.0,1.0,"(4579, 3237, 3880, 3403, 3916, 3213, 3886, 3507, 2995, 4087, 3670, 3639, 4221, 3385, 4123, 4701, 4446)"
144,0.0,0.0,0.0,0.0,0.0,0.0,0.6666666666666666,0.0,1.0,0.0,0.0,0.0,0.0,0.0,0.0,0.19047619047619047,0.0,0.0,0.0,0.3076923076923077,0.0,0.0,0.0,0.0,0.0,0.0,0.2857142857142857,"(7616, 7753, 7789, 7718)"
145,0.0,0.0,0.0,0.0,0.0,0.0,1.0,0.0,0.6,0.0,0.1,0.0,0.0,0.0,0.0,0.2,0.0,0.0,0.0,0.45454545454545453,0.0,0.0,0.0,0.0,0.0,0.0,0.09090909090909091,"(4451, 4109, 4373, 4470, 4247)"
146,0.0,0.0,0.0,0.0,0.0,0.0,0.25,0.0,0.7142857142857143,0.0,0.0,0.0,0.0,0.0,0.0,1.0,0.25,0.0,0.0,0.0,0.0,0.0,0.0,0.0,0.0,0.0,0.2,"(195, 138, 305, 244, 149)"
147,0.0,0.0,0.0,0.0,0.0,0.0,0.0,0.0,0.0,0.0,0.20833333333333334,0.0,0.0,0.0,0.0,0.38461538461538464,1.0,0.0,0.1,0.0,0.0,0.0,0.0,0.0,0.2777777777777778,0.0,0.4375,"(1730, 1699, 1724, 1829, 1449, 1642, 1738, 1644, 1580, 1937, 1780, 1428, 1462, 1880, 1436)"
148,0.0,0.0,0.0,0.0,0.0,0.0,0.0,0.0,1.0,0.0,0.5,0.0,0.0,0.0,0.0,0.0,0.0,0.0,0.0,0.46153846153846156,0.0,0.0,0.0,0.0,0.0,0.0,0.42857142857142855,"(835, 744, 712, 656, 594, 735)"
149,0.0,0.0,0.0,0.3333333333333333,0.0,0.0,0.0,0.2,1.0,0.1111111111111111,0.3333333333333333,0.0,0.0,0.0,0.0,0.0,0.0,0.0,0.0,0.2,0.0,0.0,0.0,0.0,0.0,0.0,0.2,"(5804, 5434, 7994, 5213, 5567)"
150,0.0,0.0,0.0,0.0,0.0,0.0,0.0,0.0,0.0,0.0,0.0,0.0,0.0,0.0,0.0,0.75,0.0,0.0,0.0,0.5,0.0,0.0,0.0,0.0,0.05555555555555555,0.0,1.0,"(7877, 8137, 7665, 7379, 7450)"
151,0.0,0.0,0.0,0.0,0.0,0.0,0.0,0.0,0.0,0.25,0.038461538461538464,0.0,0.25,0.0,0.0,0.25,0.25,0.0,0.06666666666666667,1.0,0.0,0.0,0.0,0.0,0.0,0.0,0.2,"(34, 550, 13, 305, 7953, 149, 7958)"
152,0.0,0.0,0.0,0.0,0.0,0.0,0.0,0.23529411764705882,0.0,0.25,0.0,0.0,0.0,0.0,0.0,1.0,0.0,0.0,0.0,0.5714285714285714,0.0,0.0,0.0,0.0,0.0,0.0,0.23529411764705882,"(2240, 2612, 2517, 2695)"
153,0.0,0.0,0.0,1.0,0.0,0.0,0.0,0.0,1.0,0.0,0.0,0.0,0.0,0.0,0.0,0.2857142857142857,0.0,0.0,0.0,0.0,0.0,0.0,0.0,0.0,0.0,0.0,0.0,"(7514, 7631)"
154,0.0,0.0,0.0,0.0,0.0,0.0,0.0,0.0,0.0,0.2857142857142857,0.0,0.0,0.0,0.0,0.0,0.0,0.0,0.0,0.0,1.0,0.0,0.0,0.0,0.0,0.0,0.0,1.0,"(544, 8133, 268, 397, 463, 8146, 8084, 8024, 443, 8223)"
155,0.0,0.0,0.0,0.0,0.0,0.0,0.4444444444444444,0.0,1.0,0.0,0.0,0.0,0.0,0.0,0.0,0.3333333333333333,0.0,0.0,0.0,0.0,0.0,0.0,0.0,0.14285714285714285,0.0,0.0,0.35294117647058826,"(6273, 6180, 6385, 6451, 6548, 6517)"
156,0.0,0.0,0.0,0.0,0.0,0.0,0.6,0.0,1.0,0.0,0.1,0.0,0.0,0.0,0.0,0.2,0.0,0.0,0.0,0.2727272727272727,0.0,0.0,0.0,0.0,0.0,0.0,0.09090909090909091,"(4451, 4373, 4470, 4501, 4247)"
157,0.0,0.0,0.0,0.0,0.0,0.0,0.0,0.0,0.6666666666666666,0.0,1.0,0.0,0.0,0.0,0.0,0.0,0.0,0.0,0.0,0.3076923076923077,0.0,0.0,0.0,0.0,0.0,0.0,0.2857142857142857,"(744, 835, 656, 735)"
158,0.0,0.0,0.0,0.0,0.0,0.0,0.0,0.0,1.0,0.0,0.0,0.3333333333333333,0.0,0.0,0.0,0.2857142857142857,0.0,0.0,0.0,0.2857142857142857,0.0,0.0,0.0,0.11764705882352941,0.2222222222222222,0.0,0.0,"(152, 115, 19, 198)"
159,0.0,1.0,0.0,0.0,0.0,0.0,0.2222222222222222,0.0,0.5,0.0,0.0,0.0,0.0,0.0,0.0,0.1111111111111111,0.0,0.0,0.0,0.2222222222222222,0.0,0.0,0.0,0.07142857142857142,0.0,0.0,0.11764705882352941,"(6240, 6220)"
160,0.0,0.0,0.0,0.0,0.0,0.0,1.0,0.11764705882352941,0.25,0.25,0.0,0.0,0.0,0.0,0.0,0.5,0.0,0.0,0.0,0.0,0.0,0.0,0.0,0.0,0.0,0.0,0.11764705882352941,"(2192, 2250)"
161,0.0,0.0,0.0,0.0,0.0,0.0,0.0,0.23529411764705882,0.5,0.25,0.0,0.0,0.0,0.0,0.0,1.0,0.0,0.0,0.0,0.0,0.0,0.0,0.0,0.0,0.0,0.0,0.23529411764705882,"(2400, 2250, 2192, 2503)"
162,0.0,0.0,0.0,0.0,0.0,0.0,0.0,0.0,0.0,0.0,0.20833333333333334,0.0,0.0,0.0,0.0,1.0,0.0,0.0,0.0,0.0,0.0,0.0,0.0,0.0,0.0,0.0,1.0,"(1569, 1859, 1572, 1900, 1615, 1680, 1809, 1712, 1524, 1564, 1823)"
163,0.0,0.0,0.0,0.0,0.0,0.0,0.0,0.2,1.0,0.0,0.0,0.0,0.0,0.0,0.0,0.6,0.0,0.0,0.0,0.2,0.0,0.0,0.0,0.0,0.0,0.0,0.2,"(6087, 5933, 6071, 5949, 5982)"
164,0.0,0.0,0.0,0.0,0.0,0.0,0.0,0.0,0.16666666666666666,0.5,0.25,0.0,0.0,0.0,0.0,0.2,0.08333333333333333,0.0,0.0,0.0,0.0,0.0,0.0,0.0,0.0,0.0,1.0,"(568, 496, 607)"
165,0.0,0.0,0.0,1.0,0.0,0.0,0.0,0.0,0.25,0.0,0.5,0.0,0.0,0.0,0.0,0.0,0.0,0.0,0.0,0.0,0.0,0.0,0.0,0.0,0.0,0.0,0.4444444444444444,"(7625, 7826, 7859, 7751)"
166,0.0,0.0,0.0,0.0,0.0,0.0,0.0,0.47058823529411764,1.0,0.25,0.0,0.0,0.0,0.0,0.0,0.0,0.0,0.0,0.0,0.0,0.0,0.0,0.0,0.0,0.0,0.0,0.47058823529411764,"(2400, 2017, 2240, 2503, 2250, 2122, 2192, 2075)"
167,0.0,0.0,0.0,0.0,0.0,0.0,0.0,0.0,0.14285714285714285,0.0,0.0,0.0,0.0,0.0,0.0,0.2,0.4166666666666667,0.0,0.0,0.42857142857142855,0.0,0.0,0.0,0.0,0.0,0.0,1.0,"(550, 13, 305, 244, 149)"
168,0.0,0.0,0.0,0.0,0.0,0.0,0.0,0.0,0.0,0.0,0.0,0.0,0.0,0.0,0.0,0.5714285714285714,0.0,0.0,0.0,0.6153846153846154,0.0,0.0,0.0,0.0,0.0,0.0,1.0,"(7616, 7620, 7718, 7881, 7753, 7789, 8014, 7987, 7699, 7892, 7190, 7863, 7444, 8062)"
169,0.0,0.0,0.0,0.0,0.0,0.0,0.0,0.0,1.0,0.5714285714285714,0.0,0.0,0.0,0.0,0.0,0.2,0.0,0.0,0.0,0.2,0.0,0.0,0.0,0.0,0.0,0.0,0.2,"(544, 443, 268, 203)"
170,0.0,0.0,0.0,0.0,0.0,0.0,0.0,0.0,0.0,0.0,0.0,0.0,0.0,0.0,0.0,0.6153846153846154,0.0,0.0,0.0,1.0,0.0,0.0,0.0,0.0,0.0,0.0,0.5454545454545454,"(768, 1125, 839, 937, 1132, 845, 782, 1044, 1109, 730, 859, 763, 858, 863)"
171,0.0,0.0,0.0,0.0,0.0,1.0,0.3333333333333333,0.0,0.0,0.0,0.0,0.0,0.0,0.0,0.0,0.2777777777777778,0.0,0.0,0.0,0.3333333333333333,0.0,0.0,0.0,0.03571428571428571,0.0,0.0,0.17647058823529413,"(6240, 6273, 6124, 6575, 6451)"
172,0.0,0.0,0.0,0.0,0.0,0.0,0.0,0.25,0.0,0.0,0.6666666666666666,1.0,0.0,0.0,0.0,0.0,0.0,0.0,0.0,0.0,0.0,0.0,0.0,0.0,0.0,0.0,0.2222222222222222,"(4842, 4741)"
173,0.0,0.0,0.0,0.0,0.0,0.0,0.0,0.0,0.0,0.0,0.0,0.0,0.0,0.0,0.0,1.0,0.0,0.0,0.0,0.3333333333333333,0.0,0.0,0.0,0.0,0.0,0.0,0.8,"(8137, 7450, 7379, 7877)"
174,0.0,0.0,0.0,1.0,0.0,0.0,0.0,0.0,1.0,0.0,0.0,0.0,0.0,0.0,0.0,0.0,0.0,0.0,0.0,0.125,0.0,0.0,0.0,0.0,0.0,0.0,0.0,"(6096, 6105, 6129)"
175,0.0,0.0,0.0,0.0,0.0,0.0,0.0,0.0,1.0,0.0,0.0,0.0,0.75,0.0,0.0,0.0,0.13333333333333333,0.0,0.0,0.0,0.0,0.0,0.0,0.0,0.1111111111111111,0.0,0.125,"(1481, 1449, 1428, 1429, 1462, 1436)"
176,0.0,0.0,0.0,0.0,0.0,0.0,0.0,0.3333333333333333,0.0,1.0,0.1111111111111111,0.0,0.0,0.0,0.0,0.0,0.0,0.0,0.0,0.3333333333333333,0.0,0.0,0.0,0.0,0.0,0.0,0.3333333333333333,"(6615, 6853, 6280, 5804, 5204, 6071, 5434, 6653, 5567)"
177,0.0,0.0,0.0,0.0,0.0,0.0,0.0,0.0,1.0,0.0,0.1111111111111111,0.0,0.0,0.0,0.0,0.0,0.0,0.0,0.0,0.0,0.0,0.0,0.0,0.0,0.0,0.0,1.0,"(4336, 4454)"
178,0.0,0.0,0.0,0.0,0.0,0.0,0.0,0.0,0.0,0.0,0.09090909090909091,0.0,0.0,0.0,0.0,1.0,0.0,0.0,0.0,0.0,0.0,0.0,0.0,0.39285714285714285,0.3548387096774194,0.0,0.25,"(6019, 5252, 5907, 5523, 5395, 5273, 5404, 5792, 5924, 5668, 5674, 5433, 5948, 5694, 5568, 5084, 5469, 5598, 6006)"
179,0.0,0.0,0.0,0.0,0.0,0.0,0.0,0.0,1.0,0.0,0.041666666666666664,0.0,0.0,0.5,0.0,0.2727272727272727,0.0,0.0,0.0,0.0,0.0,0.0,0.0,0.0,0.0,0.0,0.2727272727272727,"(1564, 1572, 1615)"
180,0.0,0.0,0.0,0.0,0.0,0.0,0.0,0.0,0.3333333333333333,0.0,0.0,0.0,0.0,0.0,0.0,0.0,0.0,0.0,0.0,0.75,0.0,0.0,0.0,0.0,0.0,0.0,1.0,"(5252, 5158, 5360, 5017, 5084)"
181,0.0,0.0,0.0,0.0,0.0,0.0,0.0,0.0,0.0,0.0,0.0,0.0,0.0,0.0,0.0,0.42857142857142855,0.0,0.0,0.0,1.0,0.0,0.0,0.0,0.0,0.0,0.0,0.6428571428571429,"(7616, 7620, 7718, 7881, 7753, 7789, 7892, 7444, 7190, 7863, 7191, 8029, 8062)"
182,0.0,0.0,0.0,1.0,0.0,0.0,0.0,0.0,0.14285714285714285,0.0,0.08333333333333333,0.0,0.0,0.0,0.0,0.23076923076923078,0.0,0.0,0.0,0.07142857142857142,0.2,0.0,0.0,0.058823529411764705,0.0,0.0,0.2727272727272727,"(937, 858, 1036)"
183,0.0,0.0,0.0,0.0,0.0,0.0,0.0,0.1111111111111111,1.0,0.0,0.3333333333333333,0.0,0.0,0.0,0.0,0.375,0.0,0.0,0.0,0.125,0.0,0.0,0.0,0.0,0.0,0.0,0.1111111111111111,"(7177, 7219, 7308)"
184,0.0,0.0,0.0,0.0,0.0,0.0,0.0,0.0,0.3333333333333333,0.0,0.08333333333333333,0.0,0.25,0.0,0.0,1.0,0.13333333333333333,0.0,0.0,0.0,0.0,0.0,0.0,0.0,0.1111111111111111,0.0,0.125,"(1436, 1428)"
185,0.0,0.0,0.0,1.0,0.0,0.0,0.0,0.0,0.6,0.0,0.0,0.0,0.0,0.0,0.0,0.0,0.0,0.0,0.2,0.0,0.0,0.0,0.0,0.0,0.0,0.0,0.23076923076923078,"(7953, 7867, 7852)"
186,0.0,0.0,0.0,0.0,0.0,0.0,0.0,0.0,0.0,0.0,0.0,0.0,0.11764705882352941,0.0,0.0,1.0,0.0,0.0,0.0,0.4,0.0,0.0,0.0,0.0,0.0,0.0,0.5,"(5641, 5581, 5741, 5648, 6014, 5815, 5534, 5823)"
187,0.0,0.0,0.0,0.0,0.0,0.0,0.0,0.0,1.0,0.0,0.0,0.0,0.0,0.0,0.0,0.0,0.0,0.0,0.0,0.0,0.0,0.0,0.0,0.0,0.0,0.0,1.0,"(6901, 6770, 6813, 6762)"
188,0.0,0.0,0.0,0.0,0.0,0.0,0.0,0.0,0.5,0.0,0.0,0.0,0.0,0.0,0.0,1.0,0.0,0.0,0.0,0.0,0.0,0.0,0.0,0.0,0.0,0.0,0.5,"(6770, 6762)"
189,0.0,0.0,0.0,1.0,0.0,0.0,0.0,0.0,0.5,0.0,0.0,0.0,0.0,0.0,0.0,0.0,0.0,0.0,0.0,0.5,0.0,0.0,0.0,0.0,0.0,0.0,0.0,"(1488, 1511)"
190,0.0,0.0,0.0,0.0,0.0,0.0,0.0,0.0,1.0,0.0,0.0,0.0,0.0,0.0,0.0,0.0,0.0,0.0,0.0,0.0,0.0,0.0,0.0,0.0,0.0,0.0,1.0,"(5144, 5349, 5645)"
191,0.0,0.0,0.0,0.0,0.0,0.0,0.0,1.0,0.0,0.0,0.0,0.0,0.0,0.0,0.0,0.0,0.0,0.0,0.0,0.0,0.0,0.0,0.0,0.0,0.0,0.0,1.0,"(2400, 2017, 2625, 2691, 2240, 2503, 2695, 2075, 2250, 2442, 2122, 2192, 2612, 2517, 1946, 2299, 2556)"
192,0.0,0.0,0.0,0.0,0.0,0.0,0.0,0.0,1.0,0.0,0.0,0.0,0.0,0.0,0.0,0.0,0.0,0.0,0.0,0.0,0.0,0.0,0.0,0.0,0.0,0.0,1.0,"(1840, 1233, 1355, 1756)"
193,0.0,0.0,0.0,0.0,0.0,0.0,0.0,0.5,0.0,0.0,0.0,0.0,0.0,0.0,0.0,0.0,0.0,0.0,0.0,1.0,0.0,0.0,0.0,0.0,0.0,0.0,0.5,"(873, 814, 497, 563, 504, 766)"
194,0.0,0.0,0.0,0.0,0.0,0.0,0.0,0.25,0.0,0.0,0.0,0.0,0.0,0.0,0.0,0.2857142857142857,0.0,0.0,0.0,1.0,0.0,0.0,0.0,0.0,0.0,0.0,0.4444444444444444,"(4993, 5154, 4900, 4709, 4741, 4966, 5203, 4851, 4696, 4921, 5083, 4926)"
195,0.0,0.0,0.0,0.0,0.0,0.0,0.4444444444444444,0.0,1.0,0.0,0.0,0.0,0.0,0.0,0.0,0.2222222222222222,0.0,0.0,0.0,0.0,0.0,0.0,0.0,0.07142857142857142,0.0,0.0,0.23529411764705882,"(6240, 6124, 6198, 6220)"
196,0.0,0.0,0.0,0.0,0.0,0.0,1.0,0.0,0.5714285714285714,0.0,0.0,0.0,0.0,0.0,0.0,0.4,0.0,0.0,0.0,0.0,0.0,0.0,0.0,0.0,0.0,0.0,0.0,"(305, 138, 195, 147)"
197,0.0,0.0,0.0,0.0,0.0,0.0,0.0,0.0,1.0,0.16666666666666666,0.0,0.0,0.0,0.0,0.0,0.0,0.0,0.0,0.0,0.5,0.0,0.0,0.0,0.0,0.0,0.0,0.2857142857142857,"(1786, 1709)"
198,0.0,0.0,0.0,0.0,0.0,0.0,0.0,0.0,0.0,0.0,1.0,0.0,0.0,0.0,0.0,0.3333333333333333,0.0,0.0,0.0,0.3333333333333333,0.0,0.0,0.0,0.0,0.0,0.0,0.2857142857142857,"(2256, 2082, 2372, 2439)"
199,0.0,0.0,0.0,0.0,0.0,0.0,0.1111111111111111,0.0,0.0,0.0,0.0,0.0,0.0,0.0,0.0,0.3888888888888889,0.0,0.0,0.0,1.0,0.0,0.0,0.0,0.03571428571428571,0.0,0.0,0.4117647058823529,"(6240, 6273, 6537, 6220, 6477, 6575, 6641, 6385, 6451)"
200,0.0,0.0,0.0,0.5,0.0,0.0,0.0,0.0,0.0,0.0,1.0,0.0,0.0,0.0,0.0,0.0,0.0,0.0,0.0,0.0,0.0,0.0,0.0,0.0,0.0,0.0,0.4444444444444444,"(7559, 7625, 7859, 7751)"
201,0.0,0.0,0.0,0.0,0.0,0.0,0.0,0.0,0.0,0.0,0.0,0.0,0.0,0.0,0.0,0.0,0.0,0.0,0.0,1.0,0.0,0.0,0.0,0.0,0.0,0.0,0.9375,"(5601, 5923, 6085, 6150, 5641, 5741, 5581, 5648, 5982, 6014, 5531, 5884, 6077, 5534, 5823)"
202,0.0,0.0,0.0,0.0,0.0,0.0,0.0,0.0,0.0,0.0,0.0,0.0,0.0,0.0,0.0,0.0,0.0,0.0,0.0,0.9333333333333333,0.0,0.0,0.0,0.0,0.0,0.0,1.0,"(5601, 5923, 6085, 6150, 5641, 5741, 5581, 5648, 5982, 6014, 5815, 5531, 5884, 6077, 5534, 5823)"
203,0.0,0.0,0.0,0.0,0.0,0.0,0.25,0.0,1.0,0.0,0.0,0.0,0.0,0.0,0.0,0.6,0.08333333333333333,0.0,0.0,0.0,0.0,0.0,0.0,0.0,0.0,0.0,0.0,"(195, 138, 305, 147, 244, 149, 246)"
204,0.0,0.0,0.0,0.0,0.0,0.0,0.0,0.0,0.0,0.0,0.0,0.0,0.0,0.0,0.0,0.0,0.0,0.0,0.0,1.0,0.0,0.0,0.0,0.0,0.0,0.0,0.9285714285714286,"(835, 68, 742, 744, 712, 169, 491, 365, 302, 462, 656, 594, 735)"
205,0.0,0.0,0.0,0.0,0.0,0.0,0.0,0.0,0.6666666666666666,0.0,0.0,0.0,1.0,0.0,0.0,0.0,0.13333333333333333,0.0,0.0,0.0,0.0,0.0,0.0,0.0,0.0,0.0,0.125,"(1724, 1449, 1481, 1741, 1428, 1429, 1462, 1436)"
206,0.0,0.0,0.0,0.0,0.0,0.0,0.0,0.0,0.0,0.0,0.0,0.0,0.0,0.0,0.0,0.0,0.0,0.0,0.0,0.9230769230769231,0.0,0.0,0.0,0.0,0.0,0.0,1.0,"(835, 68, 742, 744, 712, 169, 491, 365, 302, 621, 462, 656, 594, 735)"
207,0.0,0.0,0.0,0.0,0.0,0.0,0.0,0.2222222222222222,1.0,0.0,0.2222222222222222,0.0,0.0,0.0,0.0,0.25,0.0,0.0,0.0,0.0,0.0,0.0,0.0,0.0,0.0,0.0,0.2222222222222222,"(7010, 7030)"
208,0.0,0.0,0.0,0.0,0.0,0.0,0.0,0.0,0.2857142857142857,0.0,0.18181818181818182,0.0,0.0,0.0,0.0,1.0,0.0,0.0,0.0,0.2222222222222222,0.0,0.0,0.0,0.0,0.0,0.0,0.2222222222222222,"(3936, 3361, 3938, 3523, 3588, 3493, 3974, 4103, 3846, 3401, 3594, 3592, 3661, 3953, 3729, 3637)"
209,0.0,0.0,0.0,0.0,0.0,0.0,0.0,0.0,1.0,0.0,0.0,0.0,0.0,0.0,0.0,0.0,0.0,0.0,0.0,0.0,0.0,0.0,0.0,0.0,0.0,0.0,0.9090909090909091,"(7043, 6438, 7398, 6123, 6860, 6414, 6930, 7156, 5976, 6330)"
210,0.0,0.0,0.0,0.0,0.0,0.0,0.0,0.0,0.9,0.0,0.0,0.0,0.0,0.0,0.0,0.0,0.0,0.0,0.0,0.0,0.0,0.0,0.0,0.0,0.0,0.0,1.0,"(7043, 6438, 7398, 6216, 6123, 6860, 6414, 6930, 7156, 5976, 6330)"
211,0.0,0.0,0.0,0.0,0.0,0.0,0.0,0.0,1.0,0.2857142857142857,0.0,0.0,0.0,0.0,0.0,0.2,0.0,0.0,0.0,0.2,0.0,0.0,0.0,0.0,0.0,0.0,0.2,"(397, 463)"
212,0.0,0.0,0.0,0.0,0.0,0.0,0.0,0.0,0.0,0.0,0.2692307692307692,0.0,0.0,0.0,0.0,0.0,0.0,0.0,0.6,0.0,0.0,0.0,0.0,0.0,0.0,0.0,1.0,"(7840, 7650, 7523, 34, 7850, 7852, 13, 7630, 7824, 7953, 7958, 7867, 7517)"
213,0.0,0.0,0.0,0.14285714285714285,0.16666666666666666,0.0,0.0,0.0,0.0,1.0,0.125,0.0,0.0,0.0,0.0,0.0,0.0,0.0,0.0,0.0,0.0,0.0,0.42857142857142855,0.0,0.0,0.0,0.0,"(1536, 1699, 1764, 1733, 1734, 1735, 1638, 1642, 1738, 1580, 1780)"
214,0.0,1.0,0.0,0.0,0.0,0.0,0.2222222222222222,0.0,0.3333333333333333,0.0,0.0,0.0,0.0,0.0,0.0,0.1111111111111111,0.0,0.0,0.0,0.0,0.0,0.0,0.0,0.07142857142857142,0.0,0.0,0.11764705882352941,"(6451, 6517)"
215,0.0,0.0,0.0,0.0,0.0,0.0,0.0,0.0,1.0,0.0,0.0,0.0,0.0,0.0,0.0,0.0,0.0,0.0,0.0,0.0,0.0,0.0,0.0,0.0,0.0,0.0,0.8333333333333334,"(3011, 2723, 2539, 2478, 3257)"
216,0.0,0.0,0.0,0.0,0.0,0.0,0.0,0.0,0.5,0.0,0.0,0.0,0.0,0.0,0.0,0.3333333333333333,0.0,0.0,0.0,0.0,0.0,0.0,0.0,0.0,0.0,0.0,1.0,"(7324, 7342, 7350)"
217,0.0,0.0,0.0,1.0,0.0,0.0,0.0,0.0,0.75,0.0,0.0,0.0,0.0,0.0,0.0,0.0,0.0,0.0,0.0,0.0,0.0,0.0,0.0,0.0,0.0,0.0,0.0625,"(4753, 4700, 4703)"
218,0.0,0.0,0.0,0.0,0.0,0.0,0.0,0.0,1.0,0.0,0.08333333333333333,0.0,0.0,0.0,0.0,0.36363636363636365,0.0,0.0,0.0,0.0,0.0,0.0,0.0,0.0,0.0,0.0,0.36363636363636365,"(1712, 1809, 1859, 1680)"
219,0.0,0.0,0.0,0.0,0.0,0.0,0.0,0.0,1.0,0.0,0.0,0.0,0.0,0.0,0.0,0.058823529411764705,0.0,0.0,0.0,0.0,0.0,0.0,0.0,0.0,0.0,0.0,0.75,"(3872, 3980, 3820, 3923, 3957)"
220,0.0,0.0,0.0,0.0,0.0,0.0,0.0,0.0,1.0,0.0,0.0,0.0,0.0,0.0,0.0,0.0,0.0,0.0,0.0,0.4,0.0,0.0,0.0,0.0,0.0,0.0,0.4,"(8024, 8084, 8133, 8223)"
221,0.0,0.0,0.0,0.0,0.0,0.0,0.0,0.0,0.8,0.0,0.0,0.0,0.0,0.0,0.0,0.0,0.0,0.0,0.0,0.0,0.0,0.0,0.0,0.0,0.0,0.0,1.0,"(3872, 3923, 3980, 3957)"
222,0.0,0.0,0.0,0.0,0.0,0.0,0.0,0.0,0.8,0.0,0.0,0.0,0.0,0.0,0.0,0.0,0.0,0.0,0.0,0.0,0.0,0.0,0.0,0.0,0.0,0.0,1.0,"(3011, 2723, 2539, 2478, 2905, 3257)"
223,0.0,0.0,0.0,0.0,0.0,0.0,0.0,0.0,1.0,0.0,0.0,0.0,0.0,0.6666666666666666,0.0,0.0,0.0,0.0,0.0,0.0,0.0,0.0,0.0,0.0,0.0,0.0,0.125,"(1969, 2003)"
224,0.0,0.0,0.0,0.0,0.0,0.5,0.0,0.0,0.0,0.2857142857142857,0.0,0.0,0.0,1.0,0.0,0.0,0.0,0.0,0.0,0.0,0.0,0.0,0.0,0.0,0.0,0.0,0.0,"(2256, 2657)"
225,0.0,0.0,0.0,0.0,0.0,0.0,0.0,0.0,0.0,0.0,0.0,0.0,0.0,0.0,0.0,0.15384615384615385,0.4,0.0,0.0,0.0,0.0,0.0,0.0,0.0,0.2222222222222222,0.0,1.0,"(1724, 1699, 1829, 1481, 1738, 1644, 1580, 1870, 1969, 1937, 2003, 1428, 1429, 1780, 1880, 1436)"
226,0.0,0.0,0.0,0.0,0.0,0.0,0.0,0.0,1.0,0.0,0.2,0.0,0.058823529411764705,0.0,0.0,0.125,0.0,0.0,0.0,0.2,0.0,0.0,0.0,0.0,0.0,0.0,0.1875,"(5641, 6077, 5741)"
227,0.0,0.0,0.0,0.0,0.0,0.0,0.0,0.0,0.0,0.0,0.0,0.0,0.0,0.0,0.0,0.7647058823529411,0.0,0.0,0.0,0.0,0.0,0.0,0.0,0.0,0.0,0.0,1.0,"(3521, 3074, 3107, 4548, 3143, 3303, 3820, 3693, 3377, 3605, 4022, 4121, 3194, 3068, 3133)"
228,0.0,0.0,0.0,0.3333333333333333,0.0,0.0,0.0,0.0,1.0,0.0,0.0,0.0,0.0,0.0,0.0,0.0,0.0,0.0,0.2,0.0,0.0,0.0,0.0,0.0,0.0,0.0,0.23076923076923078,"(7840, 8073, 7852, 7953, 7867)"
229,0.0,0.0,0.0,0.0,0.0,0.0,0.0,0.0,0.0,0.0,0.3,0.0,0.0,0.0,0.0,0.0,0.0,0.0,0.0,1.0,0.0,0.0,0.0,0.0,0.0,0.0,0.45454545454545453,"(4769, 4451, 4580, 4998, 4172, 4109, 4626, 4373, 4470, 4247, 4086)"
230,0.0,0.0,0.0,0.0,0.0,0.0,0.0,0.0,0.0,0.0,0.3,0.0,0.0,0.0,0.0,0.0,0.0,0.0,0.0,0.45454545454545453,0.0,0.0,0.0,0.0,0.0,0.0,1.0,"(4769, 4451, 4580, 4998, 4840, 4975, 4626, 4819, 4373, 4470, 4086)"
231,0.0,0.0,0.0,0.0,0.0,0.0,0.0,0.0,0.25,0.0,0.0,0.0,0.0,0.0,0.0,1.0,0.0,0.0,0.0,0.0,0.0,0.0,0.0,0.0,0.0,0.0,0.5,"(1347, 1159, 1645, 1744, 1267, 1076, 1301, 1143, 1241, 1303)"
232,0.0,0.0,0.0,1.0,0.0,0.0,0.0,0.0,0.4,0.0,0.1111111111111111,0.0,0.0,0.0,0.0,0.0,0.0,0.0,0.0,0.11764705882352941,0.0,0.0,0.0,0.0,0.0,0.0,0.11764705882352941,"(3670, 3639)"
233,0.0,0.0,0.0,0.0,0.0,0.0,0.0,0.0,1.0,0.0,0.0,0.0,0.0,0.0,0.0,0.0,0.0,0.0,0.0,0.38461538461538464,0.0,0.0,0.0,0.0,0.0,0.0,0.35714285714285715,"(68, 491, 365, 462, 302)"
234,0.0,0.0,0.0,0.0,0.0,0.0,0.0,0.125,0.0,0.0,1.0,0.5,0.0,0.0,0.0,0.0,0.0,0.0,0.0,0.0,0.0,0.0,0.0,0.0,0.0,0.0,0.1111111111111111,"(4842, 4701, 4741)"
235,0.0,0.0,0.0,0.0,0.0,0.0,0.0,0.0,0.0,0.0,0.0,0.0,0.0,0.0,0.0,1.0,0.0,0.0,0.0,0.0,0.0,0.0,0.0,0.0,0.0,0.0,0.7333333333333333,"(3872, 3521, 3074, 3107, 4548, 3303, 3820, 3693, 3377, 3923, 3605, 4022, 4791, 4121, 3194, 3068, 3133)"
236,0.0,0.0,0.0,0.0,0.0,1.0,0.0,0.0,0.0,0.0,0.15384615384615385,0.0,0.0,0.0,0.0,0.0,0.0,0.0,0.26666666666666666,0.0,0.0,0.0,0.0,0.0,0.0,0.0,0.3076923076923077,"(7953, 7523, 7630, 7958)"
237,0.0,0.0,0.0,0.0,0.0,0.0,0.0,0.0,0.0,0.0,1.0,0.0,0.0,0.0,0.0,0.0,0.0,0.0,0.0,0.36363636363636365,0.0,0.0,0.0,0.0,0.0,0.0,0.36363636363636365,"(4451, 4580, 4998, 4041, 4626, 4373, 4470, 4086, 3961, 5017)"
238,0.0,0.0,0.0,0.0,0.0,0.0,0.1111111111111111,0.0,0.0,0.0,0.0,0.0,0.0,0.0,0.0,0.6111111111111112,0.0,0.0,0.0,0.0,0.0,0.0,0.0,0.0,0.0,0.0,1.0,"(6240, 6273, 6852, 6180, 6889, 6537, 6124, 6220, 6477, 6385, 6641, 6451, 6644, 6517, 6548, 6198, 6649)"
239,0.0,0.0,0.0,0.0,0.0,0.0,0.0,0.0,1.0,0.0,0.0,0.0,0.0,0.0,0.0,0.23076923076923078,0.0,0.0,0.0,0.21428571428571427,0.0,0.0,0.0,0.0,0.0,0.0,0.2727272727272727,"(1125, 1132, 1044, 1109, 1048)"
240,0.0,0.0,0.0,0.0,0.0,0.0,0.0,0.2,0.0,0.1111111111111111,1.0,0.0,0.0,0.0,0.0,0.0,0.0,0.0,0.0,0.2,0.0,0.0,0.0,0.0,0.0,0.0,0.2,"(6615, 5804, 5204, 5047, 5434, 4795, 5213, 7006, 5567)"
241,0.0,0.0,0.0,0.0,0.0,0.0,0.0,0.2222222222222222,1.0,0.0,0.0,0.0,0.0,0.0,0.0,0.0,0.0,0.0,0.0,0.25,0.0,0.0,0.0,0.0,0.0,0.0,0.2222222222222222,"(7384, 7303)"
242,0.0,0.0,0.0,0.0,0.0,0.0,0.0,0.0,0.5,0.0,0.0,0.0,0.0,1.0,0.0,0.0,0.0,0.0,0.0,0.0,0.0,0.0,0.0,0.0,0.0,0.0,0.1875,"(1880, 1969, 2003)"
243,0.0,0.0,0.0,0.0,0.0,0.0,0.0,0.0,1.0,0.0,0.0,0.0,0.0,0.0,0.0,0.1111111111111111,0.0,0.0,0.0,0.4444444444444444,0.0,0.0,0.0,0.0,0.0,0.0,0.11764705882352941,"(6641, 6537, 6477, 6575)"
244,0.0,0.0,0.0,0.0,0.0,0.0,0.0,0.0,1.0,0.0,0.0,0.0,0.0,0.0,0.0,0.0,0.0,0.0,0.0,0.0,0.0,0.0,0.0,0.0,0.0,0.0,0.6666666666666666,"(7324, 7342)"
245,0.0,0.0,0.0,0.0,0.0,0.0,0.0,0.0,0.6666666666666666,0.0,0.0,0.0,0.0,0.0,0.0,1.0,0.0,0.0,0.0,0.0,0.0,0.0,0.0,0.0,0.0,0.0,0.0,"(6619, 6604)"
246,0.0,0.0,0.0,1.0,0.0,0.0,0.0,0.0,0.6666666666666666,0.0,0.0,0.0,0.0,0.0,0.0,0.0,0.0,0.0,0.0,0.0,0.0,0.0,0.0,0.0,0.0,0.0,0.0,"(5808, 5853)"
247,0.0,0.0,0.0,0.6666666666666666,0.0,0.0,0.0,0.0,1.0,0.0,0.0,0.0,0.0,0.0,0.0,0.0,0.0,0.0,0.0,0.0,0.0,0.0,0.0,0.0,0.0,0.0,0.0,"(4753, 4700, 4789, 4703)"
248,0.0,0.0,0.0,0.0,0.2,0.0,0.0,0.0,1.0,0.0,0.0,0.0,0.0,0.0,0.0,0.0,0.0,0.0,0.0,0.0,0.0,0.0,0.0,0.0,0.03225806451612903,0.0,0.42857142857142855,"(5862, 5899, 5707, 5717, 5656)"
249,0.0,0.0,0.0,0.0,0.0,0.0,0.0,0.0,0.25,0.0,0.0,0.0,0.0,0.0,0.0,0.4,0.0,0.0,0.0,0.0,0.0,0.0,0.0,0.0,0.0,0.0,1.0,"(1089, 1282, 1347, 1386, 1645, 1744, 1267, 948, 1301, 1143, 1241, 1303)"
250,0.0,0.0,0.0,0.25,0.0,0.0,0.0,0.0,1.0,0.0,0.3333333333333333,0.0,0.0,0.0,0.0,0.0,0.0,0.0,0.0,0.0,0.0,0.0,0.0,0.0,0.0,0.0,0.058823529411764705,"(6649, 6644, 6638)"
251,0.0,0.0,0.0,0.25,0.0,0.0,0.0,0.0,0.3333333333333333,0.0,1.0,0.0,0.0,0.0,0.0,0.0,0.0,0.0,0.0,0.0,0.0,0.0,0.0,0.0,0.0,0.0,0.058823529411764705,"(6649, 6852, 6638)"
252,0.0,0.0,0.0,0.0,0.0,0.0,0.0,0.0,0.0,0.0,0.0,0.0,0.0,0.0,0.0,1.0,0.0,0.0,0.0,0.0,0.0,0.0,0.0,0.0,0.0,0.0,0.6363636363636364,"(5122, 5124, 5167, 4944, 4959, 5399, 5336, 5177, 5242, 5435, 5055)"
253,0.0,0.0,0.0,0.0,0.0,0.0,0.0,0.0,0.0,0.0,0.0,0.0,0.0,0.0,0.0,0.6363636363636364,0.0,0.0,0.0,0.0,0.0,0.0,0.0,0.0,0.0,0.0,1.0,"(5055, 5124, 5260, 5167, 4944, 5399, 5336, 5177, 5242, 4893, 4959)"
254,0.0,0.0,0.0,0.0,0.0,0.0,0.0,0.0,1.0,0.0,0.0,0.0,0.0,0.0,0.0,0.0,0.0,0.0,0.0,0.0,0.0,0.0,0.0,0.0,0.12903225806451613,0.0,0.5,"(4348, 4324, 4462, 4391)"
255,0.0,0.0,0.0,0.0,0.0,0.0,0.0,0.0,0.5,0.0,0.0,0.0,0.0,0.0,0.0,0.0,0.0,0.0,0.0,0.0,0.0,0.0,0.0,0.0,0.12903225806451613,0.0,1.0,"(4348, 4324, 4089, 4391)"
256,0.0,0.0,0.0,0.0,1.0,0.0,0.0,0.0,0.2,0.0,0.0,0.0,0.0,0.0,0.0,0.0,0.0,0.0,0.0,0.0,0.0,0.0,0.0,0.0,0.0,0.0,0.42857142857142855,"(5861, 5862, 5707, 814, 5656)"
257,0.0,0.0,0.0,0.0,0.0,0.0,0.0,0.13333333333333333,1.0,0.2222222222222222,0.0,0.0,0.0,0.0,0.0,0.0,0.0,0.0,0.0,0.13333333333333333,0.0,0.0,0.0,0.0,0.0,0.0,0.13333333333333333,"(6853, 6615)"
258,0.0,0.0,0.0,0.0,0.0,0.0,0.0,0.0,0.0,0.0,0.0,0.0,0.0,0.0,0.0,0.36363636363636365,0.0,0.0,0.0,0.25,0.0,0.0,0.0,0.0,0.0,0.0,1.0,"(5608, 5514, 5996, 5950, 5721, 5790)"
259,0.0,0.0,0.0,0.0,0.0,0.0,0.0,0.0,0.0,0.0,0.0,0.0,0.0,1.0,0.0,0.15384615384615385,0.0,0.0,0.0,0.14285714285714285,0.13333333333333333,0.0,0.0,0.0,0.0,0.0,0.18181818181818182,"(858, 1125)"
260,0.0,0.0,0.0,1.0,0.0,0.0,0.0,0.0,0.2,0.0,0.05555555555555555,0.0,0.0,0.0,0.0,0.0,0.0,0.0,0.0,0.17647058823529413,0.0,0.0,0.0,0.0,0.0,0.0,0.17647058823529413,"(3403, 3237, 3213)"
261,0.0,0.0,0.0,0.0,0.0,0.0,0.0,0.0,0.6,0.0,0.0,0.0,0.0,0.0,0.0,0.0,0.0,0.0,0.0,0.0,0.0,0.0,0.0,0.0,0.0,0.0,1.0,"(3168, 3120, 3092)"
262,0.0,0.0,0.0,0.0,0.0,0.0,0.0,0.0,0.6,0.0,0.0,0.0,0.0,0.0,0.0,0.0,0.0,0.0,0.0,0.0,0.0,0.0,0.0,0.0,0.0,0.0,1.0,"(4960, 5596, 5541)"
263,0.0,0.0,0.0,1.0,0.0,0.0,0.0,0.0,0.0,0.0,0.0,0.0,0.0,0.0,0.0,0.0,0.0,0.0,0.0,0.0,0.0,0.0,0.0,0.0,0.0,0.0,0.6,"(1114, 540, 86)"
264,0.0,0.0,0.0,0.0,0.0,0.0,0.0,0.0,0.0,0.0,0.0,0.0,0.0,0.0,0.0,1.0,0.0,0.0,0.0,0.0,0.0,0.0,0.0,0.0,0.0,0.0,0.5882352941176471,"(6240, 6273, 6852, 6180, 6889, 6537, 6121, 6124, 6220, 6477, 6575, 6385, 6258, 6451, 6548, 6517, 6198, 6265)"
265,0.0,0.0,0.0,0.0,0.0,0.0,0.0,0.0,0.0,0.0,0.038461538461538464,0.0,0.0,0.0,0.0,0.0,0.0,0.0,1.0,0.0,0.0,0.0,0.0,0.0,0.0,0.0,0.5384615384615384,"(7840, 34, 7523, 7778, 7850, 7852, 13, 7630, 7824, 7953, 7698, 7765, 7958, 7736, 7867)"
266,0.0,0.0,0.0,0.0,0.0,0.0,0.0,0.0,0.0,0.0,0.0,0.0,0.0,0.0,0.0,0.5714285714285714,0.0,0.0,0.0,0.0,0.0,0.0,0.0,0.0,0.0,0.0,1.0,"(7769, 7818, 7910, 7903)"
267,0.0,0.0,0.0,0.0,0.0,0.0,0.0,0.0,0.0,0.0,0.0,0.0,0.0,0.0,0.0,0.0,0.0,0.0,0.0,1.0,0.0,0.0,0.0,0.0,0.0,0.0,0.5714285714285714,"(2048, 1786, 1920, 1709)"
268,0.0,0.0,0.0,0.0,0.0,0.0,0.0,0.0,0.0,0.0,0.0,0.0,0.17647058823529413,0.0,0.0,0.0,0.0,0.0,1.0,0.2,0.0,0.0,0.0,0.0,0.0,0.0,0.1875,"(5648, 5601, 5531)"
269,0.0,0.0,0.0,0.0,0.0,0.0,0.0,0.0,1.0,0.0,0.2,0.0,0.0,0.0,0.0,0.0,0.0,0.0,0.0,0.18181818181818182,0.0,0.0,0.0,0.0,0.0,0.0,0.18181818181818182,"(4626, 4580)"
270,0.0,0.0,0.0,0.0,0.0,0.0,0.0,0.0,1.0,0.0,0.16666666666666666,0.0,0.0,0.0,0.0,0.0,0.0,0.0,0.0,0.17647058823529413,0.0,0.0,0.0,0.0,0.0,0.0,0.17647058823529413,"(3237, 3213, 3953, 3670, 3639)"
271,0.0,0.0,0.0,0.5,0.0,0.0,0.0,0.0,1.0,0.0,0.0,0.0,0.0,0.0,0.0,0.0,0.0,0.0,0.0,0.0,0.0,0.0,0.0,0.0,0.0,0.0,0.0,"(5808, 5885, 5853)"
272,0.0,0.0,0.0,0.0,0.0,0.0,0.0,0.0,0.5,0.0,0.0,0.0,0.0,0.0,0.0,0.0,0.0,0.0,0.0,1.0,0.0,0.0,0.0,0.0,0.0,0.0,0.0,"(1488, 1511, 1484, 1575)"
273,0.0,0.0,0.0,0.0,0.0,0.0,0.0,0.0,1.0,0.0,0.0,0.0,0.0,0.0,0.0,0.0,0.0,0.0,0.0,0.5,0.0,0.0,0.0,0.0,0.0,0.0,0.0,"(1488, 1484, 1837, 1511)"
274,0.0,0.0,0.0,0.0,0.0,0.0,0.0,0.0,1.0,0.0,0.0,0.0,0.0,0.0,0.0,0.5,0.0,0.0,0.0,0.0,0.0,0.0,0.0,0.0,0.0,0.0,0.0,"(6483, 6604, 6619)"
275,0.0,0.0,0.0,0.0,0.0,0.0,0.0,0.0,0.5,0.0,0.0,0.0,0.0,0.0,0.0,0.0,0.0,0.0,0.0,0.0,0.0,0.0,0.0,0.0,0.0,0.0,1.0,"(6324, 6404)"
276,0.0,0.0,0.0,0.0,0.0,0.0,0.0,0.0,1.0,0.0,0.0,0.0,0.0,0.0,0.0,0.0,0.0,0.0,0.0,0.0,0.0,0.0,0.0,0.0,0.0,0.0,0.5,"(291, 390, 8104, 23, 87, 88)"
277,0.0,0.0,0.0,0.0,0.0,0.0,0.0,0.125,1.0,0.0,0.0,0.0,0.0,0.0,0.0,0.0,0.0,0.0,0.0,0.25,0.0,0.0,0.0,0.0,0.0,0.0,0.1111111111111111,"(4696, 4741, 4709)"
278,0.0,0.0,0.0,0.0,0.0,0.0,0.0,0.0,0.0,0.0,0.0,0.0,0.0,0.0,0.0,1.0,0.0,0.0,0.0,0.0,0.0,0.0,0.0,0.375,0.0,0.0,0.1111111111111111,"(7169, 6404, 7150, 6830, 6674, 6803, 7188, 6549, 6550, 6870, 7128, 6971, 7101)"
279,0.0,0.0,0.0,0.0,0.0,0.0,0.0,0.0,1.0,0.0,0.1,0.0,0.0,0.0,0.0,0.17647058823529413,0.0,0.0,0.0,0.0,0.0,0.0,0.0,0.0,0.0,0.0,0.2,"(3521, 3605, 3693)"
280,0.0,0.0,0.0,0.0,0.0,0.0,0.0,0.23529411764705882,1.0,0.0,0.0,0.0,0.0,0.0,0.0,0.0,0.0,0.0,0.0,0.0,0.0,0.0,0.0,0.0,0.0,0.0,0.23529411764705882,"(2625, 2442, 2299, 2556)"
281,0.0,0.0,0.0,0.0,0.0,0.0,0.0,0.125,1.0,0.0,0.0,0.0,0.0,0.0,0.0,0.14285714285714285,0.0,0.0,0.0,0.08333333333333333,0.0,0.0,0.0,0.0,0.0,0.0,0.1111111111111111,"(4993, 4938, 4921)"
282,0.0,0.0,0.0,0.0,0.0,0.0,0.0,0.0,1.0,0.0,0.0,0.0,0.0,0.0,0.0,0.07692307692307693,0.0,0.0,0.0,0.0,0.0,0.0,0.0,0.29411764705882354,0.0,0.0,0.09090909090909091,"(839, 937, 1002, 1036, 1202, 1174, 763)"
283,0.0,0.0,0.0,0.0,0.0,1.0,0.0,0.0,0.125,0.0,0.0,0.0,0.0,0.0,0.0,0.0,0.0,0.0,0.0,0.0,0.0,0.0,0.0,0.0,0.0,0.0,0.3333333333333333,"(7559, 7754, 7826, 7859, 7613)"
284,0.0,0.0,0.0,0.0,0.0,0.0,0.0,0.0,1.0,0.0,0.08333333333333333,0.0,0.0,0.0,0.0,0.18181818181818182,0.0,0.0,0.0,0.0,0.0,0.0,0.0,0.0,0.0,0.0,0.18181818181818182,"(1569, 1524)"
285,0.0,0.0,0.0,0.0,0.0,0.0,0.0,0.0,1.0,0.0,0.0,0.0,0.0,0.0,0.0,0.0,0.0,0.0,0.0,0.3333333333333333,0.0,0.0,0.0,0.0,0.1111111111111111,0.0,0.0,"(7665, 7524, 7541, 7764)"
286,0.0,0.0,0.0,0.0,0.0,0.0,0.0,0.0,1.0,0.0,0.0,0.0,0.0,0.0,0.0,0.0,0.0,0.0,0.0,0.0,0.0,0.0,0.0,0.0,0.0,0.0,0.4444444444444444,"(7625, 7754, 7826, 7859, 8020, 7929, 7995, 7964)"
287,0.0,0.0,0.0,0.0,0.0,0.0,0.0,0.0,0.0,0.0,0.0,0.0,0.0,0.0,0.0,1.0,0.0,0.0,0.0,0.07692307692307693,0.0,0.0,0.0,0.0,0.0,0.0,0.35714285714285715,"(7699, 7444, 7718, 43, 8238, 7987, 7863, 7616, 7620, 8133, 8007, 7881, 7753, 8014, 7892, 8149, 8024, 8029, 7517, 7789, 8062)"
288,0.0,0.0,0.0,0.0,0.0,0.25,0.0,0.0,1.0,0.0,0.038461538461538464,0.0,0.0,0.0,0.0,0.0,0.0,0.0,0.06666666666666667,0.0,0.0,0.0,0.0,0.0,0.0,0.0,0.07692307692307693,"(7523, 7630, 7518)"
289,0.0,0.0,0.0,0.0,0.0,0.0,0.0,0.0,1.0,0.0,0.0,0.0,0.0,0.0,0.0,0.0,0.0,0.0,0.0,0.42857142857142855,0.0,0.0,0.0,0.0,0.0,0.0,0.0,"(768, 845, 782, 858, 859, 863)"
290,0.0,0.0,0.0,0.0,0.0,0.0,0.0,0.0,0.0,0.0,0.0,0.0,0.0,0.0,0.0,1.0,0.0,0.0,0.0,0.0,0.0,0.0,0.0,0.0,0.0,0.0,0.42857142857142855,"(2561, 2372, 2439, 2351, 2256, 2200)"
291,0.0,0.0,0.0,0.0,0.0,0.0,0.0,0.0,0.0,0.0,0.0,0.0,0.0,0.0,0.0,0.0,0.0,0.0,0.0,1.0,0.0,0.0,0.0,0.0,0.0,0.0,0.42857142857142855,"(2561, 2082, 2372, 2256, 2072, 2396)"
292,0.0,0.0,0.0,0.0,0.0,0.0,0.0,0.0,1.0,0.0,0.0,0.0,0.0,0.0,0.0,0.0,0.0,0.0,0.18181818181818182,0.11764705882352941,0.0,0.0,0.0,0.0,0.0,0.0,0.11764705882352941,"(3385, 2995)"
293,0.0,0.0,0.0,0.0,0.0,0.0,0.0,0.0,1.0,0.0,0.0,0.0,0.0,0.0,0.0,0.0,0.0,0.0,0.0,0.0,0.0,0.0,0.0,0.0,0.0,0.0,0.4,"(737, 644)"
294,0.0,0.0,0.0,0.0,0.0,0.0,0.0,0.0,0.0,0.0,0.0,0.0,0.0,0.0,0.0,0.0,0.0,0.0,0.0,1.0,0.0,0.0,0.0,0.0,0.0,0.0,0.4,"(7524, 8137, 7665, 7379, 7764, 7450)"
295,0.0,0.0,0.0,0.0,0.0,0.0,0.0,0.13333333333333333,1.0,0.0,0.0,0.0,0.0,0.0,0.0,0.0,0.0,0.0,0.0,0.13333333333333333,0.0,0.0,0.0,0.0,0.0,0.0,0.13333333333333333,"(6653, 6285)"
296,0.0,0.0,0.0,0.0,0.2,0.0,0.0,0.0,0.2,0.0,0.0,0.0,0.0,0.0,0.0,0.0,0.0,0.0,0.0,0.0,0.0,0.0,0.0,0.0,0.0,0.0,1.0,"(5861, 5862, 6121, 5899, 5707, 5909, 5656)"
297,0.0,0.0,0.0,0.0,0.0,0.0,0.0,0.13333333333333333,1.0,0.0,0.0,0.0,0.0,0.0,0.0,0.0,0.0,0.0,0.0,0.13333333333333333,0.0,0.0,0.0,0.0,0.0,0.0,0.13333333333333333,"(4009, 4338, 1427, 4795)"
298,0.0,0.0,0.0,0.0,0.0,0.0,0.0,0.0,0.0,1.0,0.0,0.0,0.0,0.0,0.0,0.4,0.0,0.0,0.0,0.0,0.0,0.0,0.0,0.0,0.0,0.0,0.0,"(568, 496, 497, 563, 504, 607)"
299,0.0,0.0,0.0,0.0,0.0,0.0,0.0,0.0,0.4,0.0,0.0,0.0,0.0,0.0,0.0,0.0,0.0,0.0,0.0,0.0,0.0,0.0,0.0,0.0,0.0,0.0,1.0,"(113, 8020, 7702, 70)"
300,0.0,0.0,0.0,0.0,0.0,0.0,0.0,0.0,1.0,0.0,0.0,0.0,0.0,0.0,0.0,0.14285714285714285,0.0,0.0,0.0,0.0,0.0,0.0,0.0,0.0,0.0,0.0,0.25,"(4352, 4737, 4609, 4931, 4297, 4368, 4792, 4702)"
301,0.0,0.0,0.0,0.0,0.0,0.0,0.0,0.0,0.0,0.0,0.0,0.0,0.0,0.0,0.0,0.38461538461538464,0.0,0.0,0.0,0.0,0.0,0.0,0.0,0.0,0.0,0.0,1.0,"(6500, 6830, 6674, 6803, 6549, 6550, 6870, 6971, 6843)"
302,0.0,0.0,0.0,0.0,0.0,0.0,0.0,0.0,1.0,0.0,0.0,0.0,0.0,0.0,0.0,0.375,0.0,0.0,0.0,0.0,0.0,0.0,0.0,0.0,0.0,0.0,0.0,"(3361, 3523, 3588, 3493, 3592, 3401, 3594, 3340, 3661, 3472, 3729, 3637, 3222, 3327)"
303,0.0,0.0,0.0,0.0,0.0,0.0,0.0,0.0,0.375,0.0,0.0,0.0,0.0,0.0,0.0,0.0,0.0,0.0,0.0,0.0,0.0,0.0,0.0,0.0,0.0,0.0,1.0,"(7751, 7559, 7625, 7826, 7859, 7929, 7995, 7964, 7613)"
304,0.0,0.0,0.0,0.0,0.0,0.0,0.0,0.0,1.0,0.0,0.07692307692307693,0.0,0.0,0.0,0.0,0.0,0.0,0.0,0.13333333333333333,0.0,0.0,0.0,0.0,0.0,0.0,0.0,0.15384615384615385,"(7824, 7850)"
305,0.0,0.0,0.0,0.0,0.0,0.0,0.0,0.0,0.09090909090909091,0.0,0.0,0.0,0.0,0.0,0.0,1.0,0.0,0.0,0.0,0.0,0.0,0.0,0.0,0.0,0.0,0.0,0.2692307692307692,"(1286, 924, 1354, 843, 1003, 749, 885, 1242, 1084)"
306,0.0,0.0,0.0,0.0,0.0,0.0,0.0,0.0,0.1,0.0,1.0,0.0,0.0,0.0,0.0,0.0,0.0,0.0,0.0,0.06666666666666667,0.0,0.0,0.0,0.0,0.0,0.0,0.1875,"(5923, 6150, 5581, 5332, 5815, 6233, 6014)"
307,0.0,0.0,0.0,0.0,0.0,0.0,0.0,0.0,0.0,0.0,0.08333333333333333,0.0,0.0,0.0,0.0,0.0,0.13333333333333333,0.0,0.0,0.0,0.0,0.0,0.0,0.0,1.0,0.0,0.125,"(1536, 1089, 1347, 1699, 1829, 1449, 1738, 1644, 1580, 1267, 1428, 1301, 1429, 1303, 1780, 1241, 1880, 1436)"
308,0.0,0.0,0.0,1.0,0.0,0.0,0.0,0.0,0.125,0.0,0.0,0.0,0.0,0.0,0.0,0.21428571428571427,0.0,0.0,0.0,0.0,0.0,0.0,0.0,0.0,0.0,0.0,0.0,"(4681, 4702, 4718)"
309,0.0,0.0,0.0,0.0,0.0,0.0,0.0,0.0,0.0,0.0,0.0,0.0,0.0,0.0,0.0,1.0,0.0,0.0,0.0,0.0,0.0,0.0,0.0,0.0,0.0,0.0,0.3333333333333333,"(7130, 7350, 7342)"
310,0.0,0.0,0.0,0.0,0.0,0.0,0.0,0.0,1.0,0.0,0.0,0.0,0.0,0.0,0.0,0.0,0.0,0.0,0.0,0.0,0.0,0.0,0.0,0.0,0.0,0.0,0.3333333333333333,"(4960, 5541, 4841, 5464, 5596)"
311,0.0,0.0,0.0,0.0,0.0,0.0,0.0,0.0,1.0,0.0,0.0,0.0,0.0,0.0,0.0,0.0,0.0,0.0,0.0,0.0,0.0,0.0,0.0,0.0,0.0,0.0,0.3333333333333333,"(3168, 3081, 3120, 3092, 3128)"
312,0.0,0.0,0.0,0.0,0.0,0.0,1.0,0.0,0.0,0.0,0.0,0.0,0.0,0.0,0.0,0.0,0.0,0.0,0.0,0.3333333333333333,0.0,0.0,0.0,0.0,0.0,0.0,0.0,"(873, 814)"
313,0.0,0.0,0.0,0.3333333333333333,0.0,0.0,0.0,0.0,0.0,0.0,0.0,0.0,0.0,0.0,0.0,0.0,0.0,0.0,0.0,0.0,0.0,0.0,0.0,0.0,0.0,0.0,1.0,"(737, 644, 86, 1114, 540)"
314,0.0,0.0,0.0,0.0,0.0,0.0,0.0,0.0,1.0,0.0,0.0,0.0,0.0,0.0,0.0,0.0,0.3333333333333333,0.0,0.0,0.0,0.0,0.0,0.0,0.0,0.0,0.0,0.0,"(416, 450, 550, 422, 568, 607)"
315,0.0,0.0,0.0,0.0,0.0,0.0,0.0,0.0,0.3333333333333333,0.0,0.0,0.0,0.0,0.0,0.0,0.0,0.0,0.0,0.0,0.0,0.0,0.0,0.0,0.0,0.0,0.0,1.0,"(291, 390, 400, 306, 87, 23, 88, 506)"
316,0.0,0.0,0.0,0.0,0.0,0.0,0.0,0.0,1.0,0.0,0.0,0.0,0.0,0.0,0.0,0.0,0.0,0.0,0.1,0.1111111111111111,0.0,0.0,0.0,0.0,0.0,0.0,0.1,"(7364, 7335, 7049, 6992, 7189, 7349, 6806, 7260, 7166)"
317,0.0,0.0,0.0,0.0,0.0,0.2,0.0,0.0,1.0,0.0,0.0,0.0,0.0,0.0,0.0,0.0,0.0,0.0,0.0,0.0,0.0,0.0,0.0,0.0,0.0,0.0,0.1111111111111111,"(7613, 7878, 7559)"
318,0.0,0.0,0.0,0.0,0.0,0.0,0.0,0.0,1.0,0.0,0.0,0.0,0.0,0.0,0.0,0.0,0.0,0.0,0.0,0.0,0.0,0.0,0.0,0.0,0.0967741935483871,0.0,0.21428571428571427,"(3654, 3791, 3735, 3322, 3643)"
319,0.0,0.0,0.0,0.0,0.0,0.0,0.0,0.0,1.0,0.0,0.0,0.0,0.0,0.0,0.0,0.0,0.0,0.0,0.0,0.0,0.0,0.0,0.0,0.0,0.0,0.0,0.3076923076923077,"(515, 1286, 615, 1354, 1098, 1102, 400, 659, 822, 1242)"
320,0.0,0.0,0.0,0.0,0.0,0.0,0.0,0.0,0.0,0.0,0.0,0.0,0.0,0.0,0.0,1.0,0.0,0.0,0.0,0.15384615384615385,0.0,0.0,0.0,0.0,0.0,0.0,0.14285714285714285,"(169, 68, 462, 534)"
321,0.0,0.0,0.0,0.0,0.0,0.0,0.0,0.0,0.2,0.0,0.0,0.0,0.0,0.0,0.0,0.09523809523809523,0.0,0.0,0.0,0.0,0.0,0.0,0.0,1.0,0.0,0.0,0.0,"(8074, 43, 8149, 8062)"
322,0.0,0.0,0.0,0.0,0.0,0.0,0.0,0.0,1.0,0.0,0.0,0.0,0.0,0.0,0.0,0.0,0.0,0.0,0.0,0.0,0.0,0.0,0.0,0.0,0.0,0.0,0.2857142857142857,"(5909, 5861)"
323,0.0,0.0,0.0,0.0,0.0,0.0,0.0,0.0,0.0,0.2857142857142857,0.0,1.0,0.0,0.0,0.0,0.0,0.0,0.0,0.0,0.0,0.0,0.0,0.0,0.0,0.0,0.0,0.0,"(1903, 2612, 1575, 2695)"
324,0.0,0.0,0.0,0.0,0.0,0.0,0.0,0.0,1.0,0.0,0.0,0.0,0.0,0.0,0.0,0.14285714285714285,0.0,0.0,0.0,0.0,0.0,0.0,0.0,0.0,0.0,0.0,0.125,"(4950, 4647)"
325,0.0,0.0,0.0,0.0,0.0,0.0,0.0,0.0,0.0,0.0,0.0,0.0,0.0,0.0,0.0,0.0,0.0,0.0,0.26666666666666666,0.0,0.0,0.0,0.0,0.0,0.0,0.0,1.0,"(7736, 7698, 7765, 7778)"
326,0.0,0.0,0.0,0.0,0.0,0.0,0.0,0.0,1.0,0.0,0.0,0.0,0.0,0.0,0.0,0.0,0.0,0.0,0.0,0.13333333333333333,0.0,0.0,0.0,0.0,0.0,0.0,0.125,"(5884, 5823)"
327,0.0,0.0,0.0,0.0,0.0,0.0,0.0,0.0,1.0,0.0,0.0,0.0,0.0,0.0,0.0,0.11764705882352941,0.0,0.0,0.0,0.0,0.0,0.0,0.0,0.0,0.0,0.0,0.13333333333333333,"(4121, 4022)"
328,0.0,0.0,0.0,0.0,0.0,0.0,0.0,0.0,0.0,0.0,1.0,0.0,0.0,0.0,0.0,0.11764705882352941,0.0,0.0,0.0,0.0,0.0,0.0,0.0,0.0,0.0,0.0,0.13333333333333333,"(3521, 3074, 3303, 3465, 3980, 3693, 2927, 3377, 3957, 4022)"
329,0.0,0.0,0.0,0.0,0.0,0.0,0.0,0.0,0.0,0.0,0.0,0.0,0.0,0.0,0.0,1.0,0.0,0.0,0.0,0.0,0.0,0.0,0.0,0.0,0.0,0.0,0.25,"(7878, 7910, 7818, 7631, 7769, 7514, 7903)"
330,0.0,0.0,0.0,0.0,0.0,0.0,0.0,0.0,0.0,0.0,0.0,0.0,0.0,0.0,0.0,0.0,0.0,0.0,0.0,0.25,0.0,0.0,0.0,0.0,0.0,0.0,1.0,"(2048, 1920, 2083, 1863, 1933, 1709, 1786)"
331,0.0,0.0,0.0,0.0,0.0,0.0,0.0,0.0,1.0,0.0,0.0,0.0,0.0,0.0,0.0,0.0,0.0,0.0,0.0,0.0,0.0,0.0,0.0,0.0,0.0,0.0,0.25,"(8225, 70, 113, 7702, 7738)"
332,0.0,0.0,0.0,0.0,0.0,0.0,0.0,0.0,0.0,0.0,0.0,0.0,1.0,0.0,0.0,0.0,0.0,0.0,0.0,0.0,0.0,0.0,0.0,0.25,0.0,0.0,0.0,"(6240, 6566, 6570, 6542, 5974, 6006, 6198)"
333,0.0,0.0,0.0,0.0,0.0,0.0,0.0,0.0,0.0,0.0,0.0,0.0,0.0,0.0,0.0,0.0,0.0,0.0,0.0,0.25,0.0,0.0,0.0,0.0,0.0,0.0,1.0,"(5344, 5955, 5253, 6470, 5384, 5321, 5332, 5846, 5975, 5334, 6230, 5309)"
334,0.0,0.0,0.0,0.0,0.0,0.0,0.0,0.0,1.0,0.0,0.0,0.0,0.0,0.0,0.0,0.0,0.0,0.0,0.0,0.25,0.0,0.0,0.0,0.0,0.0,0.0,0.0,"(5344, 5253, 5384, 5321, 5608, 5514, 5581, 5497, 5309, 5534)"
335,0.0,0.0,0.0,0.0,0.0,0.0,0.0,0.0,0.25,0.0,0.0,0.0,0.0,0.0,0.0,0.0,0.0,0.0,0.0,0.0,0.0,0.0,0.0,0.0,0.0,0.0,1.0,"(4234, 3766, 2990)"
336,0.0,0.0,0.0,0.0,0.0,0.0,0.0,0.0,0.1,0.0,0.0,0.0,0.0,0.0,0.0,0.14285714285714285,0.0,0.0,0.0,0.0,0.0,0.0,0.0,1.0,0.0,0.0,0.0,"(8029, 8014, 8007)"
337,0.0,0.0,0.0,0.0,0.0,0.0,0.0,0.0,1.0,0.0,0.0,0.0,0.23529411764705882,0.0,0.0,0.0,0.0,0.0,0.0,0.0,0.0,0.0,0.0,0.0,0.0,0.0,0.0,"(5154, 5203, 5531, 5466)"
338,0.0,0.0,0.0,0.0,0.0,0.0,0.0,0.0,0.0,0.0,0.0,0.0,0.0,0.0,0.0,0.0,1.0,0.0,0.0,0.0,0.0,0.0,0.0,0.11764705882352941,0.1111111111111111,0.0,0.0,"(137, 366, 239, 494, 19, 7764, 763, 8126)"
339,0.0,0.0,0.0,1.0,0.0,0.0,0.0,0.0,0.0,0.0,0.0,0.0,0.0,0.0,0.0,0.0,0.0,0.0,0.0,0.0,0.0,0.0,0.0,0.0,0.0,0.0,0.2222222222222222,"(6500, 6549)"
340,0.0,0.0,0.0,0.0,0.0,0.0,0.0,0.0,1.0,0.0,0.0,0.0,0.0,0.0,0.0,0.0,0.0,0.0,0.0,0.0,0.0,0.0,0.0,0.0,0.0,0.0,0.2222222222222222,"(6971, 6843)"
341,0.0,0.0,0.0,0.0,0.0,0.0,0.0,0.0,0.0,0.0,1.0,0.0,0.0,0.0,0.0,0.0,0.0,0.0,0.0,0.0,0.0,0.0,0.0,0.0,0.0,0.0,0.21428571428571427,"(2256, 2332, 2406)"
342,0.0,0.0,0.0,0.0,0.0,0.0,0.0,0.0,0.14285714285714285,0.0,0.0,0.0,0.0,0.0,0.0,0.0,0.0,0.0,1.0,0.0,0.0,0.0,0.0,0.0,0.0,0.0,0.06666666666666667,"(3074, 3107, 3523, 3493, 3143, 3594, 3661, 3637, 3194, 3068, 3133)"
343,0.0,0.0,0.0,0.0,0.0,0.0,0.0,0.0,1.0,0.0,0.0,0.0,0.0,0.0,0.0,0.0,0.0,0.0,0.1,0.0,0.0,0.0,0.0,0.0,0.0,0.0,0.1,"(6753, 6630, 6711)"
344,0.0,0.0,0.0,0.0,0.0,0.0,0.0,0.0,1.0,0.0,0.2,0.0,0.0,0.0,0.0,0.0,0.0,0.0,0.0,0.0,0.0,0.0,0.0,0.0,0.0,0.0,0.0,"(3377, 3465)"
345,0.0,0.0,0.0,0.0,0.0,0.0,0.0,0.0,1.0,0.0,0.0,0.0,0.0,0.0,0.0,0.0,0.0,0.0,0.0,0.0,0.0,0.0,0.0,0.0,0.0,0.0,0.19230769230769232,"(802, 742, 999, 924, 843, 1003, 749, 1135, 1074, 1049, 1084)"
346,0.0,0.0,0.0,0.0,0.0,0.0,0.0,0.0,1.0,0.0,0.0,0.0,0.0,0.0,0.0,0.19047619047619047,0.0,0.0,0.0,0.0,0.0,0.0,0.0,0.0,0.0,0.0,0.0,"(8074, 7818, 8014, 7966, 7987, 7892, 8149, 7863, 8029, 8062)"
347,0.0,0.0,0.0,0.0,0.0,0.0,0.0,0.0,1.0,0.0,0.0,0.0,0.0,0.0,0.0,0.0,0.0,0.0,0.0,0.18181818181818182,0.0,0.0,0.0,0.0,0.0,0.0,0.0,"(5257, 5273)"
348,0.0,0.0,0.0,0.0,0.0,0.0,0.0,0.0,1.0,0.0,0.0,0.0,0.0,0.0,0.0,0.0,0.0,0.0,0.0,0.18181818181818182,0.0,0.0,0.0,0.0,0.0,0.0,0.0,"(4172, 4086)"
349,0.0,0.0,0.0,0.0,0.0,0.0,0.0,0.0,1.0,0.0,0.0,0.0,0.0,0.0,0.0,0.18181818181818182,0.0,0.0,0.0,0.0,0.0,0.0,0.0,0.0,0.0,0.0,0.0,"(5554, 5586, 5580, 5543)"
350,0.0,0.0,0.0,0.0,0.0,0.0,0.0,0.0,1.0,0.0,0.0,0.0,0.0,0.0,0.0,0.18181818181818182,0.0,0.0,0.0,0.0,0.0,0.0,0.0,0.0,0.0,0.0,0.0,"(5435, 5399)"
351,0.0,0.0,0.0,0.0,0.0,0.0,0.0,0.0,1.0,0.0,0.0,0.0,0.0,0.0,0.0,0.09090909090909091,0.0,0.0,0.0,0.0,0.0,0.0,0.0,0.0,0.0,0.0,0.09090909090909091,"(4944, 5124, 4917)"
352,0.0,0.0,0.0,0.0,0.0,0.0,0.0,0.0,0.0,0.0,0.0,0.0,0.0,0.0,0.0,0.10526315789473684,0.0,0.0,0.0,0.0,0.0,0.0,0.0,1.0,0.06451612903225806,0.0,0.0,"(6273, 6019, 6542, 5907, 5523, 5395, 6548, 5404, 5792, 5924, 5668, 6566, 5674, 6570, 6451, 5941, 6198, 5433, 5948, 5694, 5568, 6220, 5974, 5598, 6240, 6385, 6517, 6006)"
353,0.0,0.0,0.0,0.0,0.0,0.0,0.0,0.0,1.0,0.0,0.0,0.0,0.0,0.0,0.0,0.0,0.0,0.0,0.0,0.0,0.0,0.0,0.0,0.0,0.0,0.0,0.16666666666666666,"(5846, 5975)"
354,0.0,0.0,0.0,1.0,0.0,0.0,0.0,0.0,0.0,0.0,0.0,0.0,0.0,0.0,0.0,0.0,0.0,0.0,0.0,0.16666666666666666,0.0,0.0,0.0,0.0,0.0,0.0,0.0,"(5203, 5083)"
355,0.0,0.0,0.0,0.0,0.0,0.0,0.0,0.0,0.0,0.0,0.16666666666666666,0.0,0.0,0.0,0.0,0.0,0.0,0.0,0.0,0.0,0.0,0.0,0.0,0.0,0.0,0.0,1.0,"(3699, 3834, 3587)"
356,0.0,0.0,0.0,0.0,0.0,0.0,0.0,0.0,1.0,0.16666666666666666,0.0,0.0,0.0,0.0,0.0,0.0,0.0,0.0,0.0,0.0,0.0,0.0,0.0,0.0,0.0,0.0,0.0,"(2561, 2372, 2661, 2439, 2730, 2513, 2297, 2716)"
357,0.0,0.0,0.0,0.0,0.0,0.0,0.0,0.0,0.0,0.0,0.16666666666666666,0.0,0.0,1.0,0.0,0.0,0.0,0.0,0.0,0.0,0.0,0.0,0.0,0.0,0.0,0.0,0.0,"(1572, 1829, 1638, 1580, 1615, 1564)"
358,0.0,0.0,0.0,0.0,0.0,0.0,0.0,0.0,0.16666666666666666,0.0,0.0,0.0,0.0,0.0,0.0,1.0,0.0,0.0,0.0,0.0,0.0,0.0,0.0,0.0,0.0,0.0,0.0,"(416, 8129, 422)"
359,0.0,0.0,0.0,0.0,0.0,0.0,0.0,0.0,1.0,0.0,0.038461538461538464,0.0,0.0,0.0,0.0,0.047619047619047616,0.0,0.0,0.0,0.0,0.0,0.0,0.0,0.0,0.0,0.0,0.07692307692307693,"(7616, 7650, 7517)"
360,0.0,0.0,0.0,0.0,0.0,0.0,0.0,0.0,1.0,0.0,0.0,0.0,0.0,0.0,0.0,0.0,0.0,0.0,0.0,0.15384615384615385,0.0,0.0,0.0,0.0,0.0,0.0,0.0,"(7190, 7191)"
361,0.0,0.0,0.0,0.0,0.0,0.0,0.0,0.0,0.0,0.0,1.0,0.0,0.0,0.0,0.0,0.0,0.0,0.0,0.0,0.14285714285714285,0.0,0.0,0.0,0.0,0.0,0.0,0.0,"(768, 937, 1162, 1132, 496, 1202, 863, 568, 730, 763, 858, 607)"
362,0.0,0.0,0.0,0.0,0.0,0.0,0.0,0.0,1.0,0.0,0.0,0.0,0.0,0.0,0.0,0.0,0.0,0.0,0.0,0.0,0.0,0.0,0.0,0.0,0.03225806451612903,0.0,0.1,"(3136, 3427, 3364, 2892, 3099)"
363,0.0,0.0,0.0,0.0,0.0,0.0,0.0,0.0,0.0,0.0,0.0,0.0,0.0,0.0,0.0,1.0,0.0,0.0,0.0,0.125,0.0,0.0,0.0,0.0,0.0,0.0,0.0,"(6080, 5543, 5608, 5996, 5580, 5721, 5950, 5586, 5497, 5853, 5790)"
364,0.0,0.0,0.0,0.0,0.0,0.0,0.0,0.0,0.0,0.0,0.0,0.0,0.0,0.0,0.0,1.0,0.0,0.0,0.0,0.0,0.0,0.0,0.0,0.0,0.0,0.0,0.125,"(4737, 4931, 4772, 4647, 4681, 4555, 4718, 4368, 4434, 4950, 4792, 4315, 4285, 4702)"
365,0.0,0.0,0.0,1.0,0.0,0.0,0.0,0.0,0.0,0.0,0.0,0.0,0.0,0.0,0.0,0.0,0.0,0.0,0.0,0.0,0.0,0.0,0.0,0.0,0.0,0.0,0.11764705882352941,"(6649, 6124, 6638, 6220)"
366,0.0,0.0,0.0,0.0,0.0,0.0,0.0,0.0,1.0,0.0,0.0,0.0,0.0,0.0,0.0,0.11764705882352941,0.0,0.0,0.0,0.0,0.0,0.0,0.0,0.0,0.0,0.0,0.0,"(4548, 4791)"
367,0.0,0.0,0.0,0.0,0.0,0.0,0.0,0.0,1.0,0.0,0.0,0.0,0.0,0.0,0.0,0.0,0.0,0.0,0.0,0.058823529411764705,0.0,0.0,0.0,0.0,0.0,0.0,0.058823529411764705,"(3403, 3507, 3261)"
368,0.0,0.0,0.0,0.0,0.0,0.0,0.0,0.0,0.0,0.0,0.0,0.0,0.0,0.0,0.0,0.1111111111111111,0.0,0.0,0.0,0.0,0.0,0.0,0.0,0.0,0.0,0.0,1.0,"(6265, 6258)"
369,0.0,0.0,0.0,0.0,0.0,0.0,0.0,0.0,1.0,0.0,0.0,0.0,0.0,0.0,0.0,0.09523809523809523,0.0,0.0,0.0,0.0,0.0,0.0,0.0,0.0,0.0,0.0,0.0,"(7489, 7620, 8007, 7881, 7530, 8238)"
370,0.0,0.0,0.0,0.0,0.0,0.0,0.0,0.0,0.0,0.09090909090909091,0.0,0.0,0.0,0.0,0.0,0.0,0.0,0.0,0.0,1.0,0.0,0.0,0.0,0.0,0.0,0.0,0.0,"(1730, 1733, 1734, 1638, 1597)"
371,0.0,0.0,0.0,0.0,0.0,0.0,0.0,0.0,0.0,0.0,0.0,0.0,0.0,0.0,0.0,1.0,0.0,0.0,0.0,0.0,0.0,0.0,0.0,0.0,0.0,0.0,0.09090909090909091,"(4998, 5158, 4840, 4975, 4819, 5017, 5082)"
372,0.0,0.0,0.0,0.0,0.0,0.0,0.0,0.0,1.0,0.0,0.0,0.0,0.0,0.0,0.0,0.0,0.0,0.0,0.0,0.08333333333333333,0.0,0.0,0.0,0.0,0.0,0.0,0.0,"(6018, 5996)"
373,0.0,0.0,0.0,0.0,0.0,0.0,0.0,0.0,0.0,0.08333333333333333,0.0,0.0,0.0,0.0,0.0,1.0,0.0,0.0,0.0,0.0,0.0,0.0,0.0,0.0,0.0,0.0,0.0,"(2626, 2403, 1863, 2072, 2873)"
374,0.0,0.0,0.0,0.0,0.0,0.0,0.0,0.0,1.0,0.0,0.07692307692307693,0.0,0.0,0.0,0.0,0.0,0.0,0.0,0.0,0.0,0.0,0.0,0.0,0.0,0.0,0.0,0.0,"(7521, 7390)"
375,0.0,0.0,0.0,0.0,0.0,0.0,0.0,0.0,1.0,0.0,0.07692307692307693,0.0,0.0,0.0,0.0,0.0,0.0,0.0,0.0,0.0,0.0,0.0,0.0,0.0,0.0,0.0,0.0,"(7444, 7350)"
376,0.0,0.0,0.0,0.0,0.0,0.0,0.0,0.0,0.0,0.0,0.0,0.0,0.0,0.0,0.0,0.0,0.0,0.0,0.0,0.0,0.0,0.0,0.0,0.0,0.06451612903225806,0.0,1.0,"(3136, 3364, 3558, 3274, 2892, 3759, 3631, 3412, 3101, 3807)"
377,0.0,0.0,0.0,0.0,0.0,0.0,0.0,0.0,0.0,0.0,0.0,0.0,0.0,0.0,0.0,1.0,0.0,0.0,0.0,0.0,0.0,0.0,0.0,0.0,0.06451612903225806,0.0,0.0,"(2982, 3274, 2892, 3791, 3322, 3807)"
378,0.0,0.0,0.0,0.0,0.0,0.0,0.0,0.0,1.0,0.0,0.0,0.0,0.0,0.0,0.0,0.0625,0.0,0.0,0.0,0.0,0.0,0.0,0.0,0.0,0.0,0.0,0.0,"(3936, 3938, 3974, 4109, 3961)"
379,0.0,0.0,0.0,0.0,0.0,0.0,0.0,0.0,0.0,0.0,0.0,0.0,0.0,0.0,0.0,0.0,0.0,0.0,0.0,0.0,1.0,0.0,0.0,0.058823529411764705,0.0,0.0,0.0,"(1125, 1575, 839, 937, 1511, 1036, 1645, 366, 494, 239, 19, 1459, 1109, 152, 858)"
380,0.0,0.0,0.0,0.0,0.0,0.0,0.0,0.0,1.0,0.0,0.0,0.0,0.0,0.0,0.0,0.0,0.0,0.0,0.0,0.0,0.0,0.0,0.0,0.0,0.0,0.0,0.038461538461538464,"(1536, 1597, 1549)"
381,0.0,0.0,0.0,0.0,0.0,0.0,0.0,0.0,1.0,0.0,0.0,0.0,0.0,0.0,0.0,0.0,0.0,0.0,0.0,0.0,0.0,0.0,0.0,0.0,0.0,0.0,0.038461538461538464,"(1385, 1444, 1406)"
382,0.0,0.0,0.0,0.0,0.0,0.0,0.0,0.0,1.0,0.0,0.0,0.0,0.0,0.0,0.0,0.0,0.0,0.0,0.0,0.0,0.0,0.0,0.0,0.0,0.03225806451612903,0.0,0.0,"(5440, 5433, 5444)"
383,0.0,0.0,0.0,0.0,0.0,0.0,0.0,0.0,1.0,0.0,0.0,0.0,0.0,0.0,0.0,0.0,0.0,0.0,0.0,0.0,0.0,0.0,0.0,0.0,0.03225806451612903,0.0,0.0,"(2982, 3335, 3503, 3509, 3448)"
384,0.0,0.0,0.0,0.0,0.0,0.0,0.0,0.0,1.0,0.0,0.0,0.0,0.0,0.0,0.0,0.0,0.0,0.0,0.0,0.0,0.0,0.0,0.0,0.0,0.0,0.0,0.0,"(6410, 6402)"
385,0.0,0.0,0.0,0.0,0.0,0.0,0.0,0.0,1.0,0.0,0.0,0.0,0.0,0.0,0.0,0.0,0.0,0.0,0.0,0.0,0.0,0.0,0.0,0.0,0.0,0.0,0.0,"(6157, 6110)"
386,0.0,0.0,0.0,0.0,0.0,0.0,0.0,0.0,1.0,0.0,0.0,0.0,0.0,0.0,0.0,0.0,0.0,0.0,0.0,0.0,0.0,0.0,0.0,0.0,0.0,0.0,0.0,"(5721, 5703)"
387,0.0,0.0,0.0,0.0,0.0,0.0,0.0,0.0,1.0,0.0,0.0,0.0,0.0,0.0,0.0,0.0,0.0,0.0,0.0,0.0,0.0,0.0,0.0,0.0,0.0,0.0,0.0,"(1363, 1348)"
388,0.0,0.0,0.0,0.0,0.0,0.0,0.0,0.0,1.0,0.0,0.0,0.0,0.0,0.0,0.0,0.0,0.0,0.0,0.0,0.0,0.0,0.0,0.0,0.0,0.0,0.0,0.0,"(955, 948, 981)"
389,0.0,0.0,0.0,0.0,0.0,0.0,1.0,0.0,0.0,0.0,0.0,0.0,0.0,0.0,0.0,0.0,0.0,0.0,0.0,0.0,0.0,0.0,0.0,0.0,0.0,0.0,0.0,"(7003, 7030)"
390,0.0,0.0,0.0,0.0,0.0,0.0,0.0,0.0,1.0,0.0,0.0,0.0,0.0,0.0,0.0,0.0,0.0,0.0,0.0,0.0,0.0,0.0,0.0,0.0,0.0,0.0,0.0,"(4199, 4183)"
391,0.0,0.0,0.0,0.0,0.0,0.0,0.0,0.0,0.0,0.0,1.0,0.0,0.0,0.0,0.0,0.0,0.0,0.0,0.0,0.0,0.0,0.0,0.0,0.0,0.0,0.0,0.0,"(2892, 2853)"
392,0.0,0.0,0.0,0.0,0.0,0.0,0.0,0.0,1.0,0.0,0.0,0.0,0.0,0.0,0.0,0.0,0.0,0.0,0.0,0.0,0.0,0.0,0.0,0.0,0.0,0.0,0.0,"(7619, 7877, 7379, 7099, 7197)"
393,0.0,0.0,0.0,0.0,0.0,0.0,0.0,0.0,1.0,0.0,0.0,0.0,0.0,0.0,0.0,0.0,0.0,0.0,0.0,0.0,0.0,0.0,0.0,0.0,0.0,0.0,0.0,"(5060, 5156, 5167, 5103, 4959, 5015, 5242, 5180, 5086, 5055)"
394,0.0,0.0,0.0,0.0,0.0,0.0,0.0,0.0,1.0,0.0,0.0,0.0,0.0,0.0,0.0,0.0,0.0,0.0,0.0,0.0,0.0,0.0,0.0,0.0,0.0,0.0,0.0,"(8129, 7778, 8139, 7694, 7542, 7736, 8126)"
395,0.0,0.0,0.0,0.0,0.0,0.0,0.0,0.0,0.0,0.0,0.0,0.0,0.0,0.0,0.0,0.0,0.0,0.0,0.0,0.0,0.0,0.0,0.0,0.0,0.0,0.0,1.0,"(8104, 8034, 255)"
396,0.0,0.0,0.0,0.0,0.0,0.0,0.0,0.0,1.0,0.0,0.0,0.0,0.0,0.0,0.0,0.0,0.0,0.0,0.0,0.0,0.0,0.0,0.0,0.0,0.0,0.0,0.0,"(7698, 7654)"
397,0.0,0.0,0.0,0.0,0.0,0.0,0.0,0.0,1.0,0.0,0.0,0.0,0.0,0.0,0.0,0.0,0.0,0.0,0.0,0.0,0.0,0.0,0.0,0.0,0.0,0.0,0.0,"(7465, 86)"
398,0.0,0.0,0.0,0.0,0.0,0.0,0.0,0.0,0.0,0.0,0.0,0.0,0.0,0.0,0.0,0.0,0.0,0.0,0.0,0.0,0.0,0.0,0.0,0.0,1.0,0.0,0.0,"(7361, 7877, 198, 7307, 366, 239, 7665, 115, 7764, 7349, 7542, 19, 152, 7541, 7379, 8126, 7260, 7166)"
399,0.0,0.0,0.0,0.0,0.0,0.0,0.0,0.0,1.0,0.0,0.0,0.0,0.0,0.0,0.0,0.0,0.0,0.0,0.0,0.0,0.0,0.0,0.0,0.0,0.0,0.0,0.0,"(7307, 7822, 7463)"
400,0.0,0.0,0.0,0.0,0.0,0.0,0.0,0.0,0.0,0.0,0.0,0.0,0.0,0.0,0.0,0.0,0.0,0.0,0.0,0.0,0.0,0.0,0.0,0.0,0.0,0.0,1.0,"(7224, 7115, 7358)"
401,0.0,0.0,0.0,0.0,0.0,0.0,0.0,0.0,0.0,0.0,1.0,0.0,0.0,0.0,0.0,0.0,0.0,0.0,0.0,0.0,0.0,0.0,0.0,0.0,0.0,0.0,0.0,"(7169, 8073, 13, 7822, 7824, 7953, 6803, 7188, 7444, 7958, 34, 7718, 7850, 6830, 7350, 8133, 7630, 7128, 7517, 7390, 7521, 7650, 7523, 7654, 7789, 7150)"
402,0.0,0.0,0.0,0.0,0.0,0.0,0.0,0.0,1.0,0.0,0.0,0.0,0.0,0.0,0.0,0.0,0.0,0.0,0.0,0.0,0.0,0.0,0.0,0.0,0.0,0.0,0.0,"(7115, 7573)"
403,0.0,0.0,0.0,0.0,0.0,0.0,0.0,0.0,0.0,0.0,0.0,0.0,0.0,0.0,0.0,1.0,0.0,0.0,0.0,0.0,0.0,0.0,0.0,0.0,0.0,0.0,0.0,"(6881, 7685, 7942, 7335, 7463, 7049, 7084, 7665, 7698, 7059, 8126, 7189, 7166)"
404,0.0,0.0,0.0,0.0,0.0,0.0,0.0,0.0,1.0,0.0,0.0,0.0,0.0,0.0,0.0,0.0,0.0,0.0,0.0,0.0,0.0,0.0,0.0,0.0,0.0,0.0,0.0,"(6674, 6719, 6735)"
405,0.0,0.0,0.0,0.0,0.0,0.0,0.0,0.0,1.0,0.0,0.0,0.0,0.0,0.0,0.0,0.0,0.0,0.0,0.0,0.0,0.0,0.0,0.0,0.0,0.0,0.0,0.0,"(6516, 6324, 6404, 6550)"
406,0.0,0.0,0.0,1.0,0.0,0.0,0.0,0.0,0.0,0.0,0.0,0.0,0.0,0.0,0.0,0.0,0.0,0.0,0.0,0.0,0.0,0.0,0.0,0.0,0.0,0.0,0.0,"(6451, 5158)"
407,0.0,0.0,0.0,0.0,0.0,0.0,0.0,0.0,1.0,0.0,0.0,0.0,0.0,0.0,0.0,0.0,0.0,0.0,0.0,0.0,0.0,0.0,0.0,0.0,0.0,0.0,0.0,"(6080, 5955, 5923, 6470, 6150, 6014, 6549, 6230, 5815, 5790)"
408,0.0,0.0,0.0,0.0,0.0,0.0,0.0,0.0,0.0,0.0,0.0,0.0,0.0,0.0,0.0,0.0,0.0,0.0,0.0,1.0,0.0,0.0,0.0,0.0,0.0,0.0,0.0,"(6018, 6146, 5253, 5384, 5897, 5514, 5790, 5309, 5950, 6080, 5955, 6470, 5321, 5582, 6096, 5332, 6230, 5721, 6105, 5344, 5608, 5996, 6129, 5497)"
409,0.0,0.0,0.0,0.0,0.0,0.0,0.0,0.0,0.0,0.0,0.0,0.0,0.0,0.0,0.0,0.0,0.0,0.0,0.0,0.0,0.0,0.0,0.0,0.0,0.0,0.0,1.0,"(5551, 5511)"
410,0.0,0.0,0.0,0.0,0.0,0.0,0.0,0.0,0.0,0.0,0.0,0.0,0.0,0.0,0.0,0.0,0.0,0.0,0.0,0.0,0.0,0.0,0.0,0.0,1.0,0.0,0.0,"(5379, 6019, 5124, 5523, 5395, 5909, 5143, 5656, 5404, 5792, 5924, 5668, 4391, 5674, 5433, 5948, 4285, 5694, 5440, 5568, 5707, 5717, 5974, 5336, 5469, 5598, 5472, 5349, 6006, 5242, 4348)"
411,0.0,0.0,0.0,0.0,0.0,0.0,0.0,0.0,0.0,0.0,0.0,0.0,0.0,0.0,0.0,0.0,1.0,0.0,0.0,0.0,0.0,0.0,0.0,0.0,0.0,0.0,0.0,"(5379, 5252, 5668, 5598, 5608, 5257, 5674, 5580, 5360, 5586, 5395, 5399, 5336, 5497, 5404, 5790, 5177)"
412,0.0,0.0,0.0,0.0,0.0,0.0,0.0,0.0,0.0,0.0,0.0,0.0,1.0,0.0,0.0,0.0,0.0,0.0,0.0,0.0,0.0,0.0,0.0,0.0,0.0,0.0,0.0,"(5216, 5601, 5154, 5384, 5641, 5256, 5321, 5741, 5581, 5648, 5203, 5332, 5398, 5305, 5466, 5531, 5534)"
413,0.0,0.0,0.0,0.0,0.0,0.0,0.0,0.0,1.0,0.0,0.0,0.0,0.0,0.0,0.0,0.0,0.0,0.0,0.0,0.0,0.0,0.0,0.0,0.0,0.0,0.0,0.0,"(5013, 5159)"
414,0.0,0.0,0.0,0.0,0.0,0.0,0.0,0.0,0.0,0.0,1.0,0.0,0.0,0.0,0.0,0.0,0.0,0.0,0.0,0.0,0.0,0.0,0.0,0.0,0.0,0.0,0.0,"(4993, 6468, 6437, 6087, 5256, 5641, 6348, 5933, 5741, 5398, 5305, 5083, 6077, 4926, 6399)"
415,0.0,0.0,0.0,0.0,0.0,0.0,0.0,0.0,1.0,0.0,0.0,0.0,0.0,0.0,0.0,0.0,0.0,0.0,0.0,0.0,0.0,0.0,0.0,0.0,0.0,0.0,0.0,"(4961, 4973)"
416,0.0,0.0,0.0,0.0,0.0,0.0,0.0,0.0,0.0,0.0,0.0,0.0,0.0,0.0,0.0,0.0,0.0,0.0,0.0,0.0,0.0,0.0,0.0,0.0,0.0,0.0,1.0,"(4953, 5143)"
417,0.0,0.0,0.0,0.0,0.0,0.0,0.0,0.0,1.0,0.0,0.0,0.0,0.0,0.0,0.0,0.0,0.0,0.0,0.0,0.0,0.0,0.0,0.0,0.0,0.0,0.0,0.0,"(4867, 4681, 4555, 4876, 4718, 4754, 4854, 4765)"
418,0.0,0.0,0.0,0.0,0.0,0.0,0.0,0.0,0.0,0.0,0.0,0.0,0.0,0.0,0.0,0.0,0.0,0.0,0.0,0.0,0.0,0.0,0.0,0.0,0.0,0.0,1.0,"(4841, 7820, 7465)"
419,0.0,0.0,0.0,0.0,0.0,0.0,0.0,0.0,0.0,0.0,0.0,0.0,0.0,0.0,0.0,0.0,0.0,0.0,0.0,0.0,0.0,0.0,0.0,0.0,0.0,0.0,1.0,"(4737, 4609, 4931, 4772, 4037, 5060, 4647, 4297, 4555, 4368, 4754, 4950, 4183, 4792, 4700, 4703)"
420,0.0,0.0,0.0,0.0,0.0,0.0,0.0,0.0,1.0,0.0,0.0,0.0,0.0,0.0,0.0,0.0,0.0,0.0,0.0,0.0,0.0,0.0,0.0,0.0,0.0,0.0,0.0,"(3766, 4234, 3006, 3822)"
421,0.0,0.0,0.0,0.0,0.0,0.0,0.0,0.0,1.0,0.0,0.0,0.0,0.0,0.0,0.0,0.0,0.0,0.0,0.0,0.0,0.0,0.0,0.0,0.0,0.0,0.0,0.0,"(3712, 4089, 4037)"
422,0.0,0.0,0.0,0.0,0.0,0.0,0.0,0.0,0.0,0.0,0.0,0.0,0.0,0.0,0.0,0.0,0.0,0.0,0.0,0.0,0.0,0.0,0.0,0.0,0.0,0.0,1.0,"(3712, 3297, 3844, 2853, 2982, 3654, 3110, 3335, 2107, 2221, 3918, 3791, 3322, 3643)"
423,0.0,0.0,0.0,0.0,0.0,0.0,0.0,0.0,0.0,0.0,1.0,0.0,0.0,0.0,0.0,0.0,0.0,0.0,0.0,0.0,0.0,0.0,0.0,0.0,0.0,0.0,0.0,"(3361, 4514, 3587, 4291, 4454, 3403, 3340, 3213, 3916, 4336, 3953, 3699, 4087, 3222, 3639, 3126, 3670, 3834)"
424,0.0,0.0,0.0,0.0,0.0,0.0,0.0,0.0,0.0,0.0,0.0,0.0,0.0,0.0,0.0,0.0,0.0,0.0,0.0,0.0,0.0,0.0,0.0,0.0,1.0,0.0,0.0,"(3335, 3081, 4237, 4256, 3364, 4391, 3503, 4400, 3509, 3128, 3256, 3643, 4285, 3136, 3654, 3274, 2892, 3791, 3412, 4180, 4315, 4089, 3297, 4324, 3558, 4462, 3701, 4217, 3322, 4348, 3965)"
425,0.0,0.0,0.0,0.0,0.0,0.0,0.0,0.0,0.0,0.0,0.0,0.0,0.0,0.0,0.0,0.0,0.0,0.0,0.0,0.0,0.0,0.0,0.0,0.0,0.0,0.0,1.0,"(2951, 3340, 2318, 2035, 3222, 3327)"
426,0.0,0.0,0.0,0.0,0.0,0.0,0.0,0.0,0.0,0.0,0.0,0.0,0.0,0.0,0.0,0.0,0.0,0.0,0.0,0.0,0.0,0.0,0.0,0.0,0.0,0.0,1.0,"(2853, 2311, 2604, 2221, 2513, 2740, 2873)"
427,0.0,0.0,0.0,0.0,0.0,0.0,0.0,0.0,0.0,1.0,0.0,0.0,0.0,0.0,0.0,0.0,0.0,0.0,0.0,0.0,0.0,0.0,0.0,0.0,0.0,0.0,0.0,"(2657, 2695, 1575, 1580, 2256, 1076, 2612)"
428,0.0,0.0,0.0,0.0,0.0,0.0,0.0,0.0,0.0,1.0,0.0,0.0,0.0,0.0,0.0,0.0,0.0,0.0,0.0,0.0,0.0,0.0,0.0,0.0,0.0,0.0,0.0,"(2561, 2372, 2661, 2439, 1863, 2794, 1709, 2740, 2873, 2072, 2297, 1786)"
429,0.0,0.0,0.0,0.0,0.0,0.0,0.0,0.0,0.0,0.0,0.0,0.0,0.0,0.0,0.0,0.0,0.0,0.0,0.0,0.0,0.0,0.0,0.0,0.0,0.0,0.0,1.0,"(2561, 2082, 2403, 2372, 2406, 2439, 2351, 2256, 2396, 2072, 2297, 2490, 2332, 2200)"
430,0.0,0.0,0.0,0.0,0.0,0.0,0.0,0.0,1.0,0.0,0.0,0.0,0.0,0.0,0.0,0.0,0.0,0.0,0.0,0.0,0.0,0.0,0.0,0.0,0.0,0.0,0.0,"(2337, 2082, 2213, 2159)"
431,0.0,0.0,0.0,0.0,0.0,1.0,0.0,0.0,0.0,0.0,0.0,0.0,0.0,0.0,0.0,0.0,0.0,0.0,0.0,0.0,0.0,0.0,0.0,0.0,0.0,0.0,0.0,"(2256, 2657, 2107, 2308)"
432,0.0,0.0,0.0,0.0,0.0,0.0,0.0,0.0,1.0,0.0,0.0,0.0,0.0,0.0,0.0,0.0,0.0,0.0,0.0,0.0,0.0,0.0,0.0,0.0,0.0,0.0,0.0,"(2084, 2157)"
433,0.0,0.0,0.0,0.0,0.0,0.0,0.0,0.0,0.0,0.0,0.0,0.0,0.0,0.0,0.0,0.0,0.0,0.0,0.0,0.0,0.0,0.0,0.0,0.0,0.0,0.0,1.0,"(2084, 2026, 2132, 2680, 2459, 2876)"
434,0.0,0.0,0.0,0.0,0.0,0.0,0.0,0.0,1.0,0.0,0.0,0.0,0.0,0.0,0.0,0.0,0.0,0.0,0.0,0.0,0.0,0.0,0.0,0.0,0.0,0.0,0.0,"(1946, 1870)"
435,0.0,0.0,0.0,0.0,0.0,0.0,0.0,0.0,0.0,0.0,0.0,0.0,0.0,0.0,0.0,0.0,0.0,0.0,0.0,0.0,0.0,0.0,0.0,0.0,0.0,0.0,1.0,"(1844, 2308)"
436,0.0,0.0,0.0,0.0,0.0,0.0,0.0,0.0,0.0,0.0,0.0,0.0,0.0,0.0,0.0,0.0,0.0,0.0,0.0,0.0,0.0,0.0,1.0,0.0,0.0,0.0,0.0,"(1738, 3332)"
437,0.0,0.0,0.0,0.0,0.0,0.0,0.0,0.0,0.0,0.0,1.0,0.0,0.0,0.0,0.0,0.0,0.0,0.0,0.0,0.0,0.0,0.0,0.0,0.0,0.0,0.0,0.0,"(1536, 1680, 1809, 1428, 1436, 1564, 1569, 1699, 1572, 1829, 1449, 1580, 1709, 1712, 1354, 1738, 2132, 1880, 1638, 1642, 2026, 1900, 1524, 1780)"
438,0.0,0.0,0.0,0.0,0.0,0.0,0.0,0.0,0.0,0.0,0.0,0.0,0.0,0.0,0.0,0.0,0.0,0.0,0.0,0.0,0.0,0.0,0.0,0.0,0.0,0.0,1.0,"(1536, 515, 1286, 1549, 659, 1049, 924, 928, 802, 1444, 430, 822, 1084, 1353, 1354, 843, 1098, 1102, 726, 1242, 1371, 999, 615, 1003, 749, 1406)"
439,0.0,0.0,0.0,0.0,0.0,0.0,0.0,0.0,1.0,0.0,0.0,0.0,0.0,0.0,0.0,0.0,0.0,0.0,0.0,0.0,0.0,0.0,0.0,0.0,0.0,0.0,0.0,"(1450, 1893)"
440,0.0,0.0,0.0,0.0,0.0,0.0,0.0,0.0,1.0,0.0,0.0,0.0,0.0,0.0,0.0,0.0,0.0,0.0,0.0,0.0,0.0,0.0,0.0,0.0,0.0,0.0,0.0,"(1353, 1197)"
441,0.0,0.0,0.0,0.0,0.0,0.0,0.0,0.0,0.0,0.0,0.0,0.0,0.0,0.0,0.0,0.0,0.0,0.0,0.0,0.0,0.0,0.0,0.0,0.0,0.0,0.0,1.0,"(1250, 1086, 1231)"
442,0.0,0.0,0.0,0.0,0.0,0.0,0.0,0.0,0.0,1.0,0.0,0.0,0.0,0.0,0.0,0.0,0.0,0.0,0.0,0.0,0.0,0.0,0.0,0.0,0.0,0.0,0.0,"(1089, 1058, 1699, 1738, 1068, 2256, 1076, 1780, 1880, 1055)"
443,0.0,0.0,0.0,0.0,0.0,0.0,0.0,0.0,0.0,0.0,0.0,0.0,0.0,0.0,0.0,0.0,0.0,0.0,0.0,0.0,0.0,0.0,0.0,0.0,0.0,0.0,1.0,"(953, 1427)"
444,0.0,0.0,0.0,0.0,0.0,0.0,0.0,0.0,0.0,0.0,0.0,0.0,0.0,0.0,0.0,0.0,0.0,0.0,0.0,0.0,0.0,0.0,0.0,0.0,0.0,0.0,1.0,"(769, 885)"
445,0.0,0.0,0.0,0.0,0.0,0.0,0.0,0.0,0.0,0.0,0.0,0.0,0.0,0.0,0.0,1.0,0.0,0.0,0.0,0.0,0.0,0.0,0.0,0.0,0.0,0.0,0.0,"(544, 712, 873, 203, 268, 365, 302, 463, 397, 735)"
446,0.0,0.0,0.0,0.0,0.0,0.0,0.0,0.0,1.0,0.0,0.0,0.0,0.0,0.0,0.0,0.0,0.0,0.0,0.0,0.0,0.0,0.0,0.0,0.0,0.0,0.0,0.0,"(540, 1086)"
447,0.0,0.0,0.0,0.0,0.0,0.0,0.0,0.0,0.0,0.0,0.0,0.0,0.0,0.0,0.0,0.0,1.0,0.0,0.0,0.0,0.0,0.0,0.0,0.0,0.0,0.0,0.0,"(450, 422, 550, 138, 13, 305, 7953, 244, 149, 568, 730, 607)"
448,0.0,0.0,0.0,0.0,0.0,0.0,0.0,0.0,0.0,0.0,0.0,0.0,0.0,0.0,0.0,0.0,0.0,0.0,0.0,0.0,0.0,0.0,0.0,1.0,0.0,0.0,0.0,"(422, 198, 839, 137, 1002, 1162, 969, 937, 494, 239, 366, 1036, 1202, 19, 1174, 152, 953)"
449,0.0,0.0,0.0,0.0,0.0,0.0,0.0,0.0,1.0,0.0,0.0,0.0,0.0,0.0,0.0,0.0,0.0,0.0,0.0,0.0,0.0,0.0,0.0,0.0,0.0,0.0,0.0,"(306, 172, 430)"
