15,8905,21AlpAnd,68UpsPeg,1,0.013167547490079744
15,39,21AlpAnd,88GamPeg,10,0.06266200474215315
15,165,21AlpAnd,31DelAnd,3,0.04158565512117319
15,8775,21AlpAnd,53BetPeg,7,0.09729574708953283
21,130,11BetCas,15KapCas,4,0.01665553808824882
21,168,11BetCas,18AlpCas,12,0.11191674861732884
21,153,11BetCas,17ZetCas,1,0.028438824714184505
21,264,11BetCas,27GamCas,8,0.09071795328941247
21,8571,11BetCas,27DelCep,1,0.02497200204227615
21,8694,11BetCas,32IotCep,1,0.03132584980962367
21,8961,11BetCas,16LamAnd,1,0.024112799016201236
25,8937,EpsPhe,BetScl,1,0.014698644504901777
25,100,EpsPhe,KapPhe,2,0.0223707718561656
39,271,88GamPeg,38EtaAnd,0,0.012906812580479867
39,224,88GamPeg,63DelPsc,0,0.013036528203437744
39,8905,88GamPeg,68UpsPeg,0,0.013366382405999714
39,8969,88GamPeg,17IotPsc,1,0.018685639337732773
48,8988,7Cet,105Ome2Aqr,2,0.01303652820343773
48,188,7Cet,16BetCet,0,0.013433549594245309
48,280,7Cet,AlpScl,0,0.01356855901220093
74,8988,8IotCet,105Ome2Aqr,0,0.01303652820343773
74,188,8IotCet,16BetCet,3,0.03174563637806794
74,334,8IotCet,31EtaCet,1,0.03174563637806794
77,9076,ZetTuc,EpsTuc,1,0.011447315850505705
77,705,ZetTuc,DelHyi,0,0.014995576820477698
77,126,ZetTuc,Bet1Tuc,2,0.015146284873046971
98,9076,BetHyi,EpsTuc,0,0.011333413154667394
98,705,BetHyi,DelHyi,1,0.017077388507484803
98,1208,BetHyi,GamHyi,1,0.0399550582606539
98,8254,BetHyi,NuOct,1,0.02351774585600912
99,8937,AlpPhe,BetScl,0,0.014698644504901777
99,100,AlpPhe,KapPhe,2,0.022148178957037325
100,322,KapPhe,BetPhe,2,0.022936803931282477
126,9076,Bet1Tuc,EpsTuc,0,0.011447315850505705
126,191,Bet1Tuc,EtaPhe,0,0.013842662086479496
126,8848,Bet1Tuc,GamTuc,1,0.020040501061684007
130,8819,15KapCas,33PiCep,0,0.012906812580479866
130,264,15KapCas,27GamCas,3,0.016739233558580625
153,343,17ZetCas,33TheCas,0,0.014407591843112359
153,168,17ZetCas,18AlpCas,1,0.027598330423249273
153,464,17ZetCas,51And,1,0.02815585368030011
153,8961,17ZetCas,16LamAnd,1,0.02446077580540678
154,165,29PiAnd,31DelAnd,3,0.013636401241910963
154,269,29PiAnd,37MuAnd,3,0.013981783153338303
154,8965,29PiAnd,17IotAnd,0,0.013981783153338303
154,337,29PiAnd,43BetAnd,1,0.013981783153338303
163,271,30EpsAnd,38EtaAnd,0,0.01303652820343773
163,165,30EpsAnd,31DelAnd,1,0.01384266208647951
163,215,30EpsAnd,34ZetAnd,2,0.01384266208647951
165,271,31DelAnd,38EtaAnd,0,0.012906812580479867
165,337,31DelAnd,43BetAnd,2,0.04117187093906772
168,343,18AlpCas,33TheCas,2,0.014264233908999249
168,219,18AlpCas,24EtaCas,4,0.034047454734599344
188,334,16BetCet,31EtaCet,2,0.03473525894473857
188,509,16BetCet,52TauCet,1,0.0337086768995724
191,472,EtaPhe,AlpEri,0,0.013101710301271675
191,338,EtaPhe,ZetPhe,1,0.013981783153338303
215,271,34ZetAnd,38EtaAnd,1,0.01316754749007976
219,343,24EtaCas,33TheCas,0,0.014264233908999249
219,264,24EtaCas,27GamCas,3,0.034047454734599344
224,334,63DelPsc,31EtaCet,0,0.013299883542443776
224,9072,63DelPsc,28OmePsc,1,0.013299883542443776
224,294,63DelPsc,71EpsPsc,3,0.013299883542443776
264,403,27GamCas,37DelCas,12,0.07353454376305707
269,335,37MuAnd,42PhiAnd,0,0.015607557919982841
269,337,37MuAnd,43BetAnd,4,0.02282269142509298
271,337,38EtaAnd,43BetAnd,0,0.01303652820343773
271,553,38EtaAnd,6BetAri,0,0.013101710301271682
271,294,38EtaAnd,71EpsPsc,0,0.01316754749007976
271,437,38EtaAnd,99EtaPsc,0,0.01316754749007976
271,544,38EtaAnd,2AlpTri,0,0.01316754749007976
280,509,AlpScl,52TauCet,0,0.014995576820477712
280,8937,AlpScl,BetScl,1,0.014479629202017594
285,7750,285,1KapCep,0,0.012778387649535766
285,424,285,1AlpUMi,2,0.014264233908999256
294,489,71EpsPsc,106NuPsc,4,0.012906812580479871
294,437,71EpsPsc,99EtaPsc,1,0.01545226012390951
322,440,BetPhe,DelPhe,1,0.02214817895703732
322,429,BetPhe,GamPhe,2,0.03800642707517432
334,402,31EtaCet,45TheCet,4,0.030500872171217486
335,343,42PhiAnd,33TheCas,0,0.014407591843112359
335,458,42PhiAnd,50UpsAnd,0,0.015607557919982841
335,464,42PhiAnd,51And,0,0.015607557919982841
337,603,43BetAnd,57Gam1And,2,0.12573833038971965
337,622,43BetAnd,4BetTri,1,0.054475729869189894
338,440,ZetPhe,DelPhe,1,0.021493601345089916
338,472,ZetPhe,AlpEri,1,0.020241911445804395
343,403,33TheCas,37DelCas,1,0.014264233908999249
343,496,33TheCas,PhiPer,0,0.014407591843112359
402,489,45TheCet,106NuPsc,0,0.013299218575973609
402,595,45TheCet,113AlpPsc,1,0.02178085387035241
402,539,45TheCet,55ZetCet,3,0.026782676492638175
403,542,37DelCas,45EpsCas,11,0.03615283175404642
424,6789,1AlpUMi,23DelUMi,7,0.01277838764953576
429,841,GamPhe,BetFor,0,0.013167547490079756
437,510,99EtaPsc,110OmiPsc,5,0.015452260123909526
440,555,DelPhe,PsiPhe,1,0.013842662086479506
440,566,DelPhe,ChiEri,1,0.021067999523041437
458,464,50UpsAnd,51And,2,0.018685639337732773
458,603,50UpsAnd,57Gam1And,1,0.01840721632003387
464,496,51And,PhiPer,2,0.018873433135151482
464,603,51And,57Gam1And,1,0.031272614517836195
472,566,AlpEri,ChiEri,1,0.025222974835227216
489,510,106NuPsc,110OmiPsc,3,0.012906812580479871
489,595,106NuPsc,113AlpPsc,4,0.012906812580479871
496,799,PhiPer,13ThePer,1,0.017952964939502856
509,539,52TauCet,55ZetCet,3,0.025991128778755333
509,585,52TauCet,59UpsCet,1,0.020445346037937656
510,595,110OmiPsc,113AlpPsc,1,0.015452260123909526
539,811,55ZetCet,89PiCet,1,0.015297742673217771
539,681,55ZetCet,68OmiCet,1,0.025476469946681013
542,1155,45EpsCas,1155,0,0.01215517832991494
542,834,45EpsCas,15EtaPer,1,0.025476469946681034
542,915,45EpsCas,23GamPer,1,0.03725384939621583
542,1035,45EpsCas,1035,1,0.01592285150451169
544,622,2AlpTri,4BetTri,4,0.036152831754046426
544,617,2AlpTri,13AlpAri,2,0.036152831754046426
546,649,5Gam2Ari,65Xi1Cet,0,0.013568559012200929
546,553,5Gam2Ari,6BetAri,8,0.019318572304114733
553,617,6BetAri,13AlpAri,9,0.07808166600115318
555,674,PsiPhe,PhiEri,0,0.013299883542443774
555,566,PsiPhe,ChiEri,0,0.013568559012200929
555,721,PsiPhe,KapEri,0,0.013568559012200929
555,794,PsiPhe,IotEri,0,0.013699330901720312
566,674,ChiEri,PhiEri,2,0.025222974835227216
580,1155,50Cas,1155,0,0.011619012711191899
580,8819,50Cas,33PiCep,0,0.01252535862107438
585,818,59UpsCet,1Tau1Eri,0,0.012525358621074392
591,806,AlpHyi,EpsHyi,0,0.01673923355858063
591,705,AlpHyi,DelHyi,1,0.017077388507484803
591,1208,AlpHyi,GamHyi,1,0.03975528463412809
591,1175,AlpHyi,BetRet,1,0.02160106845625761
595,649,113AlpPsc,65Xi1Cet,0,0.013568559012200929
595,779,113AlpPsc,82DelCet,1,0.018685639337732773
603,840,57Gam1And,16Per,1,0.016082878822588426
603,622,57Gam1And,4BetTri,2,0.05502322005640724
603,799,57Gam1And,13ThePer,1,0.01813339523680107
617,813,13AlpAri,87MuCet,0,0.015298507566725529
617,838,13AlpAri,41Ari,5,0.02901332708219707
622,840,4BetTri,16Per,0,0.01600246509858874
622,664,4BetTri,9GamTri,5,0.019841094744370298
649,718,65Xi1Cet,73Xi2Cet,3,0.013568559012200929
664,840,9GamTri,16Per,1,0.01592285150451169
674,721,PhiEri,KapEri,2,0.014552390548416132
681,811,68OmiCet,89PiCet,1,0.015146284873046985
681,779,68OmiCet,82DelCet,1,0.018685639337732773
705,806,DelHyi,EpsHyi,2,0.01624451444194987
718,804,73Xi2Cet,86GamCet,4,0.015146284873046988
718,813,73Xi2Cet,87MuCet,4,0.015146284873046988
721,794,KapEri,IotEri,1,0.015146284873046985
721,897,KapEri,The1Eri,1,0.014552390548416132
779,804,82DelCet,86GamCet,4,0.018685639337732773
794,841,IotEri,BetFor,0,0.012277339903068441
794,897,IotEri,The1Eri,1,0.017077388507484786
799,840,13ThePer,16Per,0,0.01592285150451169
799,854,13ThePer,18TauPer,1,0.01813339523680107
799,941,13ThePer,27KapPer,1,0.017952964939502856
804,911,86GamCet,92AlpCet,4,0.03404745473459935
806,1208,EpsHyi,GamHyi,1,0.01624451444194987
811,818,89PiCet,1Tau1Eri,1,0.01215517832991494
811,874,89PiCet,3EtaEri,1,0.014970246160332858
813,951,87MuCet,57DelAri,0,0.013842662086479506
818,1003,1Tau1Eri,16Tau4Eri,0,0.012114991215955852
818,919,1Tau1Eri,11Tau3Eri,3,0.01215517832991494
834,1035,15EtaPer,1035,0,0.01624451444194988
834,915,15EtaPer,23GamPer,4,0.025476469946681034
838,999,41Ari,999,0,0.012525358621074392
838,887,41Ari,48EpsAri,1,0.022653860256141297
840,999,16Per,999,0,0.01233872609103307
840,936,16Per,26BetPer,1,0.01592285150451169
840,921,16Per,25RhoPer,4,0.01592285150451169
841,963,BetFor,AlpFor,1,0.01203423228472377
841,919,BetFor,11Tau3Eri,0,0.01203423228472377
841,897,BetFor,The1Eri,0,0.012277339903068441
854,915,18TauPer,23GamPer,1,0.021173338642832103
854,937,18TauPer,IotPer,2,0.019350974481992644
868,1355,868,EpsRet,0,0.011914489672789644
874,1101,3EtaEri,10Tau,0,0.014698644504901775
874,1084,3EtaEri,18EpsEri,2,0.021709615629848567
887,999,48EpsAri,999,0,0.012525358621074392
887,951,48EpsAri,57DelAri,2,0.014122302410163969
897,1008,The1Eri,1008,1,0.014264233908999264
897,1190,The1Eri,XXX,1,0.014385374109892546
911,1101,92AlpCet,10Tau,0,0.014846368338086825
915,1035,23GamPer,1035,1,0.01624451444194988
915,1017,23GamPer,33AlpPer,5,0.05901285366944784
919,963,11Tau3Eri,AlpFor,1,0.01777432995365945
919,1003,11Tau3Eri,16Tau4Eri,3,0.017422374639493508
921,999,25RhoPer,999,0,0.012277339903068443
921,936,25RhoPer,26BetPer,4,0.036883167401240015
936,941,26BetPer,27KapPer,3,0.024477523271652687
936,1220,26BetPer,45EpsPer,2,0.06081006262521798
936,1122,26BetPer,39DelPer,4,0.053933687300356054
937,1052,IotPer,35SigPer,0,0.013981783153338303
937,941,IotPer,27KapPer,2,0.019063114291611647
937,1017,IotPer,33AlpPer,1,0.019063114291611647
941,1052,27KapPer,35SigPer,0,0.014122302410163955
941,1017,27KapPer,33AlpPer,1,0.024477523271652687
951,999,57DelAri,999,0,0.012525358621074392
951,1156,57DelAri,23Tau,0,0.01370492529736495
999,1131,999,38OmiPer,0,0.012277339903068443
999,1142,999,17Tau,0,0.012277339903068443
999,1145,999,19Tau,0,0.012277339903068443
1003,1162,16Tau4Eri,26PiEri,0,0.012277339903068445
1003,1084,16Tau4Eri,18EpsEri,1,0.024723526470339388
1003,1088,16Tau4Eri,19Tau5Eri,3,0.01479728368625471
1008,1338,1008,GamDor,0,0.014122302410163969
1008,1190,1008,XXX,1,0.014264233908999264
1017,1052,33AlpPer,35SigPer,1,0.013981783153338303
1017,1261,33AlpPer,47LamPer,1,0.014995576820477712
1017,1122,33AlpPer,39DelPer,4,0.053933687300356054
1017,1087,33AlpPer,37PsiPer,1,0.01592285150451169
1030,1101,1OmiTau,10Tau,0,0.014920599561184763
1030,1038,1OmiTau,2XiTau,1,0.025476469946681006
1035,1155,1035,1155,0,0.01215517832991494
1038,1066,2XiTau,5Tau,1,0.017597472415623386
1052,1122,35SigPer,39DelPer,0,0.013981783153338303
1052,1135,35SigPer,41NuPer,0,0.013981783153338303
1052,1087,35SigPer,37PsiPer,1,0.013981783153338303
1066,1256,5Tau,37Tau,0,0.01370492529736494
1084,1162,18EpsEri,26PiEri,0,0.012277339903068445
1084,1136,18EpsEri,23DelEri,2,0.024477523271652674
1087,1122,37PsiPer,39DelPer,2,0.01592285150451169
1088,1162,19Tau5Eri,26PiEri,0,0.01252535862107438
1088,1173,19Tau5Eri,27Tau6Eri,3,0.01467381542543382
1101,1136,10Tau,23DelEri,0,0.014650048253515742
1122,1220,39DelPer,45EpsPer,3,0.053933687300356054
1122,1273,39DelPer,48Per,2,0.01925470177538693
1131,1203,38OmiPer,44ZetPer,4,0.023283740374897
1135,1220,41NuPer,45EpsPer,1,0.025222974835227226
1136,1162,23DelEri,26PiEri,1,0.012277339903068445
1136,1463,23DelEri,48NuEri,1,0.02061594162633813
1142,1156,17Tau,23Tau,22,0.016407774526292652
1142,1145,17Tau,19Tau,8,0.01455239054841613
1142,1149,17Tau,20Tau,13,0.022370771856165587
1145,1149,19Tau,20Tau,10,0.014407591843112355
1155,1603,1155,10BetCam,0,0.01191448967278964
1156,1256,23Tau,37Tau,0,0.013568559012200927
1156,1165,23Tau,25EtaTau,20,0.016244514441949878
1156,1178,23Tau,27Tau,2,0.016244514441949878
1162,1231,26PiEri,34GamEri,1,0.012277339903068445
1165,1178,25EtaTau,27Tau,20,0.03620552606500421
1165,1239,25EtaTau,35LamTau,1,0.03304120037588693
1173,1496,27Tau6Eri,54Eri,0,0.013704240079650837
1173,1347,27Tau6Eri,41Ups4Eri,2,0.015146284873046971
1175,1355,BetRet,EpsRet,0,0.011678566970395444
1175,2015,BetRet,DelDor,0,0.012651240568005309
1175,1336,BetRet,AlpRet,1,0.021067999523041434
1178,1256,27Tau,37Tau,0,0.013568559012200927
1178,1373,27Tau,61Del1Tau,2,0.0247235264703394
1190,1347,XXX,41Ups4Eri,0,0.014385374109892546
1190,1195,XXX,1195,2,0.014972452364364395
1195,1347,1195,41Ups4Eri,2,0.015764416484854493
1203,1256,44ZetPer,37Tau,0,0.01370492529736494
1203,1220,44ZetPer,45EpsPer,1,0.060204992392373514
1203,1228,44ZetPer,46XiPer,4,0.01906311429161163
1208,3340,GamHyi,TheCha,0,0.012651240568005309
1220,1454,45EpsPer,58Per,0,0.01545226012390951
1220,1228,45EpsPer,46XiPer,4,0.01906311429161163
1220,1641,45EpsPer,10EtaAur,1,0.04595925664904423
1228,1454,46XiPer,58Per,0,0.015298507566725511
1231,1325,34GamEri,40Omi2Eri,0,0.012155178329914943
1231,1496,34GamEri,54Eri,0,0.01356855901220093
1239,1256,35LamTau,37Tau,0,0.013568559012200927
1239,1320,35LamTau,49MuTau,0,0.014552390548416129
1239,1346,35LamTau,54GamTau,3,0.027507085587534282
1251,1320,38NuTau,49MuTau,0,0.014552390548416129
1256,1392,37Tau,69UpsTau,0,0.013568559012200927
1256,1387,37Tau,65Kap1Tau,0,0.013568559012200927
1256,1346,37Tau,54GamTau,0,0.01370492529736494
1256,1373,37Tau,61Del1Tau,1,0.01370492529736494
1261,1568,47LamPer,7Cam,0,0.0124007292204434
1261,1273,47LamPer,48Per,0,0.014995576820477712
1261,1303,47LamPer,51MuPer,2,0.014995576820477712
1273,1303,48Per,51MuPer,2,0.017422374639493525
1298,1325,38Omi1Eri,40Omi2Eri,0,0.012277339903068445
1298,1463,38Omi1Eri,48NuEri,1,0.01865469921940996
1303,1568,51MuPer,7Cam,0,0.0124007292204434
1325,1481,40Omi2Eri,53Eri,0,0.012155178329914943
1325,1560,40Omi2Eri,61OmeEri,0,0.012400729220443402
1325,1463,40Omi2Eri,48NuEri,0,0.012609413386812995
1326,1502,AlpHor,AlpCae,0,0.011914489672789642
1336,1355,AlpRet,EpsRet,1,0.011854917720857798
1338,1502,GamDor,AlpCae,0,0.011678566970395442
1338,1465,GamDor,AlpDor,2,0.014264233908999256
1346,1394,54GamTau,71Tau,1,0.01191448967278964
1346,1373,54GamTau,61Del1Tau,23,0.0247235264703394
1346,1412,54GamTau,78The2Tau,20,0.027598330423249287
1347,1393,41Ups4Eri,43Eri,3,0.02024191144580439
1355,1465,EpsRet,AlpDor,0,0.011795938519751562
1355,1922,EpsRet,BetDor,0,0.011795938519751562
1373,1394,61Del1Tau,71Tau,0,0.01191448967278964
1373,1389,61Del1Tau,68Del3Tau,4,0.014552390548416129
1373,1409,61Del1Tau,74EpsTau,19,0.0247235264703394
1389,1409,68Del3Tau,74EpsTau,4,0.014552390548416129
1389,1457,68Del3Tau,87AlpTau,0,0.014552390548416129
1392,1577,69UpsTau,3IotAur,0,0.014698644504901775
1393,1502,43Eri,AlpCae,0,0.011914489672789642
1393,1464,43Eri,52Ups2Eri,3,0.019448214745385394
1394,1412,71Tau,78The2Tau,1,0.01191448967278964
1394,1473,71Tau,90Tau,0,0.01191448967278964
1394,1458,71Tau,88Tau,0,0.011974061624721486
1409,1497,74EpsTau,94TauTau,1,0.014698644504901775
1412,1457,78The2Tau,87AlpTau,21,0.06171138389304452
1454,1577,58Per,3IotAur,0,0.015146284873046985
1454,1612,58Per,8ZetAur,0,0.015146284873046985
1457,1543,87AlpTau,1Pi3Ori,1,0.04371779725275094
1457,1879,87AlpTau,39LamOri,1,0.03580799617434693
1457,1910,87AlpTau,123ZetTau,1,0.05286572873835037
1458,1544,88Tau,2Pi2Ori,0,0.013568559012200927
1458,1473,88Tau,90Tau,1,0.014846368338086838
1463,1520,48NuEri,57MuEri,1,0.018685639337732773
1464,1502,52Ups2Eri,AlpCae,0,0.011914489672789642
1464,1654,52Ups2Eri,2EpsLep,1,0.02363297028866981
1464,1862,52Ups2Eri,EpsCol,1,0.02127973643837717
1465,1502,AlpDor,AlpCae,0,0.011795938519751567
1465,1922,AlpDor,BetDor,2,0.02328374037489701
1481,1696,53Eri,3IotLep,0,0.01215517832991493
1481,1679,53Eri,69LamEri,1,0.01455239054841613
1496,1654,54Eri,2EpsLep,0,0.014122302410163955
1497,1845,94TauTau,119Tau,0,0.013299883542443772
1497,1791,94TauTau,112BetTau,1,0.014698644504901775
1502,2020,AlpCae,BetPic,0,0.011795938519751567
1502,1862,AlpCae,EpsCol,0,0.011914489672789642
1502,2120,AlpCae,EtaCol,0,0.011914489672789642
1520,1601,57MuEri,10Pi6Ori,0,0.011854917720857798
1520,1560,57MuEri,61OmeEri,2,0.013167547490079756
1542,2238,9AlpCam,2Lyn,0,0.011678566970395437
1543,1544,1Pi3Ori,2Pi2Ori,4,0.013568559012200927
1543,1552,1Pi3Ori,3Pi4Ori,7,0.02651618440889418
1544,1790,2Pi2Ori,24GamOri,0,0.013523699018173366
1544,1580,2Pi2Ori,9Omi2Ori,2,0.013568559012200927
1552,1698,3Pi4Ori,17RhoOri,0,0.012195827223277143
1552,1567,3Pi4Ori,8Pi5Ori,5,0.0252229748352272
1552,1790,3Pi4Ori,24GamOri,2,0.026472278291032644
1560,1666,61OmeEri,67BetEri,1,0.013145744357203183
1567,1601,8Pi5Ori,10Pi6Ori,2,0.011795938519751567
1567,1790,8Pi5Ori,24GamOri,1,0.025476469946681016
1567,1666,8Pi5Ori,67BetEri,2,0.024972002042276144
1568,2077,7Cam,33DelAur,1,0.012114991215955852
1568,1605,7Cam,7EpsAur,0,0.01215517832991494
1568,1708,7Cam,13AlpAur,0,0.01215517832991494
1577,1641,3IotAur,10EtaAur,1,0.044600955340274535
1577,1791,3IotAur,112BetTau,4,0.0720784622387661
1577,1612,3IotAur,8ZetAur,2,0.02497200204227615
1580,1845,9Omi2Ori,119Tau,0,0.013299883542443772
1580,1879,9Omi2Ori,39LamOri,1,0.018133395236801065
1580,1790,9Omi2Ori,24GamOri,1,0.018133395236801065
1601,1666,10Pi6Ori,67BetEri,0,0.01167856697039545
1601,1698,10Pi6Ori,17RhoOri,0,0.01167856697039545
1601,1765,10Pi6Ori,22Ori,0,0.01167856697039545
1603,2238,10BetCam,2Lyn,0,0.011736959318645322
1605,1641,7EpsAur,10EtaAur,2,0.044600955340274535
1605,1708,7EpsAur,13AlpAur,1,0.05447572986918984
1612,1641,8ZetAur,10EtaAur,3,0.02497200204227615
1641,2012,10EtaAur,32NuAur,1,0.020040501061684014
1641,1708,10EtaAur,13AlpAur,1,0.0450492023935578
1654,1702,2EpsLep,5MuLep,1,0.039955058260653924
1654,1829,2EpsLep,9BetLep,3,0.042852126867040166
1666,1679,67BetEri,69LamEri,2,0.01455239054841613
1666,1713,67BetEri,19BetOri,3,0.06521928966812753
1666,1735,67BetEri,20TauOri,1,0.029013327082197053
1666,1788,67BetEri,28EtaOri,2,0.03688316740124001
1679,1696,69LamEri,3IotLep,0,0.01235973027293053
1696,1705,3IotLep,4KapLep,5,0.011914489672789642
1696,1756,3IotLep,6LamLep,0,0.01215517832991493
1696,1784,3IotLep,29Ori,0,0.0124007292204434
1696,1713,3IotLep,19BetOri,2,0.0124007292204434
1698,1790,17RhoOri,24GamOri,0,0.012277339903068441
1698,1839,17RhoOri,32Ori,0,0.012277339903068441
1698,1852,17RhoOri,34DelOri,0,0.012277339903068441
1702,1705,5MuLep,4KapLep,3,0.013568559012200927
1702,1865,5MuLep,11AlpLep,3,0.03877420783172201
1705,1756,4KapLep,6LamLep,4,0.013299883542443762
1708,2088,13AlpAur,34BetAur,5,0.1588174261069207
1713,1784,19BetOri,29Ori,3,0.016907465652705286
1713,1788,19BetOri,28EtaOri,2,0.03688316740124001
1713,2004,19BetOri,53KapOri,8,0.1353352832366127
1735,1887,20TauOri,1887,0,0.0132510896469271
1735,1784,20TauOri,29Ori,1,0.016907465652705286
1756,1865,6LamLep,11AlpLep,0,0.014552390548416129
1756,1998,6LamLep,14ZetLep,0,0.014552390548416129
1765,1788,22Ori,28EtaOri,0,0.013659327519163197
1784,1887,29Ori,1887,1,0.0132510896469271
1784,2004,29Ori,53KapOri,2,0.016907465652705286
1788,1852,28EtaOri,34DelOri,6,0.03688316740124001
1790,1876,24GamOri,37Phi1Ori,1,0.012906812580479866
1790,1879,24GamOri,39LamOri,5,0.03580799617434693
1790,1852,24GamOri,34DelOri,11,0.11417761691083649
1790,2061,24GamOri,58AlpOri,6,0.2059750982048835
1791,2219,112BetTau,44KapAur,0,0.01370492529736495
1791,1910,112BetTau,123ZetTau,2,0.053397038145197084
1791,2095,112BetTau,37TheAur,3,0.07730474044329974
1829,1983,9BetLep,13GamLep,4,0.030777549102278624
1829,1865,9BetLep,11AlpLep,4,0.060810062625217945
1839,1852,32Ori,34DelOri,1,0.015922851504511688
1845,2047,119Tau,54Chi1Ori,0,0.012651240568005298
1852,2061,34DelOri,58AlpOri,2,0.11417761691083649
1852,1903,34DelOri,46EpsOri,33,0.11417761691083649
1862,1956,EpsCol,AlpCol,4,0.02127973643837717
1865,1998,11AlpLep,14ZetLep,2,0.030500872171217493
1876,1907,37Phi1Ori,40Phi2Ori,4,0.012906812580479866
1876,1879,37Phi1Ori,39LamOri,4,0.012906812580479866
1879,2159,39LamOri,67NuOri,0,0.012778387649535766
1879,1907,39LamOri,40Phi2Ori,2,0.01777432995365945
1879,2061,39LamOri,58AlpOri,4,0.03580799617434693
1887,2004,1887,53KapOri,1,0.0132510896469271
1887,1897,1887,43The2Ori,1,0.0132510896469271
1887,1899,1887,44IotOri,0,0.0132510896469271
1892,1897,42Ori,43The2Ori,5,0.013675666228598572
1892,1931,42Ori,48SigOri,2,0.017222419659366318
1897,1931,43The2Ori,48SigOri,0,0.013675666228598572
1897,1899,43The2Ori,44IotOri,5,0.013675666228598572
1899,1903,44IotOri,46EpsOri,1,0.06653680671501686
1899,1931,44IotOri,48SigOri,2,0.023517745856009107
1899,1948,44IotOri,50ZetOri,3,0.06653680671501686
1903,1931,46EpsOri,48SigOri,0,0.023517745856009107
1903,1948,46EpsOri,50ZetOri,33,0.15710895438257053
1907,2061,40Phi2Ori,58AlpOri,2,0.01777432995365945
1910,2047,123ZetTau,54Chi1Ori,0,0.012651240568005298
1922,2015,BetDor,DelDor,2,0.012778387649535773
1931,1948,48SigOri,50ZetOri,4,0.023517745856009107
1948,2298,50ZetOri,8EpsMon,0,0.01252535862107438
1948,2004,50ZetOri,53KapOri,9,0.1353352832366127
1948,2061,50ZetOri,58AlpOri,2,0.15710895438257053
1948,2491,50ZetOri,9AlpCMa,1,0.16189363436821613
1956,2106,AlpCol,GamCol,1,0.013036528203437732
1956,2040,AlpCol,BetCol,2,0.04504920239355781
1983,2035,13GamLep,15DelLep,3,0.022822691425092974
1998,2085,14ZetLep,16EtaLep,2,0.025991128778755344
2004,2227,53KapOri,5GamMon,1,0.019448214745385384
2004,2085,53KapOri,16EtaLep,1,0.025991128778755344
2012,2095,32NuAur,37TheAur,0,0.019841094744370288
2015,2736,DelDor,Gam2Vol,0,0.012651240568005309
2015,2803,DelDor,DelVol,0,0.012651240568005309
2015,2550,DelDor,AlpPic,0,0.012778387649535773
2035,2387,15DelLep,4Xi1CMa,0,0.013981783153338301
2040,2106,BetCol,GamCol,1,0.013299883542443762
2040,2120,BetCol,EtaCol,1,0.02024191144580439
2040,2282,BetCol,1ZetCMa,2,0.04504920239355781
2047,2159,54Chi1Ori,67NuOri,1,0.01252535862107438
2047,2216,54Chi1Ori,7EtaGem,0,0.01252535862107438
2047,2134,54Chi1Ori,1Gem,1,0.012651240568005298
2061,2298,58AlpOri,8EpsMon,0,0.01252535862107438
2061,2124,58AlpOri,61MuOri,3,0.017162774738471488
2061,2216,58AlpOri,7EtaGem,1,0.039163895098987066
2077,2238,33DelAur,2Lyn,0,0.011678566970395437
2085,2227,16EtaLep,5GamMon,0,0.019841094744370288
2088,2091,34BetAur,35PiAur,0,0.01499557682047771
2088,2095,34BetAur,37TheAur,4,0.07730474044329974
2088,2890,34BetAur,66AlpGem,1,0.1588174261069207
2091,2560,35PiAur,15Lyn,0,0.01370492529736495
2095,2219,37TheAur,44KapAur,0,0.013433549594245307
2106,2282,GamCol,1ZetCMa,0,0.013036528203437732
2106,2256,GamCol,KapCol,2,0.013433549594245307
2124,2385,61MuOri,13Mon,0,0.01156236328746853
2124,2199,61MuOri,70XiOri,1,0.011795938519751555
2134,2219,1Gem,44KapAur,0,0.013433549594245307
2134,2216,1Gem,7EtaGem,2,0.01560755791998283
2159,2199,67NuOri,70XiOri,3,0.011795938519751555
2199,2385,70XiOri,13Mon,0,0.01156236328746853
2199,2343,70XiOri,18NuGem,0,0.011795938519751555
2216,2286,7EtaGem,13MuGem,4,0.03762825680717622
2219,2473,44KapAur,27EpsGem,0,0.013433549594245307
2219,2286,44KapAur,13MuGem,0,0.013433549594245307
2227,2298,5GamMon,8EpsMon,1,0.01252535862107438
2227,2356,5GamMon,11BetMon,2,0.019448214745385384
2238,2560,2Lyn,15Lyn,1,0.011795938519751555
2256,2361,KapCol,LamCMa,0,0.011678566970395437
2256,2451,KapCol,NuPup,0,0.012906812580479871
2256,2296,KapCol,DelCol,1,0.01303652820343773
2282,2361,1ZetCMa,LamCMa,0,0.011562363287468532
2282,2387,1ZetCMa,4Xi1CMa,0,0.013500716782490898
2282,2294,1ZetCMa,2BetCMa,1,0.05079283386489848
2282,2538,1ZetCMa,13KapCMa,2,0.019448214745385394
2282,2618,1ZetCMa,21EpsCMa,1,0.04978706836786395
2282,2653,1ZetCMa,24Omi2CMa,1,0.04978706836786395
2286,2343,13MuGem,18NuGem,3,0.016407774526292638
2286,2421,13MuGem,24GamGem,2,0.0584256659645008
2286,2473,13MuGem,27EpsGem,5,0.05260140229737527
2294,2443,2BetCMa,8Nu3CMa,1,0.012277339903068445
2294,2491,2BetCMa,9AlpCMa,2,0.14156270715660807
2294,2387,2BetCMa,4Xi1CMa,1,0.013981783153338301
2294,2429,2BetCMa,7Nu2CMa,1,0.01984109474437028
2296,2361,DelCol,LamCMa,0,0.011620174622145554
2298,2385,8EpsMon,13Mon,1,0.011795938519751565
2326,2435,AlpCar,2435,0,0.012338726091033075
2326,2451,AlpCar,NuPup,1,0.04200359790344555
2326,2550,AlpCar,AlpPic,1,0.03762825680717622
2343,2421,18NuGem,24GamGem,3,0.016407774526292638
2356,2506,11BetMon,18Mon,0,0.011619012711191899
2356,2714,11BetMon,22DelMon,1,0.016244514441949867
2361,2538,LamCMa,13KapCMa,0,0.011795938519751555
2385,2478,13Mon,30Gem,0,0.011504551952791509
2385,2506,13Mon,18Mon,0,0.01156236328746853
2387,2618,4Xi1CMa,21EpsCMa,0,0.01343354959424531
2387,2580,4Xi1CMa,16Omi1CMa,1,0.01363640124191096
2421,2478,24GamGem,30Gem,0,0.011562363287468532
2421,2484,24GamGem,31XiGem,6,0.03473525894473856
2421,2650,24GamGem,43ZetGem,1,0.023517745856009097
2429,2443,7Nu2CMa,8Nu3CMa,0,0.012277339903068445
2429,2596,7Nu2CMa,20IotCMa,0,0.01303652820343773
2429,2491,7Nu2CMa,9AlpCMa,2,0.019643672553065292
2435,2554,2435,2554,0,0.012155178329914935
2443,2491,8Nu3CMa,9AlpCMa,0,0.012215953715103818
2451,2740,NuPup,2740,0,0.011108996538242308
2451,2553,NuPup,TauPup,1,0.04158565512117318
2451,2878,NuPup,SigPup,1,0.03877420783172201
2473,2697,27EpsGem,46TauGem,0,0.012651240568005298
2473,2890,27EpsGem,66AlpGem,2,0.05393368730035602
2473,2650,27EpsGem,43ZetGem,4,0.022595601851121864
2473,2777,27EpsGem,55DelGem,1,0.030500872171217483
2478,2484,30Gem,31XiGem,0,0.011220643809589084
2478,2650,30Gem,43ZetGem,0,0.011678566970395437
2484,2763,31XiGem,54LamGem,1,0.02901332708219704
2491,2574,9AlpCMa,14TheCMa,1,0.017597472415623386
2491,2943,9AlpCMa,10AlpCMi,3,0.7117703227626093
2491,2596,9AlpCMa,20IotCMa,2,0.01303652820343773
2506,2714,18Mon,22DelMon,0,0.01144731585050571
2506,2845,18Mon,3BetCMi,0,0.011795938519751567
2538,2773,13KapCMa,PiPup,1,0.019063114291611637
2538,2618,13KapCMa,21EpsCMa,3,0.01984109474437028
2540,2697,34TheGem,46TauGem,3,0.012651240568005298
2550,2554,AlpPic,2554,0,0.012155178329914935
2553,2740,TauPup,2740,0,0.011108996538242308
2554,3117,2554,ChiCar,0,0.012155178329914935
2560,3323,15Lyn,1OmiUMa,0,0.012778387649535773
2560,3275,15Lyn,31Lyn,1,0.013433549594245307
2574,2596,14TheCMa,20IotCMa,0,0.013167547490079746
2574,2657,14TheCMa,23GamCMa,2,0.016822929028912435
2580,2596,16Omi1CMa,20IotCMa,0,0.013167547490079746
2580,2646,16Omi1CMa,22SigCMa,0,0.02127973643837717
2596,2657,20IotCMa,23GamCMa,1,0.01303652820343773
2596,2653,20IotCMa,24Omi2CMa,1,0.013167547490079746
2618,2646,21EpsCMa,22SigCMa,2,0.032064685327860755
2618,2827,21EpsCMa,31EtaCMa,3,0.08981529457224759
2646,2693,22SigCMa,25DelCMa,1,0.032064685327860755
2646,2827,22SigCMa,31EtaCMa,1,0.032064685327860755
2650,2777,43ZetGem,55DelGem,3,0.023517745856009097
2650,2763,43ZetGem,54LamGem,4,0.023283740374897
2653,2906,24Omi2CMa,2906,1,0.011678566970395442
2653,2693,24Omi2CMa,25DelCMa,1,0.04978706836786395
2657,2906,23GamCMa,2906,0,0.011914489672789642
2693,2782,25DelCMa,30TauCMa,0,0.012778387649535754
2693,2827,25DelCMa,31EtaCMa,3,0.08803683258237256
2693,2749,25DelCMa,28OmeCMa,1,0.022148178957037305
2697,2777,46TauGem,55DelGem,0,0.012651240568005298
2697,2821,46TauGem,60IotGem,3,0.012651240568005298
2697,2852,46TauGem,62RhoGem,0,0.012651240568005298
2714,3145,22DelMon,3145,0,0.012400729220443406
2714,2970,22DelMon,26AlpMon,1,0.016325736337311613
2736,3340,Gam2Vol,TheCha,0,0.012651240568005309
2736,2803,Gam2Vol,DelVol,2,0.018499714119819252
2736,3024,Gam2Vol,ZetVol,2,0.018873433135151486
2740,3117,2740,ChiCar,0,0.011108996538242308
2740,3055,2740,3055,0,0.011108996538242308
2740,3090,2740,3090,0,0.011108996538242308
2740,2878,2740,SigPup,0,0.011220643809589084
2749,2782,28OmeCMa,30TauCMa,0,0.012778387649535754
2749,2827,28OmeCMa,31EtaCMa,1,0.021709615629848574
2763,2854,54LamGem,4GamCMi,0,0.013233384678887822
2763,2985,54LamGem,77KapGem,1,0.02759833042324929
2773,2961,PiPup,2961,0,0.011646349325008748
2773,2878,PiPup,SigPup,1,0.03877420783172201
2773,3017,PiPup,3017,1,0.027051846866350416
2777,2821,55DelGem,60IotGem,2,0.022595601851121864
2782,2906,30TauCMa,2906,0,0.011914489672789642
2782,2827,30TauCMa,31EtaCMa,0,0.012525358621074381
2787,2961,2787,2961,0,0.011646349325008748
2803,3347,DelVol,BetVol,1,0.018499714119819252
2821,2973,60IotGem,75SigGem,0,0.013704925297364945
2821,2905,60IotGem,69UpsGem,3,0.01724901911534628
2827,2948,31EtaCMa,2948,2,0.022242108827637313
2845,2943,3BetCMi,10AlpCMi,3,0.05447572986918988
2852,2890,62RhoGem,66AlpGem,1,0.015922851504511688
2854,2943,4GamCMi,10AlpCMi,0,0.013167547490079751
2878,2961,SigPup,2961,0,0.01188162118779363
2878,3165,SigPup,ZetPup,1,0.03877420783172201
2890,3275,66AlpGem,31Lyn,0,0.014264233908999256
2890,2990,66AlpGem,78BetGem,15,0.21294444733708623
2905,2973,69UpsGem,75SigGem,0,0.013704925297364945
2905,2985,69UpsGem,77KapGem,2,0.01707738850748481
2905,2990,69UpsGem,78BetGem,2,0.01707738850748481
2906,3192,2906,16Pup,0,0.011678566970395442
2906,3102,2906,11Pup,0,0.011795348747399449
2906,2948,2906,2948,0,0.011914489672789642
2906,2970,2906,26AlpMon,0,0.01203423228472377
2943,3145,10AlpCMi,3145,0,0.012400729220443406
2948,3034,2948,OmiPup,1,0.011108996538242306
2948,3045,2948,7XiPup,1,0.022691429230976525
2961,3080,2961,3080,0,0.011646349325008748
2970,3188,26AlpMon,29ZetMon,1,0.013568559012200927
2973,2990,75SigGem,78BetGem,0,0.013704925297364945
2985,3475,77KapGem,48IotCnc,1,0.01859221191960463
2985,2990,77KapGem,78BetGem,1,0.02801507558504745
2996,3034,3Pup,OmiPup,0,0.011108996538242306
2996,3270,3Pup,3270,0,0.011562363287468536
3017,3084,3017,3084,0,0.011220643809589084
3024,3643,ZetVol,3643,0,0.011220643809589084
3024,3223,ZetVol,EpsVol,1,0.012778387649535773
3034,3185,OmiPup,15RhoPup,0,0.010998460175806881
3034,3045,OmiPup,7XiPup,0,0.011108996538242306
3045,3165,7XiPup,ZetPup,1,0.041631574577929674
3045,3102,7XiPup,11Pup,1,0.014995576820477703
3045,3185,7XiPup,15RhoPup,1,0.041631574577929674
3080,3084,3080,3084,0,0.011220643809589084
3084,3165,3084,ZetPup,0,0.011220643809589084
3084,3270,3084,3270,0,0.011220643809589084
3084,3225,3084,3225,0,0.011220643809589084
3090,3129,3090,3129,0,0.012034232284723775
3102,3185,11Pup,15RhoPup,1,0.014995576820477703
3129,3447,3129,3447,0,0.01191448967278964
3145,3418,3145,5SigHya,0,0.011678566970395444
3145,3249,3145,17BetCnc,0,0.012277339903068448
3145,3188,3145,29ZetMon,0,0.012906812580479866
3165,3207,ZetPup,Gam2Vel,1,0.10435048475476504
3192,3484,16Pup,12Hya,0,0.012155178329914935
3192,3518,16Pup,GamPyx,0,0.012155178329914935
3192,3314,16Pup,3314,0,0.012778387649535754
3207,3243,Gam2Vel,3243,0,0.011678566970395444
3207,3445,Gam2Vel,3445,1,0.02127973643837718
3207,3447,Gam2Vel,3447,1,0.026252343965687947
3207,3485,Gam2Vel,DelVel,1,0.13806923731089282
3207,3634,Gam2Vel,LamVel,1,0.10752843013579495
3207,3426,Gam2Vel,3426,1,0.015685595059274342
3223,3643,EpsVol,3643,0,0.011220643809589084
3223,3347,EpsVol,BetVol,1,0.012778387649535773
3225,3243,3225,3243,0,0.011562363287468536
3243,3426,3243,3426,0,0.01156236328746853
3249,3572,17BetCnc,65AlpCnc,3,0.014122302410163962
3270,3468,3270,AlpPyx,0,0.011447315850505705
3270,3438,3270,BetPyx,0,0.011447315850505705
3275,3579,31Lyn,3579,1,0.014846368338086825
3307,3498,EpsCar,3498,0,0.011108996538242308
3307,3485,EpsCar,DelVel,3,0.13945685621505097
3307,3659,EpsCar,3659,1,0.03174563637806795
3307,3685,EpsCar,BetCar,1,0.15412366181513146
3307,3457,EpsCar,3457,1,0.012971346105603788
3314,3418,3314,5SigHya,0,0.011678566970395444
3318,3643,AlpCha,3643,0,0.011108996538242301
3323,3619,1OmiUMa,15UMa,0,0.011276746561114877
3323,3757,1OmiUMa,23UMa,4,0.025222974835227223
3340,3643,TheCha,3643,0,0.011164541058063285
3340,4174,TheCha,GamCha,1,0.012778387649535773
3340,4234,TheCha,Del2Cha,0,0.012778387649535773
3340,8630,TheCha,BetOct,0,0.012778387649535773
3347,3615,BetVol,AlpVol,2,0.018133395236801075
3410,3418,4DelHya,5SigHya,5,0.012155178329914931
3410,3492,4DelHya,13RhoHya,0,0.01277838764953576
3410,3482,4DelHya,11EpsHya,5,0.015452260123909517
3418,3454,5SigHya,7EtaHya,5,0.011736959318645329
3426,3445,3426,3445,0,0.015922851504511698
3426,3487,3426,3487,0,0.015922851504511698
3426,3477,3426,3477,2,0.0157644164848545
3438,3591,BetPyx,3591,0,0.011447315850505705
3438,3477,BetPyx,3477,1,0.016739233558580622
3438,3468,BetPyx,AlpPyx,2,0.018499714119819242
3447,3467,3447,3467,0,0.012301570355908833
3447,3485,3447,DelVel,1,0.02651618440889417
3454,3665,7EtaHya,22TheHya,0,0.013433549594245314
3457,3498,3457,3498,0,0.010998460175806876
3461,3731,47DelCnc,1KapLeo,0,0.01203423228472377
3461,3475,47DelCnc,48IotCnc,3,0.01777432995365946
3461,3572,47DelCnc,65AlpCnc,3,0.014122302410163962
3467,3485,3467,DelVel,0,0.012301570355908833
3467,3614,3467,3614,0,0.012301570355908833
3468,3518,AlpPyx,GamPyx,2,0.01777432995365945
3475,3731,48IotCnc,1KapLeo,1,0.011914489672789642
3477,3591,3477,3591,0,0.011562363287468536
3477,3634,3477,LamVel,1,0.016739233558580622
3482,3492,11EpsHya,13RhoHya,4,0.01277838764953576
3482,3547,11EpsHya,16ZetHya,1,0.03455812825567874
3484,3748,12Hya,30AlpHya,0,0.013036528203437729
3484,3903,12Hya,39Ups1Hya,0,0.013036528203437729
3485,3498,DelVel,3498,0,0.011108996538242308
3485,3734,DelVel,KapVel,6,0.08126823924089172
3492,3547,13RhoHya,16ZetHya,3,0.013167547490079746
3498,3696,3498,3696,0,0.010998460175806876
3498,3571,3498,3571,0,0.011108996538242308
3498,3734,3498,KapVel,0,0.011108996538242308
3498,3659,3498,3659,0,0.011108996538242308
3547,3665,16ZetHya,22TheHya,3,0.020650825181712566
3547,3982,16ZetHya,32AlpLeo,1,0.04642115485743125
3569,3619,9IotUMa,15UMa,0,0.011795938519751555
3569,3579,9IotUMa,3579,1,0.019643672553065282
3569,3775,9IotUMa,25TheUMa,4,0.04371779725275092
3569,3594,9IotUMa,12KapUMa,4,0.029013327082197053
3572,3773,65AlpCnc,4LamLeo,0,0.013299883542443781
3579,3690,3579,38Lyn,2,0.019643672553065282
3579,3705,3579,40AlpLyn,1,0.019841094744370288
3591,3786,3591,PsiVel,0,0.011447315850505705
3591,3634,3591,LamVel,0,0.011562363287468536
3594,3619,12KapUMa,15UMa,0,0.011854917720857795
3594,4033,12KapUMa,33LamUMa,1,0.028155853680300096
3614,3634,3614,LamVel,1,0.02328374037489701
3614,3734,3614,KapVel,1,0.02328374037489701
3615,3890,AlpVol,UpsCar,0,0.018133395236801075
3619,3888,15UMa,29UpsUMa,0,0.011220643809589084
3619,3775,15UMa,25TheUMa,1,0.011678566970395437
3634,3836,LamVel,3836,0,0.012651240568005309
3634,3786,LamVel,PsiVel,2,0.02691658875916767
3634,4216,LamVel,MuVel,1,0.06720551273974978
3643,4037,3643,OmeCar,0,0.011220643809589084
3643,4102,3643,4102,0,0.011220643809589084
3643,3685,3643,BetCar,0,0.011220643809589084
3659,3699,3659,IotCar,2,0.03174563637806795
3659,3734,3659,KapVel,1,0.03174563637806795
3663,3825,3663,3825,0,0.016739233558580636
3665,3748,22TheHya,30AlpHya,2,0.020445346037937667
3665,3845,22TheHya,35IotHya,1,0.020040501061684014
3685,4037,BetCar,OmeCar,3,0.03579310506765532
3690,3974,38Lyn,21LMi,0,0.011220643809589084
3690,3705,38Lyn,40AlpLyn,2,0.02282269142509297
3696,3803,3696,3803,0,0.015184016862889312
3696,3699,3696,IotCar,0,0.015184016862889312
3699,3825,IotCar,3825,1,0.016739233558580636
3699,3884,IotCar,3884,1,0.0247235264703394
3699,4050,IotCar,4050,1,0.033041200375886946
3705,3974,40AlpLyn,21LMi,1,0.011220643809589084
3705,3731,40AlpLyn,1KapLeo,2,0.01144731585050571
3731,3873,1KapLeo,17EpsLeo,0,0.011914489672789642
3731,3773,1KapLeo,4LamLeo,2,0.01203423228472377
3734,3803,KapVel,3803,1,0.043282797901965916
3734,3940,KapVel,PhiVel,2,0.029013327082197053
3748,3845,30AlpHya,35IotHya,2,0.020040501061684014
3748,3903,30AlpHya,39Ups1Hya,3,0.015922851504511688
3751,6789,3751,23DelUMi,0,0.01277838764953576
3751,3757,3751,23UMa,0,0.013704925297364945
3751,4434,3751,1LamDra,0,0.013704925297364945
3751,4787,3751,5KapDra,0,0.014122302410163956
3757,3888,23UMa,29UpsUMa,3,0.02214817895703733
3757,4301,23UMa,50AlpUMa,1,0.025222974835227223
3773,3975,4LamLeo,30EtaLeo,0,0.013842662086479508
3773,3873,4LamLeo,17EpsLeo,2,0.013433549594245314
3775,3799,25TheUMa,26UMa,0,0.011447315850505705
3775,3888,25TheUMa,29UpsUMa,3,0.02214817895703733
3786,4023,PsiVel,4023,1,0.02127973643837717
3799,4295,26UMa,48BetUMa,1,0.010998460175806881
3799,3888,26UMa,29UpsUMa,0,0.011108996538242306
3799,4033,26UMa,33LamUMa,0,0.011447315850505705
3825,4074,3825,4074,0,0.011333413154667394
3825,3884,3825,3884,1,0.01690746565270528
3825,4050,3825,4050,0,0.01690746565270528
3836,3940,3836,PhiVel,0,0.012906812580479873
3845,3981,35IotHya,15AlpSex,0,0.011562363287468532
3852,3981,14OmiLeo,15AlpSex,0,0.011108996538242308
3852,3982,14OmiLeo,32AlpLeo,1,0.030807411032751062
3852,3980,14OmiLeo,31Leo,1,0.012525358621074387
3873,3905,17EpsLeo,24MuLeo,8,0.02127973643837717
3884,3890,3884,UpsCar,2,0.0247235264703394
3884,4050,3884,4050,1,0.0247235264703394
3888,4301,29UpsUMa,50AlpUMa,3,0.02214817895703733
3890,4037,UpsCar,OmeCar,1,0.03579310506765532
3903,3994,39Ups1Hya,41LamHya,3,0.015922851504511688
3903,4094,39Ups1Hya,42MuHya,1,0.015922851504511688
3905,3974,24MuLeo,21LMi,0,0.011220643809589084
3905,4031,24MuLeo,36ZetLeo,8,0.02127973643837717
3940,4074,PhiVel,4074,0,0.011108996538242306
3940,4167,PhiVel,4167,1,0.021493601345089923
3974,4033,21LMi,33LamUMa,0,0.010889023668554442
3974,4069,21LMi,34MuUMa,0,0.010889023668554442
3974,4100,21LMi,31BetLMi,2,0.011052346774533544
3974,4031,21LMi,36ZetLeo,0,0.011220643809589084
3975,3982,30EtaLeo,32AlpLeo,7,0.030807411032751062
3975,4057,30EtaLeo,41Gam1Leo,8,0.030500872171217483
3980,3981,31Leo,15AlpSex,0,0.011678566970395437
3980,3982,31Leo,32AlpLeo,2,0.013101710301271673
3980,4133,31Leo,47RhoLeo,2,0.013167547490079746
3981,3994,15AlpSex,41LamHya,0,0.011108996538242308
3981,4368,15AlpSex,74PhiLeo,0,0.011108996538242308
3981,4133,15AlpSex,47RhoLeo,0,0.011795938519751567
3982,4057,32AlpLeo,41Gam1Leo,1,0.10362758755029224
3994,4094,41LamHya,42MuHya,3,0.02170961562984857
4023,4293,4023,4293,0,0.012400729220443406
4023,4167,4023,4167,1,0.02127973643837717
4031,4259,36ZetLeo,54Leo,1,0.012898626012132387
4031,4057,36ZetLeo,41Gam1Leo,9,0.035112026792960035
4033,4069,33LamUMa,34MuUMa,5,0.030500872171217486
4037,4102,OmeCar,4102,1,0.020767174663076496
4037,4199,OmeCar,TheCar,2,0.03579310506765532
4050,4114,4050,4114,1,0.02170961562984858
4050,4140,4050,4140,1,0.033041200375886946
4050,4199,4050,TheCar,2,0.033041200375886946
4057,4300,41Gam1Leo,60Leo,1,0.011562363287468538
4057,4357,41Gam1Leo,68DelLeo,2,0.07538759833729292
4069,4100,34MuUMa,31BetLMi,1,0.014264233908999257
4069,4335,34MuUMa,52PsiUMa,3,0.04688769521998851
4069,4377,34MuUMa,54NuUMa,1,0.028724639654239433
4074,4167,4074,4167,0,0.011108996538242306
4074,4114,4074,4114,0,0.011108996538242306
4074,4159,4074,4159,0,0.011108996538242306
4074,4180,4074,4180,0,0.011108996538242306
4094,4104,42MuHya,AlpAnt,0,0.014122302410163962
4094,4232,42MuHya,NuHya,2,0.02192780089426162
4094,4450,42MuHya,XiHya,1,0.02192780089426162
4100,4335,31BetLMi,52PsiUMa,0,0.014264233908999257
4100,4247,31BetLMi,46LMi,2,0.014264233908999257
4104,4343,AlpAnt,11BetCrt,0,0.011333413154667387
4114,4140,4114,4140,0,0.02170961562984858
4114,4257,4114,4257,1,0.02170961562984858
4133,4300,47RhoLeo,60Leo,0,0.011914489672789647
4140,4199,4140,TheCar,1,0.03579310506765532
4159,4257,4159,4257,0,0.011562363287468536
4167,4293,4167,4293,0,0.012277339903068448
4167,4216,4167,MuVel,1,0.021386134233922244
4174,4234,GamCha,Del2Cha,1,0.01624451444194987
4174,4674,GamCha,BetCha,1,0.01398178315333831
4199,4337,TheCar,4337,0,0.01984109474437029
4199,4520,TheCar,LamMus,1,0.025991128778755347
4216,4546,MuVel,4546,0,0.011562363287468536
4232,4368,NuHya,74PhiLeo,0,0.01167856697039545
4232,4450,NuHya,XiHya,1,0.028724639654239437
4232,4287,NuHya,7AlpCrt,2,0.016739233558580636
4234,5339,Del2Cha,DelOct,0,0.013299883542443767
4234,4674,Del2Cha,BetCha,1,0.01398178315333831
4247,4259,46LMi,54Leo,0,0.012517414002386481
4247,4377,46LMi,54NuUMa,1,0.02085836942521472
4257,4337,4257,4337,1,0.01984109474437029
4259,4300,54Leo,60Leo,0,0.011562363287468538
4259,4357,54Leo,68DelLeo,1,0.012898626012132387
4287,4343,7AlpCrt,11BetCrt,3,0.011220643809589084
4287,4382,7AlpCrt,12DelCrt,2,0.017249019115346275
4293,4546,4293,4546,0,0.01144731585050571
4293,4450,4293,XiHya,0,0.012338726091033075
4295,4301,48BetUMa,50AlpUMa,20,0.09255057751034329
4295,4554,48BetUMa,64GamUMa,18,0.0871608514619813
4300,4357,60Leo,68DelLeo,1,0.011562363287468538
4300,4359,60Leo,70TheLeo,0,0.011562363287468538
4301,4434,50AlpUMa,1LamDra,0,0.02127973643837718
4335,4518,52PsiUMa,63ChiUMa,3,0.025222974835227212
4337,4441,4337,Omi1Cen,0,0.01230956151325669
4343,4450,11BetCrt,XiHya,1,0.011562363287468532
4343,4623,11BetCrt,1AlpCrv,0,0.011562363287468532
4343,4405,11BetCrt,15GamCrt,0,0.011562363287468532
4357,4737,68DelLeo,15GamCom,0,0.01191448967278964
4357,4359,68DelLeo,70TheLeo,7,0.03404745473459935
4357,4377,68DelLeo,54NuUMa,1,0.029599435167892003
4359,4399,70TheLeo,78IotLeo,2,0.01925470177538693
4359,4534,70TheLeo,94BetLeo,3,0.034558128255678756
4368,4386,74PhiLeo,77SigLeo,0,0.011276746561114884
4368,4471,74PhiLeo,91UpsLeo,0,0.011333413154667397
4368,4382,74PhiLeo,12DelCrt,0,0.011333413154667397
4374,4737,53XiUMa,15GamCom,0,0.012277339903068438
4377,4737,54NuUMa,15GamCom,0,0.012093193615286836
4382,4450,12DelCrt,XiHya,1,0.02815585368030011
4382,4405,12DelCrt,15GamCrt,3,0.016739233558580636
4386,4399,77SigLeo,78IotLeo,1,0.01795296493950286
4386,4517,77SigLeo,3NuVir,1,0.017249019115346282
4390,4546,PiCen,4546,0,0.01144731585050571
4390,4441,PiCen,Omi1Cen,0,0.01230956151325669
4390,4656,PiCen,DelCru,1,0.02024191144580439
4399,4534,78IotLeo,94BetLeo,1,0.01925470177538693
4399,4540,78IotLeo,5BetVir,1,0.020040501061684014
4405,4630,15GamCrt,2EpsCrv,0,0.016739233558580636
4434,4787,1LamDra,5KapDra,4,0.020858369425214716
4441,4467,Omi1Cen,LamCen,0,0.01218707932972494
4441,4656,Omi1Cen,DelCru,0,0.01218707932972494
4441,4522,Omi1Cen,4522,0,0.01218707932972494
4450,4552,XiHya,BetHya,3,0.013704925297364945
4467,4520,LamCen,LamMus,1,0.02573251272635994
4471,4689,91UpsLeo,15EtaVir,0,0.013299883542443772
4471,4540,91UpsLeo,5BetVir,0,0.013433549594245314
4471,4517,91UpsLeo,3NuVir,1,0.013433549594245314
4471,4662,91UpsLeo,4GamCrv,0,0.01405169148653652
4517,4540,3NuVir,5BetVir,1,0.017077388507484796
4517,4608,3NuVir,9OmiVir,2,0.015607557919982832
4518,4785,63ChiUMa,8BetCVn,1,0.013568559012200936
4518,4554,63ChiUMa,64GamUMa,3,0.024233967845691123
4520,4537,LamMus,4537,0,0.013036528203437729
4520,4616,LamMus,EtaCru,1,0.01545226012390951
4520,4798,LamMus,AlpMus,1,0.02573251272635994
4522,4599,4522,The1Cru,0,0.012906812580479867
4534,4968,94BetLeo,42AlpCom,0,0.010489033346289759
4537,4599,4537,The1Cru,0,0.012906812580479867
4540,4689,5BetVir,15EtaVir,2,0.019643672553065292
4546,4552,4546,BetHya,0,0.01144731585050571
4546,4621,4546,DelCen,0,0.01144731585050571
4546,4743,4546,SigCen,0,0.01144731585050571
4546,4802,4546,TauCen,0,0.01144731585050571
4546,4889,4546,4889,0,0.01144731585050571
4552,4786,BetHya,9BetCrv,0,0.013433549594245309
4552,4623,BetHya,1AlpCrv,1,0.013568559012200927
4554,4785,64GamUMa,8BetCVn,0,0.013568559012200936
4554,4660,64GamUMa,69DelUMa,19,0.03615283175404643
4599,4616,The1Cru,EtaCru,0,0.012906812580479867
4599,4679,The1Cru,ZetCru,0,0.012906812580479867
4599,4700,The1Cru,EpsCru,0,0.012906812580479867
4599,4730,The1Cru,Alp1Cru,0,0.012906812580479867
4608,4968,9OmiVir,42AlpCom,0,0.010700925875470137
4616,4671,EtaCru,EpsMus,0,0.01545226012390951
4616,4679,EtaCru,ZetCru,1,0.01545226012390951
4621,4638,DelCen,RhoCen,1,0.018685639337732773
4621,4743,DelCen,SigCen,1,0.01984109474437029
4623,4630,1AlpCrv,2EpsCrv,6,0.01777432995365946
4630,4662,2EpsCrv,4GamCrv,6,0.04880121836201296
4630,4786,2EpsCrv,9BetCrv,6,0.04880121836201296
4638,4763,RhoCen,GamCru,0,0.018685639337732773
4656,4700,DelCru,EpsCru,1,0.027051846866350412
4656,4763,DelCru,GamCru,13,0.05960594270893936
4660,4787,69DelUMa,5KapDra,0,0.020858369425214716
4660,4905,69DelUMa,77EpsUMa,19,0.03615283175404643
4662,4757,4GamCrv,7DelCrv,6,0.05104679591787607
4671,4798,EpsMus,AlpMus,0,0.01624451444194987
4674,5339,BetCha,DelOct,0,0.013167547490079751
4674,4773,BetCha,GamMus,0,0.01398178315333831
4674,4923,BetCha,DelMus,0,0.01398178315333831
4679,4730,ZetCru,Alp1Cru,1,0.01724901911534627
4679,4844,ZetCru,BetMus,1,0.01724901911534627
4689,4775,15EtaVir,8EtaCrv,0,0.012713224910630134
4689,4825,15EtaVir,29GamVir,3,0.019063114291611637
4700,4853,EpsCru,BetCru,1,0.027051846866350412
4700,4730,EpsCru,Alp1Cru,1,0.027051846866350412
4730,5035,Alp1Cru,5035,0,0.013231034354095339
4730,4844,Alp1Cru,BetMus,1,0.04642115485743127
4730,4853,Alp1Cru,BetCru,12,0.2808316217783797
4737,4968,15GamCom,42AlpCom,0,0.010384665720683651
4737,4785,15GamCom,8BetCVn,0,0.01191448967278964
4737,4915,15GamCom,12Alp2CVn,0,0.01191448967278964
4737,4983,15GamCom,43BetCom,5,0.011678566970395444
4743,4888,SigCen,4888,0,0.013036528203437736
4743,4802,SigCen,TauCen,1,0.01984109474437029
4743,4819,SigCen,GamCen,1,0.01984109474437029
4757,4775,7DelCrv,8EtaCrv,2,0.013036528203437743
4757,4825,7DelCrv,29GamVir,1,0.0507928338648985
4763,4898,GamCru,Mu1Cru,1,0.02425282486824479
4763,4819,GamCru,GamCen,1,0.11191674861732888
4763,4853,GamCru,BetCru,11,0.19458132413375956
4773,4798,GamMus,AlpMus,3,0.020650825181712566
4773,4923,GamMus,DelMus,2,0.020650825181712566
4775,4963,8EtaCrv,51TheVir,0,0.012155178329914942
4775,5020,8EtaCrv,46GamHya,0,0.013036528203437743
4775,4786,8EtaCrv,9BetCrv,0,0.013101710301271685
4785,4905,8BetCVn,77EpsUMa,0,0.012906812580479874
4785,5054,8BetCVn,79ZetUMa,0,0.012906812580479874
4785,5191,8BetCVn,85EtaUMa,0,0.012906812580479874
4785,4915,8BetCVn,12Alp2CVn,3,0.013167547490079758
4787,5291,5KapDra,11AlpDra,4,0.020858369425214716
4798,4844,AlpMus,BetMus,4,0.04688769521998851
4802,4819,TauCen,GamCen,1,0.02085836942521473
4819,4888,GamCen,4888,0,0.013036528203437736
4819,5132,GamCen,EpsCen,2,0.0992612515596457
4819,5231,GamCen,ZetCen,1,0.07653554542391151
4825,4963,29GamVir,51TheVir,1,0.011853732337745884
4825,4910,29GamVir,43DelVir,6,0.03174563637806795
4825,5056,29GamVir,67AlpVir,1,0.05221834558716929
4844,5035,BetMus,5035,0,0.013231034354095339
4853,5035,BetCru,5035,0,0.013231034354095339
4853,4898,BetCru,Mu1Cru,1,0.024132165048499115
4853,5267,BetCru,BetCen,1,0.28365402649977045
4888,4898,4888,Mu1Cru,0,0.013036528203437736
4888,4942,4888,Xi2Cen,0,0.013036528203437736
4889,5028,4889,IotCen,1,0.013981783153338308
4905,5054,77EpsUMa,79ZetUMa,19,0.11996987834230634
4910,4963,43DelVir,51TheVir,0,0.011853732337745884
4910,4932,43DelVir,47EpsVir,6,0.03174563637806795
4910,5107,43DelVir,79ZetVir,3,0.03287599575071043
4915,4983,12Alp2CVn,43BetCom,1,0.012906812580479874
4915,5191,12Alp2CVn,85EtaUMa,1,0.05484457243075656
4932,4968,47EpsVir,42AlpCom,1,0.010489033346289759
4942,5193,Xi2Cen,MuCen,0,0.01370492529736495
4942,5089,Xi2Cen,5089,0,0.013842662086479515
4963,5107,51TheVir,79ZetVir,0,0.012094402944726065
4963,5056,51TheVir,67AlpVir,0,0.012155178329914942
4968,5185,42AlpCom,4TauBoo,0,0.010152858373369765
4968,4983,42AlpCom,43BetCom,3,0.010384665720683651
4983,5185,43BetCom,4TauBoo,0,0.01005183574463358
4983,5435,43BetCom,27GamBoo,0,0.012778387649535768
4983,5429,43BetCom,25RhoBoo,0,0.012906812580479874
5020,5287,46GamHya,49PiHya,2,0.03543695772159864
5028,5089,IotCen,5089,1,0.020445346037937667
5028,5168,IotCen,1Cen,1,0.014264233908999249
5028,5192,IotCen,2Cen,1,0.014846368338086825
5035,5132,5035,EpsCen,0,0.013231034354095339
5035,5463,5035,AlpCir,0,0.013231034354095339
5054,5291,79ZetUMa,11AlpDra,1,0.025732512726359957
5054,5191,79ZetUMa,85EtaUMa,19,0.11996987834230634
5054,5735,79ZetUMa,13GamUMi,1,0.04688769521998851
5056,5107,67AlpVir,79ZetVir,4,0.03337326996032609
5056,5531,67AlpVir,9Alp2Lib,1,0.07015577938884066
5062,5404,80UMa,23TheBoo,0,0.015922851504511698
5089,5190,5089,NuCen,1,0.02024191144580439
5089,5192,5089,2Cen,1,0.014846368338086825
5107,5264,79ZetVir,93TauVir,2,0.013568559012200936
5107,5511,79ZetVir,109Vir,1,0.024229121859789527
5132,5425,EpsCen,SigLup,0,0.011795938519751565
5132,5267,EpsCen,BetCen,2,0.0992612515596457
5132,5231,EpsCen,ZetCen,2,0.07653554542391151
5132,5459,EpsCen,Alp1Cen,1,0.0992612515596457
5168,5210,1Cen,3Cen,3,0.013014313149669955
5185,5200,4TauBoo,5UpsBoo,2,0.010152858373369765
5185,5235,4TauBoo,8EtaBoo,2,0.010152858373369765
5190,5285,NuCen,ChiCen,0,0.01252535862107438
5190,5193,NuCen,MuCen,3,0.0325488741273292
5190,5288,NuCen,5TheCen,1,0.03238694077290703
5192,5210,2Cen,3Cen,2,0.012949565859930156
5192,5288,2Cen,5TheCen,2,0.014698644504901779
5193,5248,MuCen,PhiCen,2,0.02127973643837717
5193,5249,MuCen,Ups1Cen,1,0.020445346037937653
5200,5264,5UpsBoo,93TauVir,0,0.013167547490079758
5200,5235,5UpsBoo,8EtaBoo,2,0.01560755791998283
5210,5287,3Cen,49PiHya,0,0.012441806119828364
5210,5288,3Cen,5TheCen,0,0.012949565859930156
5231,5425,ZetCen,SigLup,0,0.01167856697039545
5231,5260,ZetCen,Ups2Cen,0,0.012651240568005312
5231,5249,ZetCen,Ups1Cen,1,0.020445346037937653
5231,5440,ZetCen,EtaCen,2,0.07577400402284552
5235,5340,8EtaBoo,16AlpBoo,4,0.06266200474215317
5235,5477,8EtaBoo,30ZetBoo,2,0.019661210929301506
5248,5285,PhiCen,ChiCen,1,0.01252535862107438
5249,5285,Ups1Cen,ChiCen,0,0.01252535862107438
5249,5260,Ups1Cen,Ups2Cen,1,0.012651240568005312
5260,5354,Ups2Cen,IotLup,1,0.012651240568005312
5264,5477,93TauVir,30ZetBoo,0,0.013568559012200936
5264,5338,93TauVir,99IotVir,1,0.013842662086479508
5264,5511,93TauVir,109Vir,1,0.014191494172547864
5267,5358,BetCen,5358,0,0.013036528203437736
5267,5459,BetCen,Alp1Cen,9,0.5379444375946747
5285,5378,ChiCen,5378,0,0.011795938519751565
5285,5354,ChiCen,IotLup,0,0.012400729220443402
5285,5396,ChiCen,Tau2Lup,0,0.012400729220443402
5285,5288,ChiCen,5TheCen,0,0.01252535862107438
5287,5526,49PiHya,58Hya,0,0.011333413154667392
5288,5440,5TheCen,EtaCen,3,0.09632763823049305
5291,5430,11AlpDra,5UMi,0,0.014122302410163962
5291,5735,11AlpDra,13GamUMi,1,0.025732512726359957
5291,5744,11AlpDra,12IotDra,4,0.024477523271652674
5315,5487,98KapVir,107MuVir,0,0.01426423390899925
5315,5338,98KapVir,99IotVir,4,0.014698644504901779
5338,5487,99IotVir,107MuVir,2,0.016407774526292655
5339,5470,DelOct,AlpAps,1,0.013167547490079751
5339,6020,DelOct,Del1Aps,0,0.013167547490079751
5339,6102,DelOct,GamAps,0,0.013167547490079751
5339,8630,DelOct,BetOct,1,0.013299883542443767
5340,5447,16AlpBoo,28SigBoo,0,0.010567204383852656
5340,5477,16AlpBoo,30ZetBoo,1,0.019661210929301506
5340,5506,16AlpBoo,EpsBoo,2,0.06863195542205627
5351,5435,19LamBoo,27GamBoo,1,0.013842662086479508
5351,5602,19LamBoo,42BetBoo,0,0.01398178315333831
5351,5404,19LamBoo,23TheBoo,1,0.01398178315333831
5354,5425,IotLup,SigLup,0,0.01167856697039545
5358,5425,5358,SigLup,0,0.011795938519751565
5358,5670,5358,BetCir,0,0.013036528203437736
5358,5459,5358,Alp1Cen,0,0.013036528203437736
5367,5378,PsiCen,5378,1,0.01167856697039545
5378,5440,5378,EtaCen,0,0.01167856697039545
5378,5471,5378,5471,0,0.011736959318645334
5396,5469,Tau2Lup,AlpLup,1,0.012525358621074392
5396,5528,Tau2Lup,OmiLup,0,0.012525358621074392
5404,6023,23TheBoo,11PhiHer,0,0.012906812580479874
5425,5649,SigLup,ZetLup,0,0.01167856697039545
5425,5453,SigLup,RhoLup,1,0.01167856697039545
5429,5447,25RhoBoo,28SigBoo,1,0.010780676072743087
5429,5506,25RhoBoo,EpsBoo,4,0.025991128778755344
5429,5435,25RhoBoo,27GamBoo,4,0.02547646994668102
5430,6789,5UMi,23DelUMi,0,0.01277838764953576
5430,5903,5UMi,16ZetUMi,0,0.013299883542443767
5430,5563,5UMi,7BetUMi,2,0.014478181371815217
5435,5506,27GamBoo,EpsBoo,1,0.04415716841969289
5435,5602,27GamBoo,42BetBoo,5,0.02759833042324929
5440,5576,EtaCen,KapCen,1,0.042425741080511406
5447,5506,28SigBoo,EpsBoo,1,0.010567204383852656
5447,5681,28SigBoo,49DelBoo,0,0.010780676072743087
5453,5469,RhoLup,AlpLup,2,0.016907465652705286
5453,5649,RhoLup,ZetLup,2,0.016907465652705286
5463,5771,AlpCir,EpsTrA,0,0.016082878822588426
5463,5670,AlpCir,BetCir,1,0.016907465652705275
5469,5571,AlpLup,BetLup,2,0.06653680671501687
5469,5605,AlpLup,PiLup,1,0.017487409309907276
5469,5646,AlpLup,Kap1Lup,1,0.024384421596208995
5470,6020,AlpAps,Del1Aps,1,0.015103449445126238
5470,6102,AlpAps,GamAps,1,0.02024191144580439
5471,5485,5471,5485,1,0.016244514441949878
5477,5601,30ZetBoo,110Vir,0,0.012034232284723768
5477,5506,30ZetBoo,EpsBoo,2,0.019271892868505613
5485,5526,5485,58Hya,0,0.011333413154667392
5487,5570,107MuVir,16Lib,0,0.010889023668554447
5487,5511,107MuVir,109Vir,2,0.02024191144580439
5487,5685,107MuVir,27BetLib,1,0.01925470177538693
5506,5793,EpsBoo,5AlpCrB,1,0.06863195542205627
5511,5570,109Vir,16Lib,0,0.010998460175806876
5511,5601,109Vir,110Vir,1,0.012034232284723768
5526,5531,58Hya,9Alp2Lib,0,0.011108996538242308
5526,5603,58Hya,20SigLib,0,0.011333413154667392
5526,5686,58Hya,2Lup,1,0.011333413154667392
5528,5576,OmiLup,KapCen,0,0.01290681258047987
5528,5605,OmiLup,PiLup,0,0.01290681258047987
5528,5626,OmiLup,LamLup,0,0.01290681258047987
5528,5571,OmiLup,BetLup,1,0.01290681258047987
5531,5603,9Alp2Lib,20SigLib,2,0.03404745473459935
5531,5685,9Alp2Lib,27BetLib,5,0.06541281513284015
5563,5903,7BetUMi,16ZetUMi,6,0.01370492529736494
5563,5735,7BetUMi,13GamUMi,10,0.04880121836201296
5570,5685,16Lib,27BetLib,0,0.010462058943426798
5570,5881,16Lib,32MuSer,0,0.010462058943426798
5570,5601,16Lib,110Vir,0,0.010889023668554447
5571,5576,BetLup,KapCen,1,0.042425741080511406
5571,5626,BetLup,LamLup,1,0.016907465652705286
5601,5854,110Vir,24AlpSer,0,0.01156236328746853
5602,6023,42BetBoo,11PhiHer,0,0.012778387649535768
5602,5681,42BetBoo,49DelBoo,3,0.02759833042324929
5602,5733,42BetBoo,51Mu1Boo,2,0.01406055836954006
5602,6536,42BetBoo,23BetDra,1,0.02759833042324929
5603,5812,20SigLib,40TauLib,1,0.023992835836709175
5603,5944,20SigLib,6PiSco,1,0.03473525894473857
5605,5683,PiLup,MuLup,1,0.013568559012200943
5605,5626,PiLup,LamLup,1,0.016907465652705286
5626,5708,LamLup,EpsLup,1,0.016907465652705286
5646,5683,Kap1Lup,MuLup,0,0.013568559012200943
5646,5649,Kap1Lup,ZetLup,1,0.024384421596208995
5649,5670,ZetLup,BetCir,1,0.016739233558580622
5670,6229,BetCir,EtaAra,0,0.016739233558580622
5670,5897,BetCir,BetTrA,1,0.016739233558580622
5671,6163,GamTrA,BetAps,0,0.014122302410163955
5671,5897,GamTrA,BetTrA,2,0.05447572986918985
5681,5733,49DelBoo,51Mu1Boo,3,0.01406055836954006
5681,5747,49DelBoo,3BetCrB,1,0.02351774585600911
5683,5797,MuLup,OmeLup,0,0.012778387649535768
5685,5787,27BetLib,38GamLib,3,0.018685639337732773
5686,5705,2Lup,Phi1Lup,0,0.012155178329914942
5686,5794,2Lup,39UpsLib,0,0.012155178329914942
5686,5812,2Lup,40TauLib,1,0.012155178329914942
5695,5797,DelLup,OmeLup,0,0.012525358621074385
5695,5708,DelLup,EpsLup,1,0.03337326996032609
5695,5705,DelLup,Phi1Lup,2,0.02678133741460852
5695,5776,DelLup,GamLup,3,0.03800642707517431
5705,5883,Phi1Lup,5ChiLup,1,0.017952964939502856
5708,5797,EpsLup,OmeLup,0,0.012778387649535768
5733,6023,51Mu1Boo,11PhiHer,1,0.012906812580479874
5733,5778,51Mu1Boo,4TheCrB,0,0.014344600490129186
5733,6220,51Mu1Boo,44EtaHer,0,0.014344600490129186
5735,5903,13GamUMi,16ZetUMi,0,0.01370492529736494
5735,6396,13GamUMi,22ZetDra,1,0.04200359790344555
5744,6023,12IotDra,11PhiHer,0,0.014122302410163962
5744,5986,12IotDra,13TheDra,5,0.018133395236801075
5747,5778,3BetCrB,4TheCrB,10,0.01484636833808684
5747,5793,3BetCrB,5AlpCrB,11,0.023052063287225574
5771,5897,EpsTrA,BetTrA,0,0.016082878822588426
5771,6030,EpsTrA,DelTrA,0,0.016082878822588426
5776,5797,GamLup,OmeLup,1,0.012525358621074385
5776,5948,GamLup,EtaLup,2,0.030807411032751076
5776,6271,GamLup,Zet2Sco,1,0.025476469946681016
5778,5947,4TheCrB,13EpsCrB,0,0.014698644504901777
5778,5793,4TheCrB,5AlpCrB,0,0.01484636833808684
5787,5977,38GamLib,XiSco,0,0.014594709588147181
5787,5908,38GamLib,46TheLib,2,0.014698644504901777
5787,5984,38GamLib,8Bet1Sco,1,0.018685639337732773
5788,5868,13DelSer,27LamSer,0,0.011562363287468543
5788,5854,13DelSer,24AlpSer,3,0.04607775373559645
5788,5867,13DelSer,28BetSer,3,0.024723526470339402
5793,5849,5AlpCrB,8GamCrB,12,0.020040501061684025
5794,5812,39UpsLib,40TauLib,2,0.023992835836709175
5794,5928,39UpsLib,5RhoSco,1,0.01925470177538693
5797,6115,OmeLup,EpsNor,0,0.011108996538242313
5812,5928,40TauLib,5RhoSco,1,0.01925470177538693
5849,5947,8GamCrB,13EpsCrB,12,0.014698644504901777
5849,5879,8GamCrB,35KapSer,1,0.015607557919982838
5854,5868,24AlpSer,27LamSer,0,0.01122064380958909
5854,5892,24AlpSer,37EpsSer,3,0.02305206328722557
5867,5868,28BetSer,27LamSer,0,0.01167856697039545
5867,5933,28BetSer,41GamSer,4,0.02065082518171257
5867,5879,28BetSer,35KapSer,3,0.01624451444194988
5868,6149,27LamSer,10LamOph,0,0.01122064380958909
5868,5892,27LamSer,37EpsSer,0,0.01122064380958909
5868,5933,27LamSer,41GamSer,0,0.011562363287468543
5879,5947,35KapSer,13EpsCrB,0,0.014698644504901777
5881,5892,32MuSer,37EpsSer,1,0.02282269142509298
5883,5987,5ChiLup,TheLup,1,0.013568559012200929
5883,5928,5ChiLup,5RhoSco,2,0.017952964939502856
5883,5948,5ChiLup,EtaLup,2,0.017952964939502856
5892,6056,37EpsSer,1DelOph,2,0.02282269142509298
5897,6217,BetTrA,AlpTrA,2,0.05726876026546736
5897,6030,BetTrA,DelTrA,1,0.02085836942521472
5903,6636,16ZetUMi,31Psi1Dra,0,0.01370492529736494
5903,6322,16ZetUMi,22EpsUMi,7,0.01370492529736494
5908,5977,46TheLib,XiSco,0,0.0146676825279811
5908,5984,46TheLib,8Bet1Sco,1,0.014698644504901777
5908,5953,46TheLib,7DelSco,1,0.014698644504901777
5928,5987,5RhoSco,TheLup,0,0.013568559012200929
5928,6143,5RhoSco,6143,0,0.013842662086479501
5928,5944,5RhoSco,6PiSco,7,0.01925470177538693
5928,6134,5RhoSco,21AlpSco,2,0.01944724237516359
5933,6095,41GamSer,20GamHer,2,0.019841094744370288
5944,5953,6PiSco,7DelSco,15,0.05181891717272583
5944,6084,6PiSco,20SigSco,7,0.05233970594843238
5944,6165,6PiSco,23TauSco,2,0.05286572873835036
5947,6212,13EpsCrB,40ZetHer,1,0.014846368338086826
5948,6115,EtaLup,EpsNor,0,0.01088902366855445
5948,5987,EtaLup,TheLup,2,0.013842662086479501
5953,5997,7DelSco,10Ome2Sco,0,0.0124007292204434
5953,5984,7DelSco,8Bet1Sco,13,0.076785807847144
5953,5993,7DelSco,9Ome1Sco,1,0.017774329953659452
5977,6147,XiSco,8PhiOph,0,0.01303652820343773
5977,6056,XiSco,1DelOph,0,0.014594709588147181
5977,6075,XiSco,2EpsOph,0,0.014594709588147181
5984,6027,8Bet1Sco,14NuSco,3,0.01914607024550551
5984,5993,8Bet1Sco,9Ome1Sco,2,0.017774329953659452
5986,6023,13TheDra,11PhiHer,0,0.013299883542443774
5986,6555,13TheDra,25Nu2Dra,0,0.0155699345311051
5986,6132,13TheDra,14EtaDra,7,0.017422374639493515
5987,6247,TheLup,Mu1Sco,0,0.014122302410163956
5993,5997,9Ome1Sco,10Ome2Sco,1,0.0124007292204434
5997,6104,10Ome2Sco,4PsiOph,0,0.010357959717613701
6020,6163,Del1Aps,BetAps,0,0.014264233908999256
6020,6102,Del1Aps,GamAps,1,0.015103449445126238
6023,6092,11PhiHer,22TauHer,2,0.013299883542443774
6023,6168,11PhiHer,35SigHer,0,0.013568559012200936
6027,6104,14NuSco,4PsiOph,0,0.010357959717613701
6030,6229,DelTrA,EtaAra,1,0.02085836942521472
6056,6075,1DelOph,2EpsOph,2,0.03615283175404641
6056,6149,1DelOph,10LamOph,1,0.020445346037937663
6056,6299,1DelOph,27KapOph,1,0.037253849396215816
6072,6115,Gam2Nor,EpsNor,1,0.011220643809589087
6075,6175,2EpsOph,13ZetOph,3,0.0365161737537404
6075,6299,2EpsOph,27KapOph,1,0.035793105067655304
6084,6104,20SigSco,4PsiOph,0,0.010357959717613701
6084,6134,20SigSco,21AlpSco,10,0.05286572873835036
6092,6168,22TauHer,35SigHer,4,0.014407591843112352
6095,6281,20GamHer,25IotOph,0,0.011678566970395448
6095,6148,20GamHer,27BetHer,5,0.02192780089426162
6102,6163,GamAps,BetAps,2,0.014264233908999256
6104,6153,4PsiOph,9OmeOph,2,0.010357959717613701
6104,6118,4PsiOph,7ChiOph,1,0.010357959717613701
6115,6271,EpsNor,Zet2Sco,0,0.011220643809589087
6115,6380,EpsNor,EtaSco,0,0.011220643809589087
6115,6295,EpsNor,Eps1Ara,0,0.011220643809589087
6118,6147,7ChiOph,8PhiOph,1,0.011220643809589089
6132,6555,14EtaDra,25Nu2Dra,0,0.0155699345311051
6132,6396,14EtaDra,22ZetDra,7,0.04200359790344555
6134,6153,21AlpSco,9OmeOph,0,0.010889023668554446
6134,6165,21AlpSco,23TauSco,11,0.057265896946759175
6143,6166,6143,6166,0,0.013842662086479501
6147,6153,8PhiOph,9OmeOph,2,0.010889023668554446
6147,6175,8PhiOph,13ZetOph,2,0.013167547490079751
6147,6378,8PhiOph,35EtaOph,2,0.013167547490079751
6148,6281,27BetHer,25IotOph,0,0.011678566970395448
6148,6212,27BetHer,40ZetHer,4,0.05669892657984691
6148,6410,27BetHer,65DelHer,1,0.0399550582606539
6149,6281,10LamOph,25IotOph,0,0.011562363287468536
6153,6165,9OmeOph,23TauSco,1,0.010889023668554446
6153,6402,9OmeOph,36Oph,0,0.010889023668554446
6153,6378,9OmeOph,35EtaOph,0,0.010998460175806876
6153,6445,9OmeOph,40XiOph,0,0.011333413154667394
6163,6217,BetAps,AlpTrA,0,0.014122302410163955
6165,6241,23TauSco,26EpsSco,8,0.05784432087483849
6168,6536,35SigHer,23BetDra,0,0.01426352072701975
6168,6588,35SigHer,85IotHer,0,0.014407591843112352
6168,6220,35SigHer,44EtaHer,4,0.014407591843112352
6175,6498,13ZetOph,49SigOph,0,0.012155178329914942
6175,6446,13ZetOph,53NuSer,0,0.012277339903068443
6175,6378,13ZetOph,35EtaOph,2,0.07243885154672071
6212,6220,40ZetHer,44EtaHer,1,0.02815585368030011
6212,6324,40ZetHer,58EpsHer,6,0.01944821474538539
6220,6418,44EtaHer,67PiHer,3,0.02930491586704076
6229,6285,EtaAra,ZetAra,4,0.02305206328722558
6241,6402,26EpsSco,36Oph,0,0.012434992380798674
6241,6247,26EpsSco,Mu1Sco,12,0.07653352260534635
6247,6271,Mu1Sco,Zet2Sco,7,0.02599112877875535
6247,6380,Mu1Sco,EtaSco,3,0.03438791793324771
6271,6380,Zet2Sco,EtaSco,6,0.02625234396568796
6281,6299,25IotOph,27KapOph,1,0.011562363287468536
6281,6406,25IotOph,64Alp1Her,0,0.011562363287468536
6285,6295,ZetAra,Eps1Ara,2,0.016907465652705282
6285,6462,ZetAra,GamAra,3,0.03508435410084504
6295,6461,Eps1Ara,BetAra,0,0.01707738850748481
6295,6510,Eps1Ara,AlpAra,1,0.01707738850748481
6299,6498,27KapOph,49SigOph,1,0.011914489672789647
6299,6556,27KapOph,55AlpOph,2,0.03762825680717621
6322,7750,22EpsUMi,1KapCep,0,0.012400729220443406
6322,6789,22EpsUMi,23DelUMi,7,0.01277838764953576
6324,6526,58EpsHer,76LamHer,0,0.011974061624721484
6324,6410,58EpsHer,65DelHer,2,0.01954545500877814
6324,6418,58EpsHer,67PiHer,3,0.019841094744370288
6378,6446,35EtaOph,53NuSer,0,0.012525358621074385
6378,6453,35EtaOph,42TheOph,1,0.036883167401240015
6378,6561,35EtaOph,55XiSer,2,0.027598330423249287
6378,6698,35EtaOph,64NuOph,1,0.03438963734347273
6380,6546,EtaSco,6546,0,0.013433549594245307
6380,6553,EtaSco,TheSco,9,0.03508435410084502
6396,6636,22ZetDra,31Psi1Dra,0,0.014379856495469232
6396,6688,22ZetDra,32XiDra,4,0.023517745856009107
6396,6920,22ZetDra,43PhiDra,1,0.015146284873046987
6396,6927,22ZetDra,44ChiDra,3,0.029013327082197053
6396,7310,22ZetDra,57DelDra,1,0.043282797901965896
6402,6492,36Oph,45Oph,0,0.012686195890113309
6402,6453,36Oph,42TheOph,2,0.012686195890113309
6406,6526,64Alp1Her,76LamHer,0,0.011447315850505705
6410,6526,65DelHer,76LamHer,3,0.011620174622145556
6410,6623,65DelHer,86MuHer,1,0.03142976201836772
6418,6485,67PiHer,XXX,3,0.01646220782196097
6445,6561,40XiOph,55XiSer,0,0.01203423228472378
6445,6453,40XiOph,42TheOph,0,0.012277339903068448
6445,6486,40XiOph,44Oph,0,0.012277339903068448
6446,6581,53NuSer,56OmiSer,1,0.012906812580479867
6446,6561,53NuSer,55XiSer,1,0.012778387649535768
6453,6486,42TheOph,44Oph,1,0.015146284873046985
6461,6462,BetAra,GamAra,2,0.03508435410084504
6461,6510,BetAra,AlpAra,2,0.05181891717272583
6462,6855,GamAra,XiPav,0,0.012651240568005305
6462,6500,GamAra,DelAra,2,0.026516184408894184
6485,6526,XXX,76LamHer,0,0.01252535862107438
6485,6695,XXX,91TheHer,2,0.016380306969618844
6492,6508,45Oph,34UpsSco,0,0.013433549594245307
6492,6527,45Oph,35LamSco,0,0.013433549594245307
6492,6630,45Oph,6630,0,0.013433549594245307
6492,6746,45Oph,10Gam2Sgr,0,0.013500716782490898
6498,6629,49SigOph,62GamOph,0,0.012338726091033073
6498,6603,49SigOph,60BetOph,1,0.012400729220443406
6500,6855,DelAra,XiPav,0,0.012651240568005305
6508,6546,34UpsSco,6546,0,0.013433549594245307
6508,6527,34UpsSco,35LamSco,12,0.06653680671501686
6510,6553,AlpAra,TheSco,2,0.05130331033191911
6510,6743,AlpAra,TheAra,1,0.025476469946681016
6526,6556,76LamHer,55AlpOph,0,0.011447315850505705
6526,6730,76LamHer,XXX,0,0.011620174622145556
6526,6623,76LamHer,86MuHer,4,0.012034232284723775
6527,6580,35LamSco,KapSco,10,0.08803683258237253
6527,6630,35LamSco,6630,1,0.039557498788398725
6527,6546,35LamSco,6546,1,0.013433549594245307
6536,6705,23BetDra,33GamDra,6,0.06081006262521798
6536,6555,23BetDra,25Nu2Dra,5,0.016205355613444297
6546,6553,6546,TheSco,0,0.013568559012200936
6546,6580,6546,KapSco,1,0.013568559012200936
6553,6580,TheSco,KapSco,1,0.08892161745938634
6553,6615,TheSco,Iot1Sco,8,0.04759571703982785
6555,6688,25Nu2Dra,32XiDra,5,0.016205355613444297
6555,6705,25Nu2Dra,33GamDra,0,0.016205355613444297
6556,6787,55AlpOph,102Her,0,0.01203423228472377
6556,6603,55AlpOph,60BetOph,3,0.05930791547895078
6561,6581,55XiSer,56OmiSer,1,0.013842662086479508
6561,6698,55XiSer,64NuOph,2,0.028438824714184505
6580,6630,KapSco,6630,2,0.039557498788398725
6580,6615,KapSco,Iot1Sco,11,0.047834889494198396
6581,6812,56OmiSer,13MuSgr,0,0.01398178315333831
6582,7107,EtaPav,KapPav,0,0.011678566970395444
6582,6745,EtaPav,PiPav,2,0.012778387649535773
6588,6695,85IotHer,91TheHer,2,0.021709615629848574
6588,6705,85IotHer,33GamDra,1,0.0223707718561656
6603,6698,60BetOph,64NuOph,1,0.03370867689957241
6603,6629,60BetOph,62GamOph,2,0.022370771856165598
6615,6897,Iot1Sco,AlpTel,0,0.02930491586704076
6615,6630,Iot1Sco,6630,1,0.039557498788398725
6615,6832,Iot1Sco,EtaSgr,1,0.04415716841969289
6623,6707,86MuHer,94NuHer,0,0.012155178329914935
6623,6703,86MuHer,92XiHer,2,0.024477523271652674
6623,6779,86MuHer,103OmiHer,2,0.02170961562984857
6623,7235,86MuHer,17ZetAql,1,0.0337086768995724
6629,6723,62GamOph,68Oph,0,0.010998460175806876
6629,6714,62GamOph,67Oph,1,0.017952964939502856
6630,6832,6630,EtaSgr,1,0.03995505826065392
6688,7310,32XiDra,57DelDra,1,0.023517745856009107
6695,6707,91TheHer,94NuHer,0,0.01252535862107438
6695,6703,91TheHer,92XiHer,1,0.02181816280343954
6695,7001,91TheHer,3AlpLyr,1,0.021709615629848574
6698,6723,64NuOph,68Oph,0,0.010998460175806876
6698,6869,64NuOph,58EtaSer,2,0.03354013491958871
6703,6707,92XiHer,94NuHer,0,0.012337492331518636
6703,6779,92XiHer,103OmiHer,2,0.02170961562984857
6705,7001,33GamDra,3AlpLyr,1,0.11080315836233387
6707,6779,94NuHer,103OmiHer,0,0.012337492331518636
6707,6872,94NuHer,1KapLyr,0,0.01252535862107438
6714,6723,67Oph,68Oph,0,0.011108996538242304
6714,6752,67Oph,70Oph,3,0.016907465652705275
6714,6771,67Oph,72Oph,1,0.017952964939502856
6723,6752,68Oph,70Oph,3,0.011108996538242304
6723,6869,68Oph,58EtaSer,1,0.011108996538242304
6730,6787,XXX,102Her,1,0.01209440294472606
6743,6855,TheAra,XiPav,0,0.012651240568005305
6743,6905,TheAra,ZetTel,1,0.015922851504511698
6745,7107,PiPav,KapPav,0,0.011678566970395444
6745,6855,PiPav,XiPav,1,0.012651240568005305
6745,7074,PiPav,LamPav,1,0.012778387649535773
6746,6879,10Gam2Sgr,20EpsSgr,1,0.049787068367863944
6746,6913,10Gam2Sgr,22LamSgr,1,0.049787068367863944
6746,6859,10Gam2Sgr,19DelSgr,5,0.049787068367863944
6771,6787,72Oph,102Her,0,0.01203423228472377
6771,7069,72Oph,111Her,0,0.012155178329914935
6779,6872,103OmiHer,1KapLyr,1,0.013568559012200929
6787,6895,102Her,109Her,0,0.012277339903068438
6812,6913,13MuSgr,22LamSgr,3,0.02085836942521473
6832,7226,EtaSgr,GamCrA,0,0.014742650401366445
6832,6879,EtaSgr,20EpsSgr,6,0.04415716841969289
6832,6897,EtaSgr,AlpTel,1,0.029599435167892017
6855,6905,XiPav,ZetTel,0,0.012651240568005305
6855,7074,XiPav,LamPav,1,0.012651240568005305
6859,7039,19DelSgr,27PhiSgr,0,0.04158565512117318
6859,6879,19DelSgr,20EpsSgr,7,0.06720215260411858
6859,6913,19DelSgr,22LamSgr,5,0.05960594270893937
6869,7063,58EtaSer,BetSct,0,0.013981783153338308
6869,7141,58EtaSer,63The1Ser,3,0.017033519989768407
6872,7056,1KapLyr,6Zet1Lyr,0,0.013036528203437736
6872,7001,1KapLyr,3AlpLyr,0,0.013167547490079751
6872,7106,1KapLyr,10BetLyr,0,0.013167547490079751
6879,7226,20EpsSgr,GamCrA,1,0.014742650401366445
6897,7343,AlpTel,Bet2Sgr,0,0.014122302410163956
6897,6905,AlpTel,ZetTel,2,0.015922851504511698
6897,7259,AlpTel,BetCrA,1,0.01624451444194987
6913,7039,22LamSgr,27PhiSgr,6,0.04158565512117318
6913,7121,22LamSgr,34SigSgr,1,0.05960594270893937
6920,7352,43PhiDra,60TauDra,1,0.01203423228472377
6927,7352,44ChiDra,60TauDra,4,0.01203423228472377
6973,7063,AlpSct,BetSct,2,0.014122302410163963
6982,7107,ZetPav,KapPav,2,0.011678566970395444
6982,7590,ZetPav,EpsPav,2,0.017952964939502866
7001,7051,3AlpLyr,4Eps1Lyr,3,0.021626698345252465
7001,7056,3AlpLyr,6Zet1Lyr,7,0.01675069434589313
7001,7106,3AlpLyr,10BetLyr,1,0.03174563637806794
7039,7150,27PhiSgr,37Xi2Sgr,0,0.029451439225350012
7039,7121,27PhiSgr,34SigSgr,6,0.04158565512117318
7051,7298,4Eps1Lyr,20EtaLyr,0,0.012778387649535766
7056,7139,6Zet1Lyr,12Del2Lyr,5,0.013433549594245314
7061,7405,110Her,6AlpVul,0,0.01133341315466739
7061,7069,110Her,111Her,1,0.012400729220443402
7063,7193,BetSct,12Aql,1,0.014122302410163963
7063,7236,BetSct,16LamAql,1,0.014407591843112357
7074,7107,LamPav,KapPav,2,0.011678566970395444
7074,7343,LamPav,Bet2Sgr,0,0.013842662086479508
7106,7178,10BetLyr,14GamLyr,6,0.030807411032751083
7106,7139,10BetLyr,12Del2Lyr,6,0.013167547490079758
7107,7665,KapPav,DelPav,0,0.011678566970395444
7107,7590,KapPav,EpsPav,0,0.011678566970395444
7121,7217,34SigSgr,39OmiSgr,3,0.022822691425092984
7121,7194,34SigSgr,38ZetSgr,1,0.07353454376305711
7121,7234,34SigSgr,40TauSgr,5,0.03579310506765532
7121,7264,34SigSgr,41PiSgr,1,0.05502322005640724
7139,7314,12Del2Lyr,21TheLyr,0,0.01277838764953576
7141,7429,63The1Ser,38MuAql,0,0.011562363287468536
7141,7235,63The1Ser,17ZetAql,1,0.01755226790264472
7150,7340,37Xi2Sgr,44Rho1Sgr,1,0.019448214745385394
7150,7217,37Xi2Sgr,39OmiSgr,4,0.022822691425092984
7157,7469,13Lyr,13TheCyg,0,0.011678566970395437
7157,7298,13Lyr,20EtaLyr,1,0.012778387649535766
7176,7405,13EpsAql,6AlpVul,0,0.01133341315466739
7176,7235,13EpsAql,17ZetAql,2,0.01777432995365946
7178,7405,14GamLyr,6AlpVul,0,0.011447315850505707
7178,7314,14GamLyr,21TheLyr,0,0.01277838764953576
7193,7236,12Aql,16LamAql,1,0.01777432995365946
7194,7623,38ZetSgr,The1Sgr,1,0.01303652820343773
7194,7226,38ZetSgr,GamCrA,1,0.015040471695020036
7194,7234,38ZetSgr,40TauSgr,5,0.03579310506765532
7194,7348,38ZetSgr,AlpSgr,1,0.019448214745385384
7217,7264,39OmiSgr,41PiSgr,3,0.022822691425092984
7226,7623,GamCrA,The1Sgr,0,0.012778387649535768
7226,7259,GamCrA,BetCrA,0,0.014742650401366445
7226,7254,GamCrA,AlpCrA,8,0.014742650401366445
7234,7623,40TauSgr,The1Sgr,0,0.01303652820343773
7235,7429,17ZetAql,38MuAql,0,0.011562363287468536
7235,7479,17ZetAql,5AlpSge,0,0.012651240568005305
7235,7488,17ZetAql,6BetSge,0,0.012651240568005305
7235,7525,17ZetAql,50GamAql,2,0.05104169170617056
7236,7447,16LamAql,41IotAql,0,0.012651240568005305
7236,7377,16LamAql,30DelAql,2,0.03174563637806795
7254,7623,AlpCrA,The1Sgr,0,0.012778387649535768
7254,7259,AlpCrA,BetCrA,8,0.01624451444194987
7264,7340,41PiSgr,44Rho1Sgr,2,0.019448214745385394
7298,7314,20EtaLyr,21TheLyr,2,0.012400729220443406
7310,7352,57DelDra,60TauDra,0,0.01203423228472377
7310,7582,57DelDra,63EpsDra,5,0.02237077185616559
7314,7615,21TheLyr,21EtaCyg,0,0.01277838764953576
7328,7740,1KapCyg,33Cyg,0,0.013981783153338303
7328,7420,1KapCyg,10Iot2Cyg,3,0.023283740374897
7337,7343,Bet1Sgr,Bet2Sgr,1,0.013842662086479508
7337,7348,Bet1Sgr,AlpSgr,3,0.01831563888873419
7340,7623,44Rho1Sgr,The1Sgr,0,0.012778387649535768
7340,7447,44Rho1Sgr,41IotAql,0,0.013167547490079746
7343,7581,Bet2Sgr,IotSgr,1,0.013842662086479508
7348,7623,AlpSgr,The1Sgr,0,0.012778387649535768
7348,7581,AlpSgr,IotSgr,2,0.016407774526292655
7352,7582,60TauDra,63EpsDra,4,0.01203423228472377
7352,7750,60TauDra,1KapCep,0,0.01203423228472377
7377,7429,30DelAql,38MuAql,1,0.011678566970395442
7377,7447,30DelAql,41IotAql,1,0.012651240568005305
7377,7570,30DelAql,55EtaAql,1,0.02024191144580439
7377,7602,30DelAql,60BetAql,1,0.025222974835227212
7405,7417,6AlpVul,6Bet1Cyg,0,0.011678566970395444
7405,7479,6AlpVul,5AlpSge,0,0.011678566970395444
7405,7635,6AlpVul,12GamSge,0,0.011678566970395444
7405,7536,6AlpVul,7DelSge,0,0.011795938519751562
7417,7796,6Bet1Cyg,37GamCyg,2,0.055892476115293445
7417,7615,6Bet1Cyg,21EtaCyg,4,0.021173338642832093
7420,7469,10Iot2Cyg,13TheCyg,1,0.011795938519751555
7420,7528,10Iot2Cyg,18DelCyg,3,0.023517745856009097
7429,7570,38MuAql,55EtaAql,0,0.01203423228472377
7429,7525,38MuAql,50GamAql,0,0.01215517832991493
7429,7557,38MuAql,53AlpAql,0,0.01215517832991493
7429,7602,38MuAql,60BetAql,0,0.01215517832991493
7447,7710,41IotAql,65TheAql,0,0.013167547490079746
7469,7528,13TheCyg,18DelCyg,0,0.011678566970395437
7469,7740,13TheCyg,33Cyg,0,0.011678566970395437
7469,7751,13TheCyg,32Cyg,0,0.01191448967278964
7479,7488,5AlpSge,6BetSge,3,0.01303652820343773
7479,7536,5AlpSge,7DelSge,2,0.01303652820343773
7525,7557,50GamAql,53AlpAql,10,0.06856315415427787
7528,7796,18DelCyg,37GamCyg,6,0.05901285366944781
7528,7735,18DelCyg,31Cyg,1,0.033127568355934334
7536,7635,7DelSge,12GamSge,2,0.022595601851121864
7557,7602,53AlpAql,60BetAql,8,0.025476469946681003
7557,7882,53AlpAql,6BetDel,1,0.027598330423249273
7564,7806,ChiCyg,39Cyg,0,0.01233872609103307
7570,7602,55EtaAql,60BetAql,1,0.021067999523041423
7570,7710,55EtaAql,65TheAql,2,0.021067999523041423
7581,7623,IotSgr,The1Sgr,2,0.01303652820343773
7590,7665,EpsPav,DelPav,2,0.018873433135151496
7602,7710,60BetAql,65TheAql,1,0.025476469946681003
7602,7852,60BetAql,2EpsDel,2,0.01849971411981923
7615,7806,21EtaCyg,39Cyg,1,0.012277339903068445
7615,7796,21EtaCyg,37GamCyg,5,0.021067999523041423
7623,7869,The1Sgr,AlpInd,0,0.01303652820343773
7665,7790,DelPav,AlpPav,2,0.028724639654239437
7665,7913,DelPav,BetPav,2,0.02815585368030011
7710,7951,65TheAql,3Aqr,0,0.012667510764122678
7735,7751,31Cyg,32Cyg,0,0.019350974481992637
7735,7924,31Cyg,50AlpCyg,1,0.03379678962855217
7740,7850,33Cyg,2TheCep,0,0.013981783153338303
7740,7957,33Cyg,3EtaCep,0,0.014122302410163955
7740,7924,33Cyg,50AlpCyg,0,0.01426423390899926
7740,8316,33Cyg,MuCep,0,0.01426423390899926
7747,7951,5Alp1Cap,3Aqr,0,0.01265124056800531
7747,7776,5Alp1Cap,9BetCap,1,0.015185292962196492
7750,8819,1KapCep,33PiCep,0,0.01271449624371558
7750,8238,1KapCep,8BetCep,0,0.012778387649535766
7754,7951,6Alp2Cap,3Aqr,0,0.01265124056800531
7754,7776,6Alp2Cap,9BetCap,5,0.029675666231514672
7776,7936,9BetCap,16PsiCap,1,0.016739233558580643
7776,8075,9BetCap,23TheCap,4,0.017952964939502856
7790,8140,AlpPav,TheInd,0,0.012818474118737941
7796,7806,37GamCyg,39Cyg,0,0.012400729220443402
7796,7924,37GamCyg,50AlpCyg,8,0.11663396285240238
7796,7949,37GamCyg,53EpsCyg,6,0.0889216174593863
7806,7834,39Cyg,41Cyg,1,0.012400729220443402
7806,7949,39Cyg,53EpsCyg,1,0.012400729220443402
7834,7942,41Cyg,52Cyg,0,0.015298507566725511
7850,7957,2TheCep,3EtaCep,1,0.015452260123909524
7852,7928,2EpsDel,11DelDel,0,0.012525358621074392
7852,7882,2EpsDel,6BetDel,6,0.01849971411981923
7869,8140,AlpInd,TheInd,1,0.012778387649535766
7882,7928,6BetDel,11DelDel,0,0.012525358621074392
7882,7906,6BetDel,9AlpDel,11,0.024233967845691127
7884,7951,71Aql,3Aqr,0,0.01265124056800531
7884,8131,71Aql,8AlpEqu,1,0.014069853212404346
7906,7928,9AlpDel,11DelDel,11,0.012525358621074392
7913,8181,BetPav,GamPav,2,0.014552390548416137
7924,8028,50AlpCyg,58NuCyg,1,0.020445346037937663
7924,8079,50AlpCyg,62XiCyg,1,0.025476469946681016
7924,8465,50AlpCyg,21ZetCep,1,0.03725384939621581
7928,7948,11DelDel,12Gam2Del,11,0.012525358621074392
7928,8097,11DelDel,5GamEqu,0,0.012525358621074392
7936,8080,16PsiCap,24Cap,0,0.011447315850505705
7936,7980,16PsiCap,18OmeCap,6,0.016572675401761248
7936,8075,16PsiCap,23TheCap,3,0.016655538088248826
7948,8173,12Gam2Del,1Peg,1,0.017797188726492545
7949,8146,53EpsCyg,66UpsCyg,1,0.012525358621074392
7949,8115,53EpsCyg,64ZetCyg,4,0.04285212686704019
7950,7951,2EpsAqr,3Aqr,2,0.01265124056800531
7950,8232,2EpsAqr,22BetAqr,1,0.023992835836709164
7951,8232,3Aqr,22BetAqr,1,0.01265124056800531
7951,8131,3Aqr,8AlpEqu,0,0.012667510764122678
7957,8162,3EtaCep,5AlpCep,1,0.03404745473459935
7980,8080,18OmeCap,24Cap,3,0.01156236328746853
7986,8368,BetInd,DelInd,0,0.012651240568005298
7986,8140,BetInd,TheInd,1,0.012858812886106156
8028,8143,58NuCyg,67SigCyg,1,0.015298507566725511
8028,8079,58NuCyg,62XiCyg,1,0.020445346037937663
8028,8130,58NuCyg,65TauCyg,1,0.020445346037937663
8075,8080,23TheCap,24Cap,0,0.01156236328746853
8075,8167,23TheCap,32IotCap,4,0.014407591843112343
8075,8204,23TheCap,34ZetCap,1,0.017952964939502856
8079,8143,62XiCyg,67SigCyg,0,0.015298507566725511
8079,8252,62XiCyg,73RhoCyg,1,0.01892204020734538
8079,8335,62XiCyg,81Pi2Cyg,1,0.015337907693688604
8079,8465,62XiCyg,21ZetCep,1,0.02573251272635994
8080,8305,24Cap,9IotPsA,0,0.011220643809589089
8080,8204,24Cap,34ZetCap,2,0.01156236328746853
8097,8123,5GamEqu,7DelEqu,2,0.01191448967278964
8115,8309,64ZetCyg,78Mu1Cyg,3,0.012340477636878056
8115,8146,64ZetCyg,66UpsCyg,1,0.012525358621074392
8123,8173,7DelEqu,1Peg,0,0.01191448967278964
8123,8308,7DelEqu,8EpsPeg,0,0.012277339903068445
8123,8313,7DelEqu,9Peg,0,0.012277339903068445
8123,8131,7DelEqu,8AlpEqu,2,0.0124007292204434
8130,8146,65TauCyg,66UpsCyg,1,0.012525358621074392
8130,8143,65TauCyg,67SigCyg,1,0.015298507566725511
8131,8232,8AlpEqu,22BetAqr,2,0.020912088547816204
8131,8308,8AlpEqu,8EpsPeg,1,0.02192780089426162
8140,8368,TheInd,DelInd,0,0.012778387649535754
8143,8485,67SigCyg,8485,0,0.012094402944726057
8143,8146,67SigCyg,66UpsCyg,0,0.012525358621074392
8146,8309,66UpsCyg,78Mu1Cyg,0,0.012249153545997642
8162,8334,5AlpCep,10NuCep,1,0.014407591843112357
8162,8417,5AlpCep,17XiCep,1,0.014407591843112357
8162,8465,5AlpCep,21ZetCep,1,0.03725384939621581
8162,8238,5AlpCep,8BetCep,3,0.04200359790344555
8162,8316,5AlpCep,MuCep,1,0.01795296493950286
8167,8278,32IotCap,40GamCap,4,0.01455239054841613
8167,8204,32IotCap,34ZetCap,4,0.01455239054841613
8173,8313,1Peg,9Peg,2,0.014264233908999264
8173,8315,1Peg,10KapPeg,1,0.017685459044480833
8181,8540,GamPav,DelTuc,0,0.011562363287468532
8204,8431,34ZetCap,14MuPsA,0,0.011447315850505705
8204,8322,34ZetCap,49DelCap,1,0.02497200204227616
8232,8414,22BetAqr,34AlpAqr,3,0.05901285366944786
8238,8694,8BetCep,32IotCep,2,0.031117030661060873
8238,8974,8BetCep,35GamCep,3,0.04117187093906772
8252,8485,73RhoCyg,8485,1,0.01191448967278964
8254,8540,NuOct,DelTuc,0,0.011447315850505707
8254,8630,NuOct,BetOct,1,0.01592285150451169
8278,8322,40GamCap,49DelCap,5,0.02625234396568795
8305,8431,9IotPsA,14MuPsA,3,0.011447315850505705
8308,8313,8EpsPeg,9Peg,1,0.014407591843112357
8308,8414,8EpsPeg,34AlpAqr,1,0.06020499239237354
8308,8450,8EpsPeg,26ThePeg,3,0.03270124022219692
8309,8315,78Mu1Cyg,10KapPeg,1,0.0123200439855941
8309,8430,78Mu1Cyg,24IotPeg,0,0.012340477636878056
8309,8454,78Mu1Cyg,29Pi2Peg,0,0.012340477636878056
8313,8450,9Peg,26ThePeg,0,0.014407591843112357
8313,8634,9Peg,42ZetPeg,0,0.014552390548416132
8313,8665,9Peg,46XiPeg,0,0.014552390548416132
8315,8430,10KapPeg,24IotPeg,5,0.017597472415623403
8316,8465,MuCep,21ZetCep,2,0.01795296493950286
8316,8334,MuCep,10NuCep,1,0.014528294360038002
8322,8418,49DelCap,33IotAqr,1,0.01469864450490179
8322,8698,49DelCap,73LamAqr,1,0.02625234396568796
8334,8465,10NuCep,21ZetCep,1,0.014552390548416129
8335,8538,81Pi2Cyg,3BetLac,1,0.01265124056800531
8353,8431,GamGru,14MuPsA,0,0.011447315850505705
8353,8411,GamGru,LamGru,3,0.011795938519751569
8353,8556,GamGru,Del1Gru,1,0.019254701775386924
8353,8636,GamGru,BetGru,1,0.04978706836786397
8368,8425,DelInd,AlpGru,0,0.012651240568005298
8368,8675,DelInd,EpsGru,0,0.012651240568005298
8368,8502,DelInd,AlpTuc,0,0.012651240568005298
8411,8431,LamGru,14MuPsA,0,0.011333413154667394
8411,8425,LamGru,AlpGru,0,0.011795938519751569
8411,8556,LamGru,Del1Gru,1,0.011795938519751569
8414,8499,34AlpAqr,43TheAqr,0,0.017774329953659452
8414,8450,34AlpAqr,26ThePeg,1,0.0333732699603261
8414,8518,34AlpAqr,48GamAqr,4,0.024477523271652684
8417,8694,17XiCep,32IotCep,1,0.014264233908999249
8418,8628,33IotAqr,18EpsPsA,0,0.014625151894814675
8418,8499,33IotAqr,43TheAqr,2,0.01493858259283238
8418,8679,33IotAqr,71Tau2Aqr,1,0.015452260123909522
8425,8556,AlpGru,Del1Gru,3,0.019448214745385384
8425,8675,AlpGru,EpsGru,1,0.031429762018367696
8425,8560,AlpGru,Del2Gru,1,0.016907465652705272
8430,8454,24IotPeg,29Pi2Peg,1,0.014504277837810555
8430,8667,24IotPeg,47LamPeg,2,0.021067999523041437
8431,8576,14MuPsA,17BetPsA,1,0.011447315850505705
8431,8628,14MuPsA,18EpsPsA,0,0.011678566970395448
8450,8634,26ThePeg,42ZetPeg,2,0.034047454734599344
8454,8650,29Pi2Peg,44EtaPeg,0,0.014552390548416129
8454,8498,29Pi2Peg,1Lac,1,0.014552390548416129
8465,8571,21ZetCep,27DelCep,3,0.02488944030071867
8485,8572,8485,5Lac,0,0.01191448967278964
8485,8632,8485,11Lac,0,0.01191448967278964
8485,8498,8485,1Lac,1,0.01191448967278964
8494,8538,23EpsCep,3BetLac,1,0.01265124056800531
8498,8650,1Lac,44EtaPeg,1,0.017077388507484803
8498,8762,1Lac,1OmiAnd,1,0.01724901911534627
8499,8518,43TheAqr,48GamAqr,2,0.017774329953659452
8502,8540,AlpTuc,DelTuc,1,0.011562363287468532
8502,8747,AlpTuc,ZetGru,0,0.016572675401761248
8502,8848,AlpTuc,GamTuc,1,0.01887343313515149
8518,8559,48GamAqr,XXX,6,0.023517745856009124
8518,8597,48GamAqr,62EtaAqr,1,0.019643672553065313
8538,8571,3BetLac,27DelCep,0,0.01265124056800531
8538,8585,3BetLac,7AlpLac,3,0.01265124056800531
8540,9076,DelTuc,EpsTuc,1,0.011333413154667394
8556,8695,Del1Gru,22GamPsA,0,0.01203423228472377
8556,8636,Del1Gru,BetGru,2,0.019448214745385384
8559,8597,XXX,62EtaAqr,5,0.019841094744370298
8560,8787,Del2Gru,TheGru,0,0.014335554484207107
8560,8636,Del2Gru,BetGru,2,0.016907465652705272
8571,8694,27DelCep,32IotCep,1,0.02497200204227615
8572,8585,5Lac,7AlpLac,2,0.013568559012200927
8576,8628,17BetPsA,18EpsPsA,1,0.014695705265875936
8576,8695,17BetPsA,22GamPsA,1,0.01203423228472377
8585,8632,7AlpLac,11Lac,0,0.012277339903068441
8585,8961,7AlpLac,16LamAnd,1,0.023754103131304997
8597,8834,62EtaAqr,90PhiAqr,0,0.017077388507484803
8597,8698,62EtaAqr,73LamAqr,3,0.020445346037937673
8597,8634,62EtaAqr,42ZetPeg,1,0.02085836942521473
8628,8789,18EpsPsA,86Aqr,1,0.012778387649535768
8628,8728,18EpsPsA,24AlpPsA,2,0.016907465652705286
8632,8762,11Lac,1OmiAnd,0,0.01252535862107438
8632,8961,11Lac,16LamAnd,0,0.012651240568005312
8634,8665,42ZetPeg,46XiPeg,4,0.016895897602818045
8636,8787,BetGru,TheGru,0,0.01426423390899925
8636,8675,BetGru,EpsGru,4,0.031745636378067925
8636,8820,BetGru,IotGru,2,0.02085836942521472
8650,8775,44EtaPeg,53BetPeg,3,0.05784432087483849
8665,8781,46XiPeg,54AlpPeg,3,0.016907465652705272
8667,8905,47LamPeg,68UpsPeg,0,0.013167547490079744
8667,8781,47LamPeg,54AlpPeg,2,0.021067999523041437
8667,8684,47LamPeg,48MuPeg,4,0.02085836942521471
8675,8747,EpsGru,ZetGru,2,0.016739233558580625
8679,8698,71Tau2Aqr,73LamAqr,3,0.020650825181712573
8679,8709,71Tau2Aqr,76DelAqr,4,0.019940299391388135
8679,8841,71Tau2Aqr,91Psi1Aqr,1,0.01724901911534627
8684,8905,48MuPeg,68UpsPeg,0,0.013366382405999714
8684,8775,48MuPeg,53BetPeg,4,0.03271243493901981
8694,8819,32IotCep,33PiCep,0,0.01252535862107438
8695,8787,22GamPsA,TheGru,0,0.012651240568005312
8695,8720,22GamPsA,23DelPsA,1,0.01290681258047987
8695,8937,22GamPsA,BetScl,0,0.013167547490079756
8698,8834,73LamAqr,90PhiAqr,2,0.01690746565270529
8698,8841,73LamAqr,91Psi1Aqr,1,0.017162774738471484
8709,8789,76DelAqr,86Aqr,0,0.012778387649535768
8709,8812,76DelAqr,88Aqr,3,0.02815585368030011
8709,8858,76DelAqr,93Psi2Aqr,1,0.014264233908999262
8709,8892,76DelAqr,98Aqr,1,0.021493601345089923
8720,8728,23DelPsA,24AlpPsA,2,0.016572675401761248
8728,8789,24AlpPsA,86Aqr,0,0.012778387649535768
8747,8848,ZetGru,GamTuc,1,0.016572675401761248
8762,8961,1OmiAnd,16LamAnd,1,0.024233967845691123
8775,8905,53BetPeg,68UpsPeg,2,0.013167547490079744
8775,8781,53BetPeg,54AlpPeg,8,0.08803683258237253
8781,8905,54AlpPeg,68UpsPeg,1,0.013433549594245309
8787,8820,TheGru,IotGru,2,0.014407591843112343
8789,8812,86Aqr,88Aqr,1,0.012778387649535768
8789,8863,86Aqr,GamScl,0,0.013036528203437741
8789,8906,86Aqr,99Aqr,0,0.013036528203437741
8812,8892,88Aqr,98Aqr,3,0.021067999523041427
8819,8974,33PiCep,35GamCep,0,0.01252535862107438
8834,8984,90PhiAqr,18LamPsc,0,0.01265124056800531
8834,8841,90PhiAqr,91Psi1Aqr,2,0.01690746565270529
8834,8852,90PhiAqr,6GamPsc,1,0.016822929028912453
8834,9089,90PhiAqr,30Psc,1,0.013981783153338303
8841,8858,91Psi1Aqr,93Psi2Aqr,3,0.014122302410163967
8848,9076,GamTuc,EpsTuc,0,0.011447315850505705
8852,8984,6GamPsc,18LamPsc,0,0.012155178329914942
8852,8916,6GamPsc,10ThePsc,3,0.015146284873046988
8858,8988,93Psi2Aqr,105Ome2Aqr,0,0.01290681258047987
8863,8937,GamScl,BetScl,1,0.013842662086479506
8892,8988,98Aqr,105Ome2Aqr,1,0.01290681258047987
8892,8906,98Aqr,99Aqr,2,0.014122302410163967
8906,8988,99Aqr,105Ome2Aqr,2,0.01290681258047987
8916,8984,10ThePsc,18LamPsc,0,0.012155178329914942
8916,8969,10ThePsc,17IotPsc,3,0.015146284873046988
8961,8976,16LamAnd,19KapAnd,1,0.017422374639493525
8965,8976,17IotAnd,19KapAnd,1,0.014995576820477712
8969,8984,17IotPsc,18LamPsc,2,0.012155178329914942
8969,9072,17IotPsc,28OmePsc,3,0.01831563888873419
8984,9072,18LamPsc,28OmePsc,0,0.012400729220443402
8984,9089,18LamPsc,30Psc,0,0.012906812580479867
8988,9089,105Ome2Aqr,30Psc,1,0.01290681258047987
