15,21,21AlpAnd,11BetCas,0,8.406753941326756e-14
15,168,21AlpAnd,18AlpCas,0,6.311317483232667e-13
15,8781,21AlpAnd,54AlpPeg,0,3.3808082450032078e-09
15,8961,21AlpAnd,16LamAnd,0,1.2016294114247874e-08
15,39,21AlpAnd,88GamPeg,10,1.3267782690106546e-06
15,165,21AlpAnd,31DelAnd,3,0.0013578721419834705
15,8905,21AlpAnd,68UpsPeg,1,2.071891532351739e-05
15,8775,21AlpAnd,53BetPeg,7,1.2236196904806068e-06
21,8650,11BetCas,44EtaPeg,0,1.0151405115102298e-14
21,8238,11BetCas,8BetCep,0,2.637033053690336e-09
21,8974,11BetCas,35GamCep,0,8.97408407306416e-09
21,168,11BetCas,18AlpCas,12,0.01108289561999808
21,130,11BetCas,15KapCas,4,0.011926399056019325
21,153,11BetCas,17ZetCas,1,0.002137645441203357
21,264,11BetCas,27GamCas,8,0.0031549914549221835
21,8571,11BetCas,27DelCep,1,4.084841243526688e-06
21,8694,11BetCas,32IotCep,1,1.6552780199760832e-05
21,8961,11BetCas,16LamAnd,1,1.48828669254706e-06
25,8848,EpsPhe,GamTuc,0,7.882620909316596e-07
25,8747,EpsPhe,ZetGru,0,4.038851848389742e-06
25,191,EpsPhe,EtaPhe,0,5.801074805272363e-06
25,100,EpsPhe,KapPhe,2,0.07153352173221661
25,8937,EpsPhe,BetScl,1,9.308729743094573e-05
39,8709,88GamPeg,76DelAqr,0,6.511213979825824e-16
39,188,88GamPeg,16BetCet,0,1.0131556517014139e-14
39,402,88GamPeg,45TheCet,0,7.351450416400309e-13
39,334,88GamPeg,31EtaCet,0,1.2400105985715702e-12
39,74,88GamPeg,8IotCet,0,1.5376651818316723e-10
39,8905,88GamPeg,68UpsPeg,0,1.286777437385002e-06
39,8916,88GamPeg,10ThePsc,0,1.9709135074721315e-06
39,215,88GamPeg,34ZetAnd,0,8.740535489854413e-06
39,8969,88GamPeg,17IotPsc,1,9.961471761735545e-06
48,8937,7Cet,BetScl,0,2.7315671473577583e-09
48,8863,7Cet,GamScl,0,3.835604400417896e-08
48,8988,7Cet,105Ome2Aqr,2,0.0005013639671214813
74,8698,8IotCet,73LamAqr,0,1.3402514388312335e-09
74,8852,8IotCet,6GamPsc,0,1.1179312272246819e-08
74,8988,8IotCet,105Ome2Aqr,0,7.567009435021675e-05
74,188,8IotCet,16BetCet,3,7.57687474271724e-05
74,334,8IotCet,31EtaCet,1,2.0589351688873867e-05
77,705,ZetTuc,DelHyi,0,1.4132522798745997e-06
77,126,ZetTuc,Bet1Tuc,2,0.04465561169462241
77,9076,ZetTuc,EpsTuc,1,0.048311222934507674
98,4798,BetHyi,AlpMus,0,3.235317421335671e-16
98,5671,BetHyi,GamTrA,0,2.2011098387894634e-15
98,4037,BetHyi,OmeCar,0,3.5231356517978336e-15
98,6217,BetHyi,AlpTrA,0,6.928228638412862e-14
98,6102,BetHyi,GamAps,0,2.4344154203552814e-10
98,8502,BetHyi,AlpTuc,0,1.039456499475738e-09
98,8540,BetHyi,DelTuc,0,7.731542766526115e-08
98,9076,BetHyi,EpsTuc,0,2.532808636045492e-06
98,705,BetHyi,DelHyi,1,2.0427369808396488e-06
98,1208,BetHyi,GamHyi,1,1.0444142774314698e-06
98,8254,BetHyi,NuOct,1,2.9909620469683646e-05
99,8892,AlpPhe,98Aqr,0,1.7612258049128107e-11
99,188,AlpPhe,16BetCet,0,8.126669618878147e-11
99,8636,AlpPhe,BetGru,0,1.3358189446031429e-08
99,100,AlpPhe,KapPhe,2,0.7964662828839797
100,322,KapPhe,BetPhe,2,0.0010611603230092342
126,8502,Bet1Tuc,AlpTuc,0,8.226840007814165e-08
126,705,Bet1Tuc,DelHyi,0,1.2966424797280246e-06
126,8848,Bet1Tuc,GamTuc,1,3.20589522689942e-05
130,8819,15KapCas,33PiCep,0,6.794341681930811e-07
130,580,15KapCas,50Cas,0,3.714267068130243e-06
130,264,15KapCas,27GamCas,3,0.04162413315089838
153,269,17ZetCas,37MuAnd,0,1.4048994161241692e-07
153,168,17ZetCas,18AlpCas,1,0.09301218092865388
153,464,17ZetCas,51And,1,1.978172861987928e-05
153,8961,17ZetCas,16LamAnd,1,6.887012442625849e-06
154,8965,29PiAnd,17IotAnd,0,3.978686339262373e-07
154,165,29PiAnd,31DelAnd,3,0.07486714477136
154,269,29PiAnd,37MuAnd,3,0.0022634440501466823
154,337,29PiAnd,43BetAnd,1,0.0010469863231081181
163,271,30EpsAnd,38EtaAnd,0,0.0010193684180798232
163,165,30EpsAnd,31DelAnd,1,0.24614371678666172
163,215,30EpsAnd,34ZetAnd,2,0.005612318591145048
165,168,31DelAnd,18AlpCas,0,6.657584726159715e-12
165,544,31DelAnd,2AlpTri,0,1.8537767800152908e-07
165,337,31DelAnd,43BetAnd,2,0.0004885143830075863
168,337,18AlpCas,43BetAnd,0,4.4747573480881986e-10
168,603,18AlpCas,57Gam1And,0,4.203023384747389e-09
168,219,18AlpCas,24EtaCas,4,0.23069501493244787
168,343,18AlpCas,33TheCas,2,0.013234094837884066
188,429,16BetCet,GamPhe,0,4.458761811540707e-12
188,8728,16BetCet,24AlpPsA,0,9.083605025907251e-12
188,334,16BetCet,31EtaCet,2,0.00021166491378520375
188,509,16BetCet,52TauCet,1,1.7812467509015083e-06
191,338,EtaPhe,ZetPhe,1,0.01498904145058308
215,271,34ZetAnd,38EtaAnd,1,0.12267303371790166
219,603,24EtaCas,57Gam1And,0,4.337664241488218e-09
219,264,24EtaCas,27GamCas,3,0.058489824106760735
224,334,63DelPsc,31EtaCet,0,3.137402615876676e-08
224,9089,63DelPsc,30Psc,0,7.026804226223281e-08
224,271,63DelPsc,38EtaAnd,0,1.632369688856279e-07
224,294,63DelPsc,71EpsPsc,3,0.044619694630173255
224,9072,63DelPsc,28OmePsc,1,1.3760221419599016e-05
264,8974,27GamCas,35GamCep,0,1.8171109360765473e-08
264,403,27GamCas,37DelCas,12,0.03712321586139901
269,8961,37MuAnd,16LamAnd,0,7.407542753412134e-08
269,8965,37MuAnd,17IotAnd,0,2.091858536861827e-07
269,8976,37MuAnd,19KapAnd,0,2.4353840962880287e-07
269,337,37MuAnd,43BetAnd,4,0.026772519975640504
280,8937,AlpScl,BetScl,1,9.094061851641696e-09
280,509,AlpScl,52TauCet,0,1.7507487620071306e-07
285,1542,285,9AlpCam,0,6.888308257501256e-10
285,7750,285,1KapCep,0,1.1449304096447395e-05
285,424,285,1AlpUMi,2,0.08288308634966302
294,334,71EpsPsc,31EtaCet,0,4.144523462731061e-08
294,437,71EpsPsc,99EtaPsc,1,5.661530501872209e-05
294,489,71EpsPsc,106NuPsc,4,8.132880377369392e-05
322,8675,BetPhe,EpsGru,0,2.2734038511466682e-10
322,429,BetPhe,GamPhe,2,0.011064681296942224
322,440,BetPhe,DelPhe,1,0.016359924850682373
334,553,31EtaCet,6BetAri,0,1.1818428552765018e-14
334,402,31EtaCet,45TheCet,4,0.030537585449820562
335,8976,42PhiAnd,19KapAnd,0,1.9729580089034398e-07
335,343,42PhiAnd,33TheCas,0,0.0003676975047014255
337,603,43BetAnd,57Gam1And,2,6.404682112728868e-06
337,622,43BetAnd,4BetTri,1,8.652321489927375e-06
338,8848,ZetPhe,GamTuc,0,2.202206792118072e-07
338,440,ZetPhe,DelPhe,1,0.0012331586205687577
338,472,ZetPhe,AlpEri,1,0.009896254627712578
343,403,33TheCas,37DelCas,1,0.005169278020917757
402,437,45TheCet,99EtaPsc,0,1.3268661597986117e-10
402,489,45TheCet,106NuPsc,0,1.018762897924377e-06
402,595,45TheCet,113AlpPsc,1,7.599374247440911e-07
402,539,45TheCet,55ZetCet,3,0.00122239975873371
403,603,37DelCas,57Gam1And,0,9.254117436151508e-09
403,542,37DelCas,45EpsCas,11,0.01218982979642649
424,2077,1AlpUMi,33DelAur,0,9.52593991674116e-16
424,3323,1AlpUMi,1OmiUMa,0,5.267622670695926e-13
424,4301,1AlpUMi,50AlpUMa,0,1.7571678536809408e-12
424,3757,1AlpUMi,23UMa,0,4.6514180077962436e-12
424,7310,1AlpUMi,57DelDra,0,2.452270296445917e-10
424,4434,1AlpUMi,1LamDra,0,1.7383118467276106e-09
424,4787,1AlpUMi,5KapDra,0,2.4286881639392933e-09
424,8238,1AlpUMi,8BetCep,0,5.764447079282929e-09
424,6789,1AlpUMi,23DelUMi,7,0.03314944770949838
429,509,GamPhe,52TauCet,0,2.1013964056019335e-12
429,841,GamPhe,BetFor,0,8.48060135939942e-09
429,794,GamPhe,IotEri,0,1.5402168297310647e-06
429,566,GamPhe,ChiEri,0,0.0001351426893086752
437,510,99EtaPsc,110OmiPsc,5,0.001281832004517615
440,555,DelPhe,PsiPhe,1,0.011966961399654683
440,566,DelPhe,ChiEri,1,0.011523355243285157
458,622,50UpsAnd,4BetTri,0,0.00017626924212869364
458,464,50UpsAnd,51And,2,0.0007883549010921998
458,603,50UpsAnd,57Gam1And,1,0.008954457744472845
464,834,51And,15EtaPer,0,2.1988711781328017e-06
464,496,51And,PhiPer,2,0.12261306159740579
464,603,51And,57Gam1And,1,0.0006319182323391815
472,8502,AlpEri,AlpTuc,0,7.488713004463423e-12
472,8675,AlpEri,EpsGru,0,2.4294788955716346e-11
472,566,AlpEri,ChiEri,1,0.001326802590661089
489,510,106NuPsc,110OmiPsc,3,0.02416065350676697
489,595,106NuPsc,113AlpPsc,4,0.003062799879935561
496,834,PhiPer,15EtaPer,0,1.6817491243423725e-05
496,799,PhiPer,13ThePer,1,7.419718372507427e-05
509,1231,52TauCet,34GamEri,0,6.4292667805165456e-15
509,539,52TauCet,55ZetCet,3,0.003254117567352277
509,585,52TauCet,59UpsCet,1,0.0019193358018961694
510,546,110OmiPsc,5Gam2Ari,0,3.268123393499591e-05
510,595,110OmiPsc,113AlpPsc,1,0.0004904928423408805
539,874,55ZetCet,3EtaEri,0,1.0061208386405508e-07
539,811,55ZetCet,89PiCet,1,1.5272082369236062e-06
539,681,55ZetCet,68OmiCet,1,4.2527662884942536e-05
542,3323,45EpsCas,1OmiUMa,0,1.4203764959444361e-18
542,1708,45EpsCas,13AlpAur,0,7.993293162982629e-15
542,1155,45EpsCas,1155,0,6.070819435906831e-06
542,1035,45EpsCas,1035,1,1.2175636472185267e-05
542,834,45EpsCas,15EtaPer,1,4.004298083119832e-05
542,915,45EpsCas,23GamPer,1,1.6956979251711181e-06
544,622,2AlpTri,4BetTri,4,0.002049855088723532
544,617,2AlpTri,13AlpAri,2,0.001355340112042155
546,813,5Gam2Ari,87MuCet,0,2.1697953819712203e-07
546,718,5Gam2Ari,73Xi2Cet,0,1.1283410549069164e-06
546,649,5Gam2Ari,65Xi1Cet,0,1.087722404568021e-05
546,553,5Gam2Ari,6BetAri,8,0.22408963253044745
553,595,6BetAri,113AlpPsc,0,1.3750975544991779e-08
553,617,6BetAri,13AlpAri,9,0.022996021022625403
555,794,PsiPhe,IotEri,0,2.568278020625203e-05
566,674,ChiEri,PhiEri,2,0.0271808409859692
580,2077,50Cas,33DelAur,0,1.3925004401598972e-13
580,8694,50Cas,32IotCep,0,3.450072022399505e-08
585,897,59UpsCet,The1Eri,0,1.1923954847638577e-10
585,874,59UpsCet,3EtaEri,0,1.1304914264940276e-08
585,963,59UpsCet,AlpFor,0,1.396659761277243e-08
585,919,59UpsCet,11Tau3Eri,0,4.6629142148363347e-07
585,818,59UpsCet,1Tau1Eri,0,1.897065720545475e-05
591,8502,AlpHyi,AlpTuc,0,2.9548912563431708e-12
591,897,AlpHyi,The1Eri,0,6.51503126910117e-11
591,705,AlpHyi,DelHyi,1,0.00016962639150388414
591,1208,AlpHyi,GamHyi,1,2.8633869364597283e-08
591,1175,AlpHyi,BetRet,1,1.4087400397069778e-06
595,779,113AlpPsc,82DelCet,1,5.192499433555122e-05
603,854,57Gam1And,18TauPer,0,1.4966032240081157e-06
603,941,57Gam1And,27KapPer,0,5.724299804268712e-06
603,622,57Gam1And,4BetTri,2,0.0007159707192114723
603,840,57Gam1And,16Per,1,7.254067756296712e-05
603,799,57Gam1And,13ThePer,1,6.010983213424852e-05
617,911,13AlpAri,92AlpCet,0,4.827908831088856e-11
617,804,13AlpAri,86GamCet,0,2.2523252885160722e-10
617,921,13AlpAri,25RhoPer,0,1.959103688954891e-09
617,813,13AlpAri,87MuCet,0,8.947419231241609e-08
617,664,13AlpAri,9GamTri,0,2.4706138671996202e-05
617,838,13AlpAri,41Ari,5,2.624113574651611e-05
622,921,4BetTri,25RhoPer,0,7.591282794461391e-06
622,664,4BetTri,9GamTri,5,0.17581679653599327
649,718,65Xi1Cet,73Xi2Cet,3,0.020286909672116184
664,840,9GamTri,16Per,1,0.0003123719400593914
674,897,PhiEri,The1Eri,0,9.702336833842073e-07
674,721,PhiEri,KapEri,2,0.008211922621571827
681,1231,68OmiCet,34GamEri,0,2.237724969439354e-12
681,779,68OmiCet,82DelCet,1,0.0019582223717897218
681,811,68OmiCet,89PiCet,1,3.875779357278951e-06
705,806,DelHyi,EpsHyi,2,0.05860331598624638
718,804,73Xi2Cet,86GamCet,4,0.0012905259420182503
718,813,73Xi2Cet,87MuCet,4,0.009203414105450426
721,897,KapEri,The1Eri,1,4.8231117886044865e-05
721,794,KapEri,IotEri,1,0.00015934469261411958
779,874,82DelCet,3EtaEri,0,2.9597194985234052e-05
779,804,82DelCet,86GamCet,4,0.03788489361086722
794,897,IotEri,The1Eri,1,0.017375012850942527
799,840,13ThePer,16Per,0,1.6243844008657672e-05
799,854,13ThePer,18TauPer,1,0.02011980197857028
799,941,13ThePer,27KapPer,1,0.0019711028433076322
804,887,86GamCet,48EpsAri,0,6.578808441366197e-09
804,911,86GamCet,92AlpCet,4,0.006766641634072967
806,1208,EpsHyi,GamHyi,1,8.462158912862697e-05
811,818,89PiCet,1Tau1Eri,1,0.009252764783465338
811,874,89PiCet,3EtaEri,1,0.003041411915090893
813,951,87MuCet,57DelAri,0,6.3155482005721245e-06
813,1066,87MuCet,5Tau,0,6.425773407877952e-06
818,919,1Tau1Eri,11Tau3Eri,3,0.0014030076562835982
834,2077,15EtaPer,33DelAur,0,2.641306924778879e-12
834,915,15EtaPer,23GamPer,4,0.04348555892305157
838,1142,41Ari,17Tau,0,1.9160017925394563e-06
838,1131,41Ari,38OmiPer,0,1.9670943531090783e-06
838,840,41Ari,16Per,0,1.1578979579737846e-05
838,887,41Ari,48EpsAri,1,0.0014315043687798392
840,999,16Per,999,0,1.0703804750079742e-05
840,921,16Per,25RhoPer,4,0.042180422313426294
840,936,16Per,26BetPer,1,0.01039058297081045
841,963,BetFor,AlpFor,1,0.0014674803628385883
854,915,18TauPer,23GamPer,1,0.16821517956726542
854,937,18TauPer,IotPer,2,0.019325628029371964
868,1336,868,AlpRet,0,1.592892802810864e-08
868,1175,868,BetRet,0,2.4699186898763527e-08
868,1326,868,AlpHor,0,3.952200440385158e-08
868,1355,868,EpsRet,0,6.849726441799862e-08
868,1338,868,GamDor,0,5.574762089026241e-07
874,1101,3EtaEri,10Tau,0,7.808321553997103e-07
874,1084,3EtaEri,18EpsEri,2,8.585383175223774e-05
887,1030,48EpsAri,1OmiTau,0,7.363860946183563e-07
887,1038,48EpsAri,2XiTau,0,1.050458922395825e-06
887,951,48EpsAri,57DelAri,2,0.027672189291689412
897,1956,The1Eri,AlpCol,0,2.0775124544820423e-15
897,1654,The1Eri,2EpsLep,0,2.570554857310168e-15
897,1231,The1Eri,34GamEri,0,4.4672116714353426e-14
897,1190,The1Eri,XXX,1,1.4146490720703494e-05
897,1008,The1Eri,1008,1,0.0028566766816457705
911,1165,92AlpCet,25EtaTau,0,7.234192428512936e-11
911,1231,92AlpCet,34GamEri,0,1.2680450918369324e-10
911,1084,92AlpCet,18EpsEri,0,1.2846469301763976e-07
915,2077,23GamPer,33DelAur,0,7.620842172658563e-12
915,936,23GamPer,26BetPer,0,2.9194697333948715e-06
915,1035,23GamPer,1035,1,0.0007021211714846082
915,1017,23GamPer,33AlpPer,5,0.007598045454957049
919,963,11Tau3Eri,AlpFor,1,0.001965370275819796
919,1003,11Tau3Eri,16Tau4Eri,3,0.010070002687083976
921,1135,25RhoPer,41NuPer,0,0.00014682800619648982
921,936,25RhoPer,26BetPer,4,0.08471465786420412
936,941,26BetPer,27KapPer,3,0.01619893484199144
936,1220,26BetPer,45EpsPer,2,5.473574374593826e-05
936,1122,26BetPer,39DelPer,4,6.275484354218696e-05
937,941,IotPer,27KapPer,2,0.007369484501882947
937,1017,IotPer,33AlpPer,1,0.07346475225635118
941,1017,27KapPer,33AlpPer,1,0.0027981310673059873
1003,1464,16Tau4Eri,52Ups2Eri,0,1.8715551442669743e-09
1003,1347,16Tau4Eri,41Ups4Eri,0,9.908129025433263e-09
1003,1162,16Tau4Eri,26PiEri,0,5.537104694269637e-06
1003,1084,16Tau4Eri,18EpsEri,1,1.7877955795071197e-06
1003,1088,16Tau4Eri,19Tau5Eri,3,0.02157047227734787
1008,1338,1008,GamDor,0,8.990175402124159e-07
1008,1190,1008,XXX,1,0.00013781752729087057
1017,1035,33AlpPer,1035,0,3.6856522236469734e-05
1017,1122,33AlpPer,39DelPer,4,0.020633063788600737
1017,1052,33AlpPer,35SigPer,1,0.09381079084743163
1017,1087,33AlpPer,37PsiPer,1,0.05999950970532685
1017,1261,33AlpPer,47LamPer,1,0.00085469464995692
1030,1038,1OmiTau,2XiTau,1,0.3167176132439877
1035,1568,1035,7Cam,0,1.3284366510721722e-06
1035,1603,1035,10BetCam,0,7.746110158511695e-06
1035,1261,1035,47LamPer,0,1.6775861090596004e-05
1038,1142,2XiTau,17Tau,0,1.9575265396915766e-07
1038,1066,2XiTau,5Tau,1,0.027140019321785367
1052,1135,35SigPer,41NuPer,0,0.0018105061671708238
1052,1087,35SigPer,37PsiPer,1,0.280949481888269
1066,1256,5Tau,37Tau,0,2.966983262077563e-06
1066,1156,5Tau,23Tau,0,5.660474607947575e-06
1084,1251,18EpsEri,38NuTau,0,1.9289323900311788e-08
1084,1136,18EpsEri,23DelEri,2,0.04670179404156842
1087,1261,37PsiPer,47LamPer,0,0.003394704791871532
1087,1122,37PsiPer,39DelPer,2,0.24346918906224155
1088,1231,19Tau5Eri,34GamEri,0,2.2231352341069245e-05
1088,1173,19Tau5Eri,27Tau6Eri,3,0.01861601968501735
1122,2077,39DelPer,33DelAur,0,1.4952561863217102e-10
1122,1605,39DelPer,7EpsAur,0,3.840701561522956e-07
1122,1220,39DelPer,45EpsPer,3,0.00015538473184862386
1122,1273,39DelPer,48Per,2,0.008560984692026588
1131,1149,38OmiPer,20Tau,0,0.00023673070789904504
1131,1145,38OmiPer,19Tau,0,0.00026265895159151775
1131,1203,38OmiPer,44ZetPer,4,0.10027207082167601
1135,1220,41NuPer,45EpsPer,1,0.018635160538169684
1136,1251,23DelEri,38NuTau,0,3.9431918928959376e-08
1136,1463,23DelEri,48NuEri,1,2.3194685259291036e-07
1136,1162,23DelEri,26PiEri,1,0.05749382706739328
1142,1156,17Tau,23Tau,22,0.43691245553279345
1142,1145,17Tau,19Tau,8,0.4405584372208118
1142,1149,17Tau,20Tau,13,0.4528765515106141
1145,1149,19Tau,20Tau,10,0.5907298442479445
1156,1178,23Tau,27Tau,2,0.33436262827583674
1156,1165,23Tau,25EtaTau,20,0.4737810878362151
1162,1231,26PiEri,34GamEri,1,0.023710222609854694
1165,1178,25EtaTau,27Tau,20,0.4821075887584885
1165,1239,25EtaTau,35LamTau,1,3.473288998075759e-06
1173,1464,27Tau6Eri,52Ups2Eri,0,7.289208830924126e-07
1173,1496,27Tau6Eri,54Eri,0,9.162490999880957e-07
1173,1195,27Tau6Eri,1195,0,1.0101006157096117e-06
1173,1347,27Tau6Eri,41Ups4Eri,2,1.3883709847194547e-06
1175,1336,BetRet,AlpRet,1,0.004501673516251476
1178,1577,27Tau,3IotAur,0,1.4249074805382188e-08
1178,1412,27Tau,78The2Tau,0,2.454375409436456e-06
1178,1373,27Tau,61Del1Tau,2,2.224924974374518e-05
1190,1195,XXX,1195,2,0.07354144131812929
1195,1347,1195,41Ups4Eri,2,0.0005254015679752986
1203,1577,44ZetPer,3IotAur,0,9.68744445737096e-07
1203,1220,44ZetPer,45EpsPer,1,0.00021247450486310213
1203,1228,44ZetPer,46XiPer,4,0.013526864133949016
1208,4037,GamHyi,OmeCar,0,4.769213867756365e-13
1208,5470,GamHyi,AlpAps,0,5.739680229342777e-13
1208,3685,GamHyi,BetCar,0,1.0670410275205432e-11
1208,2550,GamHyi,AlpPic,0,3.877261787363202e-10
1208,3340,GamHyi,TheCha,0,2.3279511593010017e-08
1208,2736,GamHyi,Gam2Vol,0,5.151676052141091e-08
1208,1922,GamHyi,BetDor,0,6.751329221903298e-08
1208,2015,GamHyi,DelDor,0,5.712721043728192e-07
1220,1577,45EpsPer,3IotAur,0,6.6224707712884e-07
1220,1641,45EpsPer,10EtaAur,1,1.3068661637059157e-06
1220,1612,45EpsPer,8ZetAur,0,2.863173955378857e-06
1220,1228,45EpsPer,46XiPer,4,0.010554560715296656
1228,1577,46XiPer,3IotAur,0,2.835999742682017e-06
1228,1454,46XiPer,58Per,0,6.423712123231978e-05
1231,1239,34GamEri,35LamTau,0,2.923698646170122e-12
1231,1543,34GamEri,1Pi3Ori,0,1.5312761779775972e-11
1231,1713,34GamEri,19BetOri,0,1.5130717660565319e-09
1231,1464,34GamEri,52Ups2Eri,0,1.677705486956652e-09
1231,1666,34GamEri,67BetEri,0,2.2189676756010314e-09
1231,1702,34GamEri,5MuLep,0,4.8390966203179205e-09
1239,1346,35LamTau,54GamTau,3,0.002182130373675927
1251,1298,38NuTau,38Omi1Eri,0,1.1351532252894288e-06
1251,1552,38NuTau,3Pi4Ori,0,3.153130125346273e-06
1256,1373,37Tau,61Del1Tau,1,0.0011329417619544621
1261,1303,47LamPer,51MuPer,2,0.07110796488603854
1273,1454,48Per,58Per,0,0.0002094014581436123
1273,1303,48Per,51MuPer,2,0.2046863433262838
1298,1463,38Omi1Eri,48NuEri,1,0.00043213408911547556
1303,1605,51MuPer,7EpsAur,0,6.681331051745573e-05
1320,1463,49MuTau,48NuEri,0,8.058121266628443e-07
1325,1560,40Omi2Eri,61OmeEri,0,2.989327985469803e-05
1326,2120,AlpHor,EtaCol,0,8.20693075194358e-10
1326,2020,AlpHor,BetPic,0,3.1932398731319842e-09
1326,1862,AlpHor,EpsCol,0,1.4375612242160542e-08
1336,2550,AlpRet,AlpPic,0,3.8660247756927825e-09
1336,1355,AlpRet,EpsRet,1,0.009777096913081752
1338,1465,GamDor,AlpDor,2,0.0027037193099470344
1346,1543,54GamTau,1Pi3Ori,0,6.714669933079035e-06
1346,1458,54GamTau,88Tau,0,0.0007191687268951174
1346,1373,54GamTau,61Del1Tau,23,0.07488576376520739
1346,1412,54GamTau,78The2Tau,20,0.06843663308011275
1346,1394,54GamTau,71Tau,1,0.1209951479349632
1347,1393,41Ups4Eri,43Eri,3,0.07594249281622864
1373,1409,61Del1Tau,74EpsTau,19,0.06967614039716041
1373,1389,61Del1Tau,68Del3Tau,4,0.28267118631432503
1387,1791,65Kap1Tau,112BetTau,0,1.557814289889547e-07
1389,1457,68Del3Tau,87AlpTau,0,0.032639743508613386
1389,1409,68Del3Tau,74EpsTau,4,0.1356415496378158
1392,1577,69UpsTau,3IotAur,0,2.4542748318433304e-06
1393,1862,43Eri,EpsCol,0,2.1289979943609229e-07
1393,1464,43Eri,52Ups2Eri,3,0.003726510780735649
1394,1458,71Tau,88Tau,0,0.0015357878981519003
1394,1412,71Tau,78The2Tau,1,0.3119159495951731
1409,1910,74EpsTau,123ZetTau,0,4.4122619245020776e-08
1409,1791,74EpsTau,112BetTau,0,5.270303817827966e-08
1409,1497,74EpsTau,94TauTau,1,0.004916379035082047
1412,1457,78The2Tau,87AlpTau,21,0.08764909303532821
1457,1577,87AlpTau,3IotAur,0,1.6850902053643693e-08
1457,1791,87AlpTau,112BetTau,0,2.678206569493719e-08
1457,1879,87AlpTau,39LamOri,1,5.8391446014019156e-08
1457,1543,87AlpTau,1Pi3Ori,1,2.2311584166440535e-05
1457,1910,87AlpTau,123ZetTau,1,1.0312459210418812e-07
1458,1473,88Tau,90Tau,1,0.04962989460555058
1463,1520,48NuEri,57MuEri,1,0.047116924632651526
1464,1481,52Ups2Eri,53Eri,0,2.734936190895157e-08
1464,1654,52Ups2Eri,2EpsLep,1,6.434135696967207e-06
1464,1862,52Ups2Eri,EpsCol,1,7.811651282798541e-07
1465,1956,AlpDor,AlpCol,0,9.19371548686625e-12
1465,2040,AlpDor,BetCol,0,1.2856373125535017e-11
1465,1922,AlpDor,BetDor,2,5.126902914671852e-06
1473,1544,90Tau,2Pi2Ori,0,0.005115938881098398
1481,1560,53Eri,61OmeEri,0,3.283920037249858e-05
1481,1679,53Eri,69LamEri,1,3.8803134268051004e-05
1481,1696,53Eri,3IotLep,0,8.018537827161387e-05
1481,1705,53Eri,4KapLep,0,8.407525003638995e-05
1497,1910,94TauTau,123ZetTau,0,1.3954760704592283e-06
1497,1845,94TauTau,119Tau,0,2.3437016418477424e-06
1497,1791,94TauTau,112BetTau,1,6.410968223065695e-06
1502,2120,AlpCae,EtaCol,0,9.934652818830235e-08
1520,1567,57MuEri,8Pi5Ori,0,0.0010735783190435066
1520,1560,57MuEri,61OmeEri,2,0.025372841150250035
1542,3751,9AlpCam,3751,0,4.0669493685379895e-10
1542,2238,9AlpCam,2Lyn,0,5.36735133472586e-06
1543,1788,1Pi3Ori,28EtaOri,0,1.3731100382265748e-06
1543,1544,1Pi3Ori,2Pi2Ori,4,0.08274013469181271
1543,1552,1Pi3Ori,3Pi4Ori,7,0.14238132940135934
1544,1790,2Pi2Ori,24GamOri,0,6.498501324821079e-05
1544,1580,2Pi2Ori,9Omi2Ori,2,0.004270720099750802
1552,1698,3Pi4Ori,17RhoOri,0,0.0010407122226807044
1552,1567,3Pi4Ori,8Pi5Ori,5,0.01892063831148592
1552,1790,3Pi4Ori,24GamOri,2,0.0001019393800928614
1560,1666,61OmeEri,67BetEri,1,0.009704626796752734
1567,1852,8Pi5Ori,34DelOri,0,2.515042391895936e-05
1567,1790,8Pi5Ori,24GamOri,1,8.020421335130623e-05
1567,1601,8Pi5Ori,10Pi6Ori,2,0.13428245723478593
1567,1666,8Pi5Ori,67BetEri,2,0.00012142298223671531
1568,2077,7Cam,33DelAur,1,0.00010077809462443339
1577,2012,3IotAur,32NuAur,0,2.1774482437992077e-06
1577,1641,3IotAur,10EtaAur,1,0.00015539820438230126
1577,1791,3IotAur,112BetTau,4,0.00026295798683228903
1577,1612,3IotAur,8ZetAur,2,0.0002050898600613028
1580,1879,9Omi2Ori,39LamOri,1,1.6138032125324784e-05
1580,1790,9Omi2Ori,24GamOri,1,1.9022313869386517e-05
1601,1666,10Pi6Ori,67BetEri,0,0.00035226119377587824
1601,1765,10Pi6Ori,22Ori,0,0.0009735591823088825
1605,1641,7EpsAur,10EtaAur,2,0.05315570563138955
1605,1708,7EpsAur,13AlpAur,1,0.024989900259577327
1612,1641,8ZetAur,10EtaAur,3,0.3696446472973362
1641,1708,10EtaAur,13AlpAur,1,0.004568944402865412
1641,2012,10EtaAur,32NuAur,1,9.990101783886553e-05
1654,1702,2EpsLep,5MuLep,1,0.0005840084145280752
1654,1829,2EpsLep,9BetLep,3,0.0011943800643639643
1666,1679,67BetEri,69LamEri,2,0.012057915364362449
1666,1713,67BetEri,19BetOri,3,0.013687485142127977
1666,1735,67BetEri,20TauOri,1,0.021843447780210072
1666,1788,67BetEri,28EtaOri,2,0.002782028472468745
1696,1713,3IotLep,19BetOri,2,0.010552851862409977
1696,1705,3IotLep,4KapLep,5,0.13664055294394598
1702,1865,5MuLep,11AlpLep,3,0.002403028123484916
1702,1705,5MuLep,4KapLep,3,0.014162374747799246
1705,1756,4KapLep,6LamLep,4,0.07770595444341509
1708,2088,13AlpAur,34BetAur,5,0.00039381416085432593
1713,1998,19BetOri,14ZetLep,0,1.1851399834657383e-05
1713,1899,19BetOri,44IotOri,0,0.0015138870222887514
1713,1784,19BetOri,29Ori,3,0.04286359268113936
1713,1788,19BetOri,28EtaOri,2,0.0007738599980127622
1713,2004,19BetOri,53KapOri,8,9.270012566803407e-05
1735,1892,20TauOri,42Ori,0,0.003183701239109601
1735,1788,20TauOri,28EtaOri,0,0.003304791665898971
1735,1784,20TauOri,29Ori,1,0.07290159906249898
1756,2004,6LamLep,53KapOri,0,0.00015473406295860235
1784,2004,29Ori,53KapOri,2,0.0008107649184816403
1784,1887,29Ori,1887,1,0.016477280549918996
1788,1852,28EtaOri,34DelOri,6,0.024424342277017768
1790,1876,24GamOri,37Phi1Ori,1,0.007862949788235159
1790,1879,24GamOri,39LamOri,5,0.005242580022461399
1790,1852,24GamOri,34DelOri,11,0.00046855787954889355
1790,2061,24GamOri,58AlpOri,6,0.0002071317042234196
1791,2219,112BetTau,44KapAur,0,1.2333565199268278e-05
1791,2134,112BetTau,1Gem,0,2.540669628601363e-05
1791,1910,112BetTau,123ZetTau,2,0.00021623785885448862
1791,2095,112BetTau,37TheAur,3,8.855053106151962e-06
1829,2282,9BetLep,1ZetCMa,0,7.710496558389427e-08
1829,1956,9BetLep,AlpCol,0,3.393602123643333e-07
1829,2294,9BetLep,2BetCMa,0,4.5207771545201726e-07
1829,1865,9BetLep,11AlpLep,4,0.014734183533562343
1829,1983,9BetLep,13GamLep,4,0.004832967078187321
1839,2061,32Ori,58AlpOri,0,0.000769000056608422
1839,1852,32Ori,34DelOri,1,0.0008862691112247605
1845,2159,119Tau,67NuOri,0,4.0746440736803396e-05
1852,2061,34DelOri,58AlpOri,2,2.5333835854019916e-05
1852,1903,34DelOri,46EpsOri,33,0.11173639585722521
1862,1956,EpsCol,AlpCol,4,0.02726585937867527
1865,2294,11AlpLep,2BetCMa,0,1.6873916167469473e-06
1865,1998,11AlpLep,14ZetLep,2,0.0033836711842037586
1876,1879,37Phi1Ori,39LamOri,4,0.29363454743229034
1876,1907,37Phi1Ori,40Phi2Ori,4,0.26236859549918207
1879,1907,39LamOri,40Phi2Ori,2,0.2093586871120769
1879,2061,39LamOri,58AlpOri,4,0.001711369047852617
1887,2004,1887,53KapOri,1,0.0035105621054054097
1887,1897,1887,43The2Ori,1,0.2559053055325547
1892,1897,42Ori,43The2Ori,5,0.2687560899022363
1892,1931,42Ori,48SigOri,2,0.04093356365805513
1897,2004,43The2Ori,53KapOri,0,0.0023016883192410725
1897,1899,43The2Ori,44IotOri,5,0.282178723656933
1899,1903,44IotOri,46EpsOri,1,0.00382313763040798
1899,1931,44IotOri,48SigOri,2,0.014378274138938161
1899,1948,44IotOri,50ZetOri,3,0.006485702496496913
1903,2061,46EpsOri,58AlpOri,0,2.0515446071067053e-05
1903,1948,46EpsOri,50ZetOri,33,0.11873772142239467
1907,2124,40Phi2Ori,61MuOri,0,0.0007561343778399785
1907,2061,40Phi2Ori,58AlpOri,2,0.0033438265606638706
1910,2061,123ZetTau,58AlpOri,0,2.640336572559917e-07
1922,2803,BetDor,DelVol,0,1.3735544068026735e-06
1922,2015,BetDor,DelDor,2,0.007613053118004346
1931,2004,48SigOri,53KapOri,0,0.00023346488540357995
1931,1948,48SigOri,50ZetOri,4,0.19891546827600726
1948,2491,50ZetOri,9AlpCMa,1,1.1975981342904876e-10
1948,2298,50ZetOri,8EpsMon,0,1.0997166998029433e-06
1948,2004,50ZetOri,53KapOri,9,0.0001394319812031965
1948,2061,50ZetOri,58AlpOri,2,1.7207032243341758e-05
1956,1983,AlpCol,13GamLep,0,2.187783035889166e-06
1956,2040,AlpCol,BetCol,2,0.014749678415115944
1956,2106,AlpCol,GamCol,1,0.005354989752824426
1983,2035,13GamLep,15DelLep,3,0.03222495023707651
1998,2085,14ZetLep,16EtaLep,2,0.030592392979679136
2004,2491,53KapOri,9AlpCMa,0,5.359562128338211e-08
2004,2227,53KapOri,5GamMon,1,0.0001932478877511669
2004,2085,53KapOri,16EtaLep,1,0.0026792107064101726
2035,2282,15DelLep,1ZetCMa,0,3.2196080083825212e-06
2035,2387,15DelLep,4Xi1CMa,0,1.4732238580980925e-05
2040,2326,BetCol,AlpCar,0,3.2236747107417535e-09
2040,2106,BetCol,GamCol,1,0.05780300469140552
2040,2120,BetCol,EtaCol,1,0.0001625770020938072
2040,2282,BetCol,1ZetCMa,2,5.079140465650256e-05
2047,2159,54Chi1Ori,67NuOri,1,0.0009903768436680727
2047,2134,54Chi1Ori,1Gem,1,0.013276582826333053
2061,2491,58AlpOri,9AlpCMa,0,4.98701229744404e-13
2061,2216,58AlpOri,7EtaGem,1,5.939597438563063e-08
2061,2227,58AlpOri,5GamMon,0,1.8764545244997724e-07
2061,2421,58AlpOri,24GamGem,0,4.210645402108017e-07
2061,2124,58AlpOri,61MuOri,3,0.02652793676665081
2077,3569,33DelAur,9IotUMa,0,7.612465416777785e-13
2085,2356,16EtaLep,11BetMon,0,7.671349220298434e-06
2088,3569,34BetAur,9IotUMa,0,6.993156791629145e-14
2088,2890,34BetAur,66AlpGem,1,8.771140107120747e-11
2088,2095,34BetAur,37TheAur,4,0.0003207032375083284
2091,2540,35PiAur,34TheGem,0,1.1009863794745323e-07
2095,2890,37TheAur,66AlpGem,0,9.666845665296952e-10
2095,2473,37TheAur,27EpsGem,0,1.3270710732336668e-07
2106,2120,GamCol,EtaCol,0,0.00011849317198349809
2106,2256,GamCol,KapCol,2,0.004686744700712747
2120,2296,EtaCol,DelCol,0,6.610059946924994e-06
2124,2385,61MuOri,13Mon,0,0.00015271866586646742
2124,2199,61MuOri,70XiOri,1,0.0029226049790714464
2134,2216,1Gem,7EtaGem,2,0.04215358543930671
2159,2199,67NuOri,70XiOri,3,0.16987882513954208
2199,2385,70XiOri,13Mon,0,8.662698309639417e-05
2199,2478,70XiOri,30Gem,0,0.0001855707363434146
2216,2286,7EtaGem,13MuGem,4,0.08485780531259925
2227,2356,5GamMon,11BetMon,2,0.011429304919131566
2227,2298,5GamMon,8EpsMon,1,5.295763355770956e-06
2238,2560,2Lyn,15Lyn,1,0.008000740142225723
2256,2451,KapCol,NuPup,0,2.641283350835327e-05
2256,2296,KapCol,DelCol,1,0.028671668542275063
2282,2773,1ZetCMa,PiPup,0,2.3858100646383784e-07
2282,2451,1ZetCMa,NuPup,0,2.798566762627921e-07
2282,2429,1ZetCMa,7Nu2CMa,0,2.6371702176133016e-06
2282,2580,1ZetCMa,16Omi1CMa,0,1.472602397720265e-05
2282,2294,1ZetCMa,2BetCMa,1,1.256078428077431e-06
2282,2538,1ZetCMa,13KapCMa,2,0.00026908554599857097
2282,2618,1ZetCMa,21EpsCMa,1,4.983847999369589e-05
2282,2653,1ZetCMa,24Omi2CMa,1,2.378637354455417e-06
2286,2421,13MuGem,24GamGem,2,0.00039676586016792624
2286,2343,13MuGem,18NuGem,3,0.032950354820814744
2286,2473,13MuGem,27EpsGem,5,0.0021196490145512104
2294,2443,2BetCMa,8Nu3CMa,1,0.007136581528646792
2294,2491,2BetCMa,9AlpCMa,2,0.0011338956290475974
2294,2387,2BetCMa,4Xi1CMa,1,0.0006947192854205601
2294,2429,2BetCMa,7Nu2CMa,1,0.008067743614068387
2298,2385,8EpsMon,13Mon,1,0.011102334109167682
2326,2451,AlpCar,NuPup,1,9.375373763633419e-06
2326,2550,AlpCar,AlpPic,1,1.2447953733211489e-05
2343,2650,18NuGem,43ZetGem,0,0.00010646368039783409
2343,2421,18NuGem,24GamGem,3,0.006234363408699578
2356,2943,11BetMon,10AlpCMi,0,1.3128841103022716e-10
2356,2970,11BetMon,26AlpMon,0,4.094540277345764e-09
2356,2714,11BetMon,22DelMon,1,1.0978975534766725e-06
2361,2538,LamCMa,13KapCMa,0,0.0023087473111826576
2387,2580,4Xi1CMa,16Omi1CMa,1,0.0013608809104129877
2421,2484,24GamGem,31XiGem,6,0.01052620768467857
2421,2650,24GamGem,43ZetGem,1,0.00023763884890981595
2429,2491,7Nu2CMa,9AlpCMa,2,0.011250948916926925
2435,2550,2435,AlpPic,0,2.4076855577149538e-05
2451,2538,NuPup,13KapCMa,0,3.565649338841405e-06
2451,2553,NuPup,TauPup,1,9.06141717550131e-05
2451,2878,NuPup,SigPup,1,1.6452766849722405e-05
2473,2821,27EpsGem,60IotGem,0,2.869274067073707e-05
2473,2777,27EpsGem,55DelGem,1,6.245313225146937e-05
2473,2890,27EpsGem,66AlpGem,2,1.187092574262217e-06
2473,2650,27EpsGem,43ZetGem,4,0.0007156460407410859
2478,2650,30Gem,43ZetGem,0,7.115083812834382e-05
2484,2491,31XiGem,9AlpCMa,0,3.948081968918489e-14
2484,2650,31XiGem,43ZetGem,0,6.550552237563334e-05
2484,2763,31XiGem,54LamGem,1,6.326887591457621e-05
2491,2845,9AlpCMa,3BetCMi,0,4.620323575549765e-13
2491,2943,9AlpCMa,10AlpCMi,3,1.7827057023969963e-12
2491,2574,9AlpCMa,14TheCMa,1,0.0017135118737327398
2491,2596,9AlpCMa,20IotCMa,2,0.020230279979084616
2506,2845,18Mon,3BetCMi,0,3.824219633571499e-06
2538,2773,13KapCMa,PiPup,1,0.00016011457079301335
2538,2618,13KapCMa,21EpsCMa,3,0.004456183955811571
2540,3569,34TheGem,9IotUMa,0,1.7960597845738346e-12
2540,2560,34TheGem,15Lyn,0,2.2510580010504005e-11
2540,2697,34TheGem,46TauGem,3,0.0031657355212306904
2550,3117,AlpPic,ChiCar,0,5.100812589581056e-07
2550,2553,AlpPic,TauPup,0,2.4983014949099383e-06
2554,3117,2554,ChiCar,0,9.371478612348388e-06
2560,3751,15Lyn,3751,0,1.9688091619963864e-11
2560,3275,15Lyn,31Lyn,1,1.793617141585593e-09
2574,2714,14TheCMa,22DelMon,0,1.375808330725889e-06
2574,2657,14TheCMa,23GamCMa,2,0.004180143569438707
2580,2596,16Omi1CMa,20IotCMa,0,0.00019696600837443312
2596,2653,20IotCMa,24Omi2CMa,1,0.00024011903159897518
2596,2657,20IotCMa,23GamCMa,1,0.027973551122479227
2618,2773,21EpsCMa,PiPup,0,2.9962011132414525e-05
2618,2646,21EpsCMa,22SigCMa,2,0.06997311321056937
2618,2827,21EpsCMa,31EtaCMa,3,0.0008872228186726137
2646,2827,22SigCMa,31EtaCMa,1,0.001455014270320093
2646,2693,22SigCMa,25DelCMa,1,0.026343910940176414
2650,2777,43ZetGem,55DelGem,3,0.00907602397551592
2650,2763,43ZetGem,54LamGem,4,0.0028974389000100582
2653,2970,24Omi2CMa,26AlpMon,0,1.0176829193536084e-08
2653,2948,24Omi2CMa,2948,0,4.4435744362057585e-05
2653,2693,24Omi2CMa,25DelCMa,1,0.013974424591028002
2653,2906,24Omi2CMa,2906,1,0.00016083308181084118
2657,2970,23GamCMa,26AlpMon,0,4.4115029563025815e-06
2693,3045,25DelCMa,7XiPup,0,1.735422655302631e-05
2693,2827,25DelCMa,31EtaCMa,3,0.002568639371102662
2693,2749,25DelCMa,28OmeCMa,1,0.05392110203488409
2697,2777,46TauGem,55DelGem,0,9.6978650213008e-05
2697,2821,46TauGem,60IotGem,3,0.008833053853174951
2714,3188,22DelMon,29ZetMon,0,1.647951948564805e-07
2714,3145,22DelMon,3145,0,8.016666295551854e-07
2714,2970,22DelMon,26AlpMon,1,2.8004834215889806e-06
2736,2803,Gam2Vol,DelVol,2,0.012951148873903168
2736,3024,Gam2Vol,ZetVol,2,0.0071252679777721595
2740,3117,2740,ChiCar,0,1.574760845623583e-05
2740,3090,2740,3090,0,0.00019454716810955716
2749,2948,28OmeCMa,2948,0,0.0010977455990576694
2749,2827,28OmeCMa,31EtaCMa,1,0.009153178734436121
2763,3249,54LamGem,17BetCnc,0,4.3031157413599144e-08
2763,2985,54LamGem,77KapGem,1,2.4051102365112725e-05
2773,2878,PiPup,SigPup,1,0.0002681061429111342
2773,3017,PiPup,3017,1,0.0007525925411071159
2777,2905,55DelGem,69UpsGem,0,0.0011145635744375236
2777,2821,55DelGem,60IotGem,2,0.001359623661363452
2782,2948,30TauCMa,2948,0,0.0018475715109710488
2787,2996,2787,3Pup,0,1.542040836279529e-05
2803,3347,DelVol,BetVol,1,0.00017740861884952972
2821,2905,60IotGem,69UpsGem,3,0.047983614203974054
2827,3165,31EtaCMa,ZetPup,0,3.000943101966726e-07
2827,2948,31EtaCMa,2948,2,0.003565018208162515
2845,2943,3BetCMi,10AlpCMi,3,0.005549968373355439
2852,3275,62RhoGem,31Lyn,0,1.8204400318749095e-07
2852,2890,62RhoGem,66AlpGem,1,0.19372224074603858
2854,3249,4GamCMi,17BetCnc,0,2.5182090817289164e-06
2878,3117,SigPup,ChiCar,0,4.6550674677852855e-06
2878,2961,SigPup,2961,0,0.0009716248176734894
2878,3165,SigPup,ZetPup,1,0.0001645099088016468
2890,3705,66AlpGem,40AlpLyn,0,4.639204693837005e-10
2890,2990,66AlpGem,78BetGem,15,0.006219642782962391
2905,2985,69UpsGem,77KapGem,2,0.02425353517244682
2905,2990,69UpsGem,78BetGem,2,0.045469701739808036
2906,2970,2906,26AlpMon,0,6.765540705306273e-07
2906,3102,2906,11Pup,0,0.0011444352871070674
2943,3185,10AlpCMi,15RhoPup,0,1.768165326827997e-14
2943,3045,10AlpCMi,7XiPup,0,2.0209828984405424e-14
2948,3034,2948,OmiPup,1,0.021903963948058245
2948,3045,2948,7XiPup,1,0.009787832031861262
2970,3188,26AlpMon,29ZetMon,1,2.211052646599249e-05
2973,3275,75SigGem,31Lyn,0,7.007451705255661e-08
2985,3249,77KapGem,17BetCnc,0,2.2715121634156704e-08
2985,3461,77KapGem,47DelCnc,0,1.654566601199602e-07
2985,3475,77KapGem,48IotCnc,1,5.668694542502333e-07
2985,2990,77KapGem,78BetGem,1,0.014164961629711783
2990,3482,78BetGem,11EpsHya,0,2.7988433132382305e-12
2990,3873,78BetGem,17EpsLeo,0,3.8279275990352405e-12
2990,3705,78BetGem,40AlpLyn,0,1.1696793613113922e-09
2990,3579,78BetGem,3579,0,1.8901295776489684e-09
2996,3438,3Pup,BetPyx,0,2.6628565903261676e-07
2996,3468,3Pup,AlpPyx,0,2.7148564650157065e-07
3017,3438,3017,BetPyx,0,2.353374286351269e-06
3024,5470,ZetVol,AlpAps,0,1.4513245858667851e-11
3024,3347,ZetVol,BetVol,0,8.338026210805796e-05
3024,3643,ZetVol,3643,0,0.00036139668712270844
3024,3223,ZetVol,EpsVol,1,0.0019109285637278063
3034,3185,OmiPup,15RhoPup,0,0.0019630529112237413
3045,3165,7XiPup,ZetPup,1,3.9679022281580666e-08
3045,3102,7XiPup,11Pup,1,0.014835605743922836
3045,3185,7XiPup,15RhoPup,1,0.0032942602625759235
3055,3165,3055,ZetPup,0,0.0002338609934731487
3080,3207,3080,Gam2Vel,0,0.0001303313944661463
3084,3270,3084,3270,0,0.0007364861939210453
3084,3225,3084,3225,0,0.005703621834345962
3102,3185,11Pup,15RhoPup,1,0.012042591765396701
3129,3447,3129,3447,0,0.00012899271831506374
3145,3410,3145,4DelHya,0,3.6436786592446175e-05
3145,3418,3145,5SigHya,0,4.050846754110112e-05
3165,3185,ZetPup,15RhoPup,0,2.696994796423058e-08
3165,3445,ZetPup,3445,0,1.929287601872023e-05
3165,3207,ZetPup,Gam2Vel,1,0.00013437670630367854
3185,3482,15RhoPup,11EpsHya,0,2.7879056313044927e-15
3185,3748,15RhoPup,30AlpHya,0,4.609082162082955e-12
3185,3314,15RhoPup,3314,0,2.0181755056978292e-10
3185,3270,15RhoPup,3270,0,6.238951639998761e-07
3192,3314,16Pup,3314,0,3.303548297439368e-08
3207,3634,Gam2Vel,LamVel,1,3.856203968052909e-06
3207,3447,Gam2Vel,3447,1,0.00014960727138398826
3207,3243,Gam2Vel,3243,0,0.00019637942973380843
3207,3445,Gam2Vel,3445,1,0.0011364455662346367
3207,3485,Gam2Vel,DelVel,1,2.4983513029208974e-05
3207,3426,Gam2Vel,3426,1,0.00027628465219134185
3223,3643,EpsVol,3643,0,0.0003800259859863136
3223,3347,EpsVol,BetVol,1,0.00890456136202597
3249,3572,17BetCnc,65AlpCnc,3,1.358590074235538e-05
3275,3475,31Lyn,48IotCnc,0,5.057526860283879e-07
3275,3579,31Lyn,3579,1,0.0020062536412174224
3307,3685,EpsCar,BetCar,1,1.7835285991987142e-06
3307,3485,EpsCar,DelVel,3,0.0006177592640207903
3307,3659,EpsCar,3659,1,0.0003564254351726725
3307,3457,EpsCar,3457,1,0.019417457312180485
3314,3665,3314,22TheHya,0,5.351886776303242e-07
3314,3454,3314,7EtaHya,0,8.880488800535912e-05
3318,3643,AlpCha,3643,0,0.0009326049827476458
3323,3619,1OmiUMa,15UMa,0,6.17646154174188e-05
3323,3888,1OmiUMa,29UpsUMa,0,8.886924870239431e-05
3323,3757,1OmiUMa,23UMa,4,0.0012061310359085579
3340,8630,TheCha,BetOct,0,3.2995027901173495e-10
3340,4174,TheCha,GamCha,1,0.00017077014596652055
3347,3457,BetVol,3457,0,0.00024301398436502226
3347,3571,BetVol,3571,0,0.000268456950618249
3347,3663,BetVol,3663,0,0.000331554229581186
3347,3615,BetVol,AlpVol,2,0.00448244270256212
3410,3418,4DelHya,5SigHya,5,0.045584053176635775
3410,3482,4DelHya,11EpsHya,5,0.05285259115091012
3418,3454,5SigHya,7EtaHya,5,0.15931618714101933
3426,3438,3426,BetPyx,0,8.719608088912814e-05
3426,3477,3426,3477,2,0.05754459694340219
3438,3487,BetPyx,3487,0,3.989394086330306e-06
3438,3477,BetPyx,3477,1,0.0001241397560998853
3438,3468,BetPyx,AlpPyx,2,0.02373433015776195
3447,3485,3447,DelVel,1,0.030840962154626613
3454,3492,7EtaHya,13RhoHya,0,0.03548922792458078
3461,3705,47DelCnc,40AlpLyn,0,3.215251002986669e-08
3461,3852,47DelCnc,14OmiLeo,0,1.4958856750983855e-07
3461,3731,47DelCnc,1KapLeo,0,1.2315552592690784e-05
3461,3475,47DelCnc,48IotCnc,3,3.46469030951073e-05
3461,3572,47DelCnc,65AlpCnc,3,0.0006158525877428704
3467,3614,3467,3614,0,0.00018178154371171172
3468,3994,AlpPyx,41LamHya,0,6.974399656006977e-14
3468,4094,AlpPyx,42MuHya,0,1.0965498105045926e-13
3468,3748,AlpPyx,30AlpHya,0,8.399547027157393e-13
3468,3591,AlpPyx,3591,0,3.656906151732012e-05
3468,3518,AlpPyx,GamPyx,2,0.0007750421314924695
3475,3731,48IotCnc,1KapLeo,1,0.0004474696213539693
3477,3634,3477,LamVel,1,0.002783340506489254
3482,3492,11EpsHya,13RhoHya,4,0.2810652275828321
3482,3547,11EpsHya,16ZetHya,1,0.06320751257150962
3484,3903,12Hya,39Ups1Hya,0,4.187926708298845e-08
3485,3634,DelVel,LamVel,0,1.2384640343334308e-06
3485,3734,DelVel,KapVel,6,0.0008334135542371509
3492,3547,13RhoHya,16ZetHya,3,0.10055822507845152
3498,3734,3498,KapVel,0,0.0009413317724718223
3498,3696,3498,3696,0,0.003419745815531533
3518,4104,GamPyx,AlpAnt,0,1.2460819228923568e-10
3518,3903,GamPyx,39Ups1Hya,0,1.2055402960205173e-09
3547,3873,16ZetHya,17EpsLeo,0,1.606539714209948e-09
3547,3665,16ZetHya,22TheHya,3,0.0015877678034715524
3547,3982,16ZetHya,32AlpLeo,1,1.523624824824532e-08
3569,4033,9IotUMa,33LamUMa,0,1.7504693866512279e-06
3569,3579,9IotUMa,3579,1,0.004576730856255904
3569,3775,9IotUMa,25TheUMa,4,0.0034770694991829573
3569,3594,9IotUMa,12KapUMa,4,0.7441617918875464
3572,3773,65AlpCnc,4LamLeo,0,3.4658188844487642e-06
3579,3690,3579,38Lyn,2,0.00661459207752572
3579,3705,3579,40AlpLyn,1,0.0006111202601627413
3594,4033,12KapUMa,33LamUMa,1,4.383546996454036e-06
3614,4023,3614,4023,0,2.1467276536721557e-07
3614,3634,3614,LamVel,1,0.0049453388420435925
3614,3734,3614,KapVel,1,4.021237477745705e-05
3615,3890,AlpVol,UpsCar,0,0.001587113832604526
3619,3775,15UMa,25TheUMa,1,0.05742488451028282
3634,4232,LamVel,NuHya,0,9.057926176896203e-17
3634,3748,LamVel,30AlpHya,0,1.488468931334152e-16
3634,3786,LamVel,PsiVel,2,0.0012467387455051859
3634,4216,LamVel,MuVel,1,2.492402774520586e-09
3659,3685,3659,BetCar,0,3.2603666800198663e-06
3659,3890,3659,UpsCar,0,9.866753219358862e-05
3659,3699,3659,IotCar,2,0.07802379688092634
3659,3734,3659,KapVel,1,0.002451915015607334
3665,3748,22TheHya,30AlpHya,2,7.604847166970051e-06
3665,3845,22TheHya,35IotHya,1,0.0006453960360972682
3685,4037,BetCar,OmeCar,3,0.0011128603228195337
3690,4069,38Lyn,34MuUMa,0,9.771667433444001e-06
3690,3705,38Lyn,40AlpLyn,2,0.3008026692007119
3699,4050,IotCar,4050,1,7.477577991449854e-05
3699,3825,IotCar,3825,1,0.019157658532933625
3699,3884,IotCar,3884,1,0.0016270667878575046
3705,4031,40AlpLyn,36ZetLeo,0,2.9586101727494185e-07
3705,3731,40AlpLyn,1KapLeo,2,0.0008930386503846309
3705,3974,40AlpLyn,21LMi,1,0.00026261521659220967
3731,3773,1KapLeo,4LamLeo,2,0.09272568381953401
3734,4216,KapVel,MuVel,0,9.855059338840117e-08
3734,3803,KapVel,3803,1,0.01633124846129233
3734,3940,KapVel,PhiVel,2,0.0011685513778154585
3748,3845,30AlpHya,35IotHya,2,0.00021889599312041008
3748,3903,30AlpHya,39Ups1Hya,3,7.801364742442643e-05
3751,5430,3751,5UMi,0,1.634426447839308e-06
3757,3888,23UMa,29UpsUMa,3,0.027524676305004485
3757,4301,23UMa,50AlpUMa,1,9.582652346548193e-05
3773,3852,4LamLeo,14OmiLeo,0,6.514002222563323e-06
3773,3975,4LamLeo,30EtaLeo,0,0.00011970024123687119
3773,3873,4LamLeo,17EpsLeo,2,0.17752988363750363
3775,4301,25TheUMa,50AlpUMa,0,5.564207575512749e-07
3775,3888,25TheUMa,29UpsUMa,3,0.0011344461903026474
3786,4094,PsiVel,42MuHya,0,5.450899674468304e-13
3786,4104,PsiVel,AlpAnt,0,5.4116067819995435e-08
3786,4023,PsiVel,4023,1,4.185664188078966e-05
3799,4295,26UMa,48BetUMa,1,9.00715664336175e-06
3803,4216,3803,MuVel,0,1.6088189717946904e-07
3803,3884,3803,3884,0,0.0004993957359574915
3825,4074,3825,4074,0,0.0001535394289961566
3825,3884,3825,3884,1,0.004586712026629873
3836,4167,3836,4167,0,6.988118225561756e-06
3845,4133,35IotHya,47RhoLeo,0,2.618133915897825e-07
3852,3982,14OmiLeo,32AlpLeo,1,0.0032298952935977546
3852,3980,14OmiLeo,31Leo,1,0.0033643238665080734
3873,3905,17EpsLeo,24MuLeo,8,0.3291289077410632
3884,3890,3884,UpsCar,2,0.015873795348908957
3884,4050,3884,4050,1,0.004000125940041179
3888,4301,29UpsUMa,50AlpUMa,3,0.00040923047116844243
3890,4037,UpsCar,OmeCar,1,0.0007633118330275896
3903,3994,39Ups1Hya,41LamHya,3,0.0015839626505873665
3903,4094,39Ups1Hya,42MuHya,1,6.0097148681550955e-05
3905,4069,24MuLeo,34MuUMa,0,2.676071480216932e-07
3905,4247,24MuLeo,46LMi,0,1.1635252358146466e-06
3905,4031,24MuLeo,36ZetLeo,8,0.0141876522917787
3940,4023,PhiVel,4023,0,3.7514423733478387e-07
3940,4167,PhiVel,4167,1,1.812743406703879e-05
3974,4031,21LMi,36ZetLeo,0,2.314949227931745e-05
3974,4100,21LMi,31BetLMi,2,0.06854277929346564
3975,3982,30EtaLeo,32AlpLeo,7,0.046068298653495224
3975,4057,30EtaLeo,41Gam1Leo,8,0.07897996438498557
3980,3981,31Leo,15AlpSex,0,9.720762548891208e-05
3980,3982,31Leo,32AlpLeo,2,0.49620584405121365
3980,4133,31Leo,47RhoLeo,2,0.010437605583870281
3981,4368,15AlpSex,74PhiLeo,0,9.395802077423173e-08
3982,4232,32AlpLeo,NuHya,0,4.937530091828853e-13
3982,4057,32AlpLeo,41Gam1Leo,1,0.0013223660514985432
3994,4368,41LamHya,74PhiLeo,0,1.0079099872637872e-08
3994,4094,41LamHya,42MuHya,3,0.0009053271190461271
4023,4094,4023,42MuHya,0,1.4381624755027968e-12
4023,4167,4023,4167,1,0.00011133964291214783
4031,4069,36ZetLeo,34MuUMa,0,6.798620486280382e-08
4031,4100,36ZetLeo,31BetLMi,0,7.707792560689447e-06
4031,4057,36ZetLeo,41Gam1Leo,9,0.16744582349220055
4031,4259,36ZetLeo,54Leo,1,0.0011022399573280886
4033,4295,33LamUMa,48BetUMa,0,1.2569565498475126e-06
4033,4069,33LamUMa,34MuUMa,5,0.8731252511683918
4037,4102,OmeCar,4102,1,0.003169407111066169
4037,4199,OmeCar,TheCar,2,0.00033178150365036915
4050,4216,4050,MuVel,0,4.0203727682253764e-07
4050,4114,4050,4114,1,0.009750360489187659
4050,4140,4050,4140,1,0.03291143665900956
4050,4199,4050,TheCar,2,0.002890806666525807
4057,4359,41Gam1Leo,70TheLeo,0,1.0088697124406931e-05
4057,4259,41Gam1Leo,54Leo,0,0.0005811481517567603
4057,4300,41Gam1Leo,60Leo,1,0.0004047891478874218
4057,4357,41Gam1Leo,68DelLeo,2,2.515938364075397e-05
4069,4100,34MuUMa,31BetLMi,1,0.0395985959568977
4069,4335,34MuUMa,52PsiUMa,3,0.0006692472452011144
4069,4377,34MuUMa,54NuUMa,1,6.005736880215342e-06
4074,4167,4074,4167,0,3.7592218025645344e-05
4094,4450,42MuHya,XiHya,1,1.0805351367603103e-10
4094,4232,42MuHya,NuHya,2,0.0009087595857223216
4100,4247,31BetLMi,46LMi,2,0.020380703379360265
4102,5470,4102,AlpAps,0,4.14862462556076e-08
4102,4520,4102,LamMus,0,8.275460788312801e-06
4104,4287,AlpAnt,7AlpCrt,0,7.05427591477927e-08
4104,4343,AlpAnt,11BetCrt,0,4.159826807354522e-07
4114,4216,4114,MuVel,0,7.656983182044756e-06
4114,4257,4114,4257,1,0.006506067828057181
4133,4382,47RhoLeo,12DelCrt,0,2.1339050774413735e-11
4133,4232,47RhoLeo,NuHya,0,4.1059280961453406e-11
4133,4540,47RhoLeo,5BetVir,0,1.2329001659351646e-08
4133,4300,47RhoLeo,60Leo,0,1.9233901681084368e-05
4133,4399,47RhoLeo,78IotLeo,0,3.967507049396948e-05
4133,4386,47RhoLeo,77SigLeo,0,5.0586284928643335e-05
4140,4216,4140,MuVel,0,4.6707930147398246e-07
4140,4199,4140,TheCar,1,0.009896794433529046
4159,4257,4159,4257,0,0.01219486015137118
4167,4450,4167,XiHya,0,4.093549525616151e-10
4167,4180,4167,4180,0,9.735235526060988e-05
4167,4216,4167,MuVel,1,0.02522585663458146
4174,4234,GamCha,Del2Cha,1,0.025880427007985766
4174,4674,GamCha,BetCha,1,0.001380198404081701
4199,4520,TheCar,LamMus,1,0.00018935186483595316
4216,4232,MuVel,NuHya,0,4.156910137780115e-16
4216,4630,MuVel,2EpsCrv,0,2.5256966013739293e-15
4216,4656,MuVel,DelCru,0,1.9163224654975995e-08
4216,4467,MuVel,LamCen,0,3.253334415739247e-08
4216,4257,MuVel,4257,0,9.507615203403327e-06
4232,4534,NuHya,94BetLeo,0,1.5793550842473508e-14
4232,4825,NuHya,29GamVir,0,3.0491561469416346e-14
4232,4359,NuHya,70TheLeo,0,1.27528019262161e-13
4232,4662,NuHya,4GamCrv,0,3.286629981481816e-10
4232,4450,NuHya,XiHya,1,1.8418361139042786e-09
4232,4287,NuHya,7AlpCrt,2,0.010759370578309953
4234,8630,Del2Cha,BetOct,0,2.099218467915002e-09
4234,4674,Del2Cha,BetCha,1,0.002881265100414874
4247,4377,46LMi,54NuUMa,1,0.03900745389430284
4257,4337,4257,4337,1,0.02294561571078173
4259,4357,54Leo,68DelLeo,1,0.021062286062437586
4287,4343,7AlpCrt,11BetCrt,3,0.001115344432991405
4287,4382,7AlpCrt,12DelCrt,2,0.0006973001181187246
4293,4552,4293,BetHya,0,2.3708181801215207e-07
4295,4301,48BetUMa,50AlpUMa,20,0.02605526326228846
4295,4554,48BetUMa,64GamUMa,18,0.0024926509006033518
4300,4357,60Leo,68DelLeo,1,0.5425943043474115
4301,5563,50AlpUMa,7BetUMi,0,3.8334740858615593e-10
4335,4915,52PsiUMa,12Alp2CVn,0,7.987581922911417e-09
4335,4518,52PsiUMa,63ChiUMa,3,0.006040093044439548
4337,4656,4337,DelCru,0,3.7514026792214206e-05
4343,4623,11BetCrt,1AlpCrv,0,3.9767664214625055e-07
4343,4450,11BetCrt,XiHya,1,6.104461279346022e-06
4357,4737,68DelLeo,15GamCom,0,9.579232026508955e-08
4357,4359,68DelLeo,70TheLeo,7,0.05147044265407759
4357,4377,68DelLeo,54NuUMa,1,2.3929596196578605e-05
4359,4399,70TheLeo,78IotLeo,2,0.042637316927122276
4359,4534,70TheLeo,94BetLeo,3,0.00207991565052992
4374,4915,53XiUMa,12Alp2CVn,0,7.920370378200884e-09
4377,4915,54NuUMa,12Alp2CVn,0,1.4970194254305903e-08
4377,4785,54NuUMa,8BetCVn,0,4.628956705271699e-07
4382,4689,12DelCrt,15EtaVir,0,1.728149735959307e-09
4382,4450,12DelCrt,XiHya,1,5.256062194530855e-09
4382,4405,12DelCrt,15GamCrt,3,0.010260141686380984
4386,4399,77SigLeo,78IotLeo,1,0.13804332155815657
4386,4517,77SigLeo,3NuVir,1,0.018689843036148793
4390,4546,PiCen,4546,0,3.7182778693863873e-06
4390,4638,PiCen,RhoCen,0,7.250605675515868e-05
4390,4656,PiCen,DelCru,1,3.507491044217888e-05
4399,4534,78IotLeo,94BetLeo,1,0.006763627510316129
4399,4540,78IotLeo,5BetVir,1,0.0002094014581436123
4405,4623,15GamCrt,1AlpCrv,0,9.57471481248535e-07
4434,4787,1LamDra,5KapDra,4,0.014691011860800227
4441,4656,Omi1Cen,DelCru,0,0.000750568482021391
4450,5028,XiHya,IotCen,0,2.178216769981921e-11
4450,4802,XiHya,TauCen,0,1.5757561978353042e-10
4450,4552,XiHya,BetHya,3,0.0018570889517386668
4467,4700,LamCen,EpsCru,0,0.0004405286557945548
4467,4520,LamCen,LamMus,1,0.003432532298465233
4471,4662,91UpsLeo,4GamCrv,0,9.057124483476564e-09
4471,4517,91UpsLeo,3NuVir,1,0.004268890042707506
4517,4534,3NuVir,94BetLeo,0,0.0027496127412740125
4517,4540,3NuVir,5BetVir,1,0.06345012857502161
4517,4608,3NuVir,9OmiVir,2,0.03410856545495092
4518,4915,63ChiUMa,12Alp2CVn,0,1.1235849374868902e-06
4518,4554,63ChiUMa,64GamUMa,3,0.020630318890098163
4518,4785,63ChiUMa,8BetCVn,1,0.00021523484267685862
4520,4537,LamMus,4537,0,0.008444553219550323
4520,4616,LamMus,EtaCru,1,0.007824207089344901
4520,4798,LamMus,AlpMus,1,0.0008737705731734569
4522,4700,4522,EpsCru,0,0.002345546625757915
4534,4915,94BetLeo,12Alp2CVn,0,5.948661716641561e-12
4534,4968,94BetLeo,42AlpCom,0,2.3705176701553685e-08
4534,4910,94BetLeo,43DelVir,0,2.720519613844944e-08
4534,4737,94BetLeo,15GamCom,0,7.003337205561552e-07
4540,4689,5BetVir,15EtaVir,2,0.0022889470106327104
4546,4889,4546,4889,0,6.169668311478046e-07
4552,4786,BetHya,9BetCrv,0,1.8427636758088454e-07
4552,4623,BetHya,1AlpCrv,1,1.0254449122132471e-05
4554,4915,64GamUMa,12Alp2CVn,0,6.083621676369273e-08
4554,4660,64GamUMa,69DelUMa,19,0.0814787205197861
4599,4700,The1Cru,EpsCru,0,0.004826930891440566
4608,4968,9OmiVir,42AlpCom,0,8.469969876691026e-08
4616,4671,EtaCru,EpsMus,0,0.0053465293836648395
4616,4679,EtaCru,ZetCru,1,0.04517472523975958
4621,4630,DelCen,2EpsCrv,0,6.920410151137653e-14
4621,4743,DelCen,SigCen,1,0.006652456019364622
4621,4638,DelCen,RhoCen,1,0.029279398798139847
4623,4630,1AlpCrv,2EpsCrv,6,0.02435985135234717
4630,4819,2EpsCrv,GamCen,0,2.0487392078002878e-13
4630,4662,2EpsCrv,4GamCrv,6,0.00135837014815513
4630,4786,2EpsCrv,9BetCrv,6,0.0007431645890617056
4656,4700,DelCru,EpsCru,1,0.029235677847150022
4656,4763,DelCru,GamCru,13,0.012294658308443595
4660,5563,69DelUMa,7BetUMi,0,8.965065185494076e-10
4660,4905,69DelUMa,77EpsUMa,19,0.030700238051928664
4662,4757,4GamCrv,7DelCrv,6,0.00888730892450086
4671,4773,EpsMus,GamMus,0,0.002563813369243356
4674,4923,BetCha,DelMus,0,4.76665621495237e-05
4679,4844,ZetCru,BetMus,1,0.0012387468054078075
4679,4730,ZetCru,Alp1Cru,1,0.050323397051706104
4689,4757,15EtaVir,7DelCrv,0,1.2142865255299637e-07
4689,4775,15EtaVir,8EtaCrv,0,1.5502869847547725e-07
4689,4825,15EtaVir,29GamVir,3,0.005342378861959608
4700,4853,EpsCru,BetCru,1,0.006453316064546374
4700,4730,EpsCru,Alp1Cru,1,0.01114262068494753
4730,5035,Alp1Cru,5035,0,0.00016086468641162536
4730,4844,Alp1Cru,BetMus,1,0.0008038832622406739
4730,4853,Alp1Cru,BetCru,12,0.0025563341867885845
4737,4983,15GamCom,43BetCom,5,0.0005692647467131368
4743,4898,SigCen,Mu1Cru,0,5.163177090072141e-05
4743,4802,SigCen,TauCen,1,0.017524013932177823
4743,4819,SigCen,GamCen,1,0.014191363677846566
4757,4825,7DelCrv,29GamVir,1,1.460004816611431e-07
4757,4775,7DelCrv,8EtaCrv,2,0.16243599016196175
4763,5132,GamCru,EpsCen,0,5.3687019688593135e-06
4763,4898,GamCru,Mu1Cru,1,0.007810898452031039
4763,4819,GamCru,GamCen,1,3.8040479535479754e-05
4763,4853,GamCru,BetCru,11,0.006489071502884403
4773,5470,GamMus,AlpAps,0,3.922725116028913e-06
4773,4798,GamMus,AlpMus,3,0.009753797302876867
4773,4923,GamMus,DelMus,2,0.0170663740317382
4775,4963,8EtaCrv,51TheVir,0,3.9913754344513836e-07
4785,4915,8BetCVn,12Alp2CVn,3,0.04966896166776884
4786,4889,9BetCrv,4889,0,6.21866272247499e-09
4786,5028,9BetCrv,IotCen,0,1.1345678149185294e-08
4787,5291,5KapDra,11AlpDra,4,0.0001683746790473764
4798,4844,AlpMus,BetMus,4,0.04998838127280991
4802,5089,TauCen,5089,0,2.3101456097357334e-07
4802,4819,TauCen,GamCen,1,0.08359003935310505
4819,5193,GamCen,MuCen,0,1.8958101392291924e-07
4819,5231,GamCen,ZetCen,1,5.694400716400052e-07
4819,5132,GamCen,EpsCen,2,5.619637824098181e-06
4825,4910,29GamVir,43DelVir,6,0.003022066247262479
4825,5056,29GamVir,67AlpVir,1,3.320924722526649e-07
4825,4963,29GamVir,51TheVir,1,0.00019931894331637565
4844,5671,BetMus,GamTrA,0,1.4978998041763928e-07
4844,5463,BetMus,AlpCir,0,1.2453931745272185e-06
4844,5267,BetMus,BetCen,0,1.9292907521735704e-06
4853,5267,BetCru,BetCen,1,1.2155013660705945e-05
4853,4898,BetCru,Mu1Cru,1,0.013028549096346778
4888,4889,4888,4889,0,1.9837776383191803e-05
4889,5028,4889,IotCen,1,0.0002684747772519139
4898,5267,Mu1Cru,BetCen,0,1.1103249376802794e-05
4905,5563,77EpsUMa,7BetUMi,0,2.551259434942853e-09
4905,5054,77EpsUMa,79ZetUMa,19,0.07945346442612747
4910,4932,43DelVir,47EpsVir,6,0.0015040698571019222
4910,5107,43DelVir,79ZetVir,3,2.9619726044033558e-05
4915,4932,12Alp2CVn,47EpsVir,0,1.4688963875833123e-11
4915,5235,12Alp2CVn,8EtaBoo,0,6.065494263379026e-10
4915,5429,12Alp2CVn,25RhoBoo,0,5.798864752745973e-09
4915,5351,12Alp2CVn,19LamBoo,0,4.3824073459250114e-07
4915,4983,12Alp2CVn,43BetCom,1,0.00015203951497452624
4915,5191,12Alp2CVn,85EtaUMa,1,4.0671726509128376e-06
4923,5671,DelMus,GamTrA,0,1.1324580415723026e-06
4932,4968,47EpsVir,42AlpCom,1,0.007485285225152999
4942,5089,Xi2Cen,5089,0,1.6369198632445072e-06
4968,4983,42AlpCom,43BetCom,3,0.0003344981500378485
4983,5435,43BetCom,27GamBoo,0,2.2262560744010597e-08
4983,5185,43BetCom,4TauBoo,0,2.0591994251879923e-05
5020,5315,46GamHya,98KapVir,0,4.555990398054634e-09
5020,5168,46GamHya,1Cen,0,2.0424328599220635e-06
5020,5287,46GamHya,49PiHya,2,3.107705414181841e-06
5028,5089,IotCen,5089,1,0.006322087221614348
5028,5168,IotCen,1Cen,1,0.00033857744308328665
5028,5192,IotCen,2Cen,1,0.00034987202270588203
5035,5463,5035,AlpCir,0,8.588163568153167e-06
5054,5563,79ZetUMa,7BetUMi,0,2.5847213621949267e-09
5054,5735,79ZetUMa,13GamUMi,1,3.873990002912228e-09
5054,5291,79ZetUMa,11AlpDra,1,0.00011450690126896348
5054,5191,79ZetUMa,85EtaUMa,19,0.007085794655152956
5056,5531,67AlpVir,9Alp2Lib,1,2.1375584694901285e-10
5056,5487,67AlpVir,107MuVir,0,1.1408996158759434e-09
5056,5287,67AlpVir,49PiHya,0,4.683321276537544e-09
5056,5338,67AlpVir,99IotVir,0,8.044921589247424e-07
5056,5107,67AlpVir,79ZetVir,4,1.6453992081585173e-05
5062,5291,80UMa,11AlpDra,0,0.00013078266773298023
5089,5190,5089,NuCen,1,0.0027949899173349358
5089,5192,5089,2Cen,1,0.000386794825182222
5107,5788,79ZetVir,13DelSer,0,9.890135416358166e-15
5107,5685,79ZetVir,27BetLib,0,1.3470036747474152e-12
5107,5531,79ZetVir,9Alp2Lib,0,1.5880773694719352e-11
5107,5477,79ZetVir,30ZetBoo,0,3.9313268644154253e-10
5107,5340,79ZetVir,16AlpBoo,0,9.046202135213361e-10
5107,5511,79ZetVir,109Vir,1,1.0655628253820537e-08
5107,5235,79ZetVir,8EtaBoo,0,1.2971685411374133e-08
5107,5200,79ZetVir,5UpsBoo,0,1.764213409204406e-07
5107,5264,79ZetVir,93TauVir,2,0.0009980458148630778
5132,5469,EpsCen,AlpLup,0,1.7245691443904905e-06
5132,5354,EpsCen,IotLup,0,1.0516944136666773e-05
5132,5425,EpsCen,SigLup,0,3.202435538150998e-05
5132,5267,EpsCen,BetCen,2,7.160469178089365e-05
5132,5231,EpsCen,ZetCen,2,0.0002414473590636695
5132,5459,EpsCen,Alp1Cen,1,2.9417051951113933e-06
5168,5210,1Cen,3Cen,3,0.05297259463086046
5185,5200,4TauBoo,5UpsBoo,2,0.8368761295252913
5185,5235,4TauBoo,8EtaBoo,2,0.6559341907776473
5190,5440,NuCen,EtaCen,0,3.57462352670522e-05
5190,5192,NuCen,2Cen,0,0.00012722993256300842
5190,5193,NuCen,MuCen,3,0.08549114446886211
5190,5288,NuCen,5TheCen,1,0.00035413458079183355
5191,5744,85EtaUMa,12IotDra,0,2.244453003519447e-07
5192,5210,2Cen,3Cen,2,0.04124449269944003
5192,5288,2Cen,5TheCen,2,0.0034284347749125644
5193,5248,MuCen,PhiCen,2,0.03876338700397653
5193,5249,MuCen,Ups1Cen,1,0.011859552912637161
5200,5235,5UpsBoo,8EtaBoo,2,0.2820364046553217
5210,5287,3Cen,49PiHya,0,0.00019765698320819774
5231,5440,ZetCen,EtaCen,2,3.137018496237581e-05
5231,5249,ZetCen,Ups1Cen,1,0.016296924994794945
5235,5435,8EtaBoo,27GamBoo,0,3.6492204179121264e-09
5235,5340,8EtaBoo,16AlpBoo,4,0.03269681714310438
5235,5477,8EtaBoo,30ZetBoo,2,2.669254332769215e-05
5248,5440,PhiCen,EtaCen,0,0.0002055033934153352
5248,5285,PhiCen,ChiCen,1,0.03376592009256276
5249,5285,Ups1Cen,ChiCen,0,0.003949371969170694
5249,5260,Ups1Cen,Ups2Cen,1,0.07945608702305418
5260,5354,Ups2Cen,IotLup,1,0.009183469014900534
5264,5477,93TauVir,30ZetBoo,0,2.1015884414693416e-07
5264,5338,93TauVir,99IotVir,1,0.00022918815464176152
5264,5511,93TauVir,109Vir,1,1.2698274015644655e-05
5267,5459,BetCen,Alp1Cen,9,0.0022457887244165305
5285,5396,ChiCen,Tau2Lup,0,0.0007176000453331242
5285,5440,ChiCen,EtaCen,0,0.0007650183191622956
5287,5315,49PiHya,98KapVir,0,3.0751436157431934e-08
5287,5471,49PiHya,5471,0,3.6018970197590364e-07
5287,5485,49PiHya,5485,0,2.0811407065110166e-06
5288,5603,5TheCen,20SigLib,0,1.5670970564454076e-08
5288,5440,5TheCen,EtaCen,3,6.097073637513722e-05
5291,5404,11AlpDra,23TheBoo,0,1.1564995772980294e-05
5291,5735,11AlpDra,13GamUMi,1,0.00011477143401727816
5291,5744,11AlpDra,12IotDra,4,6.228898835682811e-05
5315,5338,98KapVir,99IotVir,4,0.008701333760180405
5338,5487,99IotVir,107MuVir,2,0.0007585803545069585
5339,8630,DelOct,BetOct,1,2.9476894821805654e-07
5339,5470,DelOct,AlpAps,1,0.0016765557208741548
5340,5447,16AlpBoo,28SigBoo,0,8.005155330629994e-05
5340,5477,16AlpBoo,30ZetBoo,1,0.0011396169628711977
5340,5506,16AlpBoo,EpsBoo,2,0.00015278943800992314
5351,5435,19LamBoo,27GamBoo,1,0.0014269004363470005
5351,5404,19LamBoo,23TheBoo,1,0.013251394006997702
5358,5649,5358,ZetLup,0,3.3450926783258407e-05
5367,5485,PsiCen,5485,0,0.0011586380578737254
5367,5378,PsiCen,5378,1,0.03917771780852121
5378,5471,5378,5471,0,0.0038067419587304242
5396,5528,Tau2Lup,OmiLup,0,0.0014800524614465797
5396,5469,Tau2Lup,AlpLup,1,0.006400505840392175
5404,6023,23TheBoo,11PhiHer,0,4.850461913524959e-08
5425,5453,SigLup,RhoLup,1,0.054701707585927274
5429,5506,25RhoBoo,EpsBoo,4,0.061694329019245965
5429,5435,25RhoBoo,27GamBoo,4,0.001963622534227298
5429,5447,25RhoBoo,28SigBoo,1,2.3898665561258943
5430,6789,5UMi,23DelUMi,0,8.643736216934296e-06
5430,5563,5UMi,7BetUMi,2,0.2704331203570781
5435,5506,27GamBoo,EpsBoo,1,4.8262123960608935e-05
5435,5602,27GamBoo,42BetBoo,5,0.011879153397279713
5440,5576,EtaCen,KapCen,1,0.002368685444961019
5447,5506,28SigBoo,EpsBoo,1,0.14619318657130073
5453,5649,RhoLup,ZetLup,2,0.0004704088658583433
5453,5646,RhoLup,Kap1Lup,0,0.0007304683761383059
5453,5605,RhoLup,PiLup,0,0.001224008074718664
5453,5469,RhoLup,AlpLup,2,0.023474655815063573
5459,5469,Alp1Cen,AlpLup,0,2.126534321012757e-07
5463,5670,AlpCir,BetCir,1,0.00011347976139564007
5469,5571,AlpLup,BetLup,2,0.001115189789732482
5469,5605,AlpLup,PiLup,1,0.003952570949653306
5469,5646,AlpLup,Kap1Lup,1,0.0011190202207674944
5470,6020,AlpAps,Del1Aps,1,0.0020786558561765958
5470,6102,AlpAps,GamAps,1,0.0011851321942494782
5471,5603,5471,20SigLib,0,4.388943244681682e-07
5471,5485,5471,5485,1,0.018944526060088566
5477,5793,30ZetBoo,5AlpCrB,0,7.088125991662114e-08
5477,5879,30ZetBoo,35KapSer,0,1.6154219420421921e-07
5477,5867,30ZetBoo,28BetSer,0,3.276288471876599e-07
5477,5506,30ZetBoo,EpsBoo,2,7.531017181939319e-06
5485,5686,5485,2Lup,0,4.482115073215044e-05
5487,5511,107MuVir,109Vir,2,0.00033616584105524783
5487,5685,107MuVir,27BetLib,1,5.7759131207102895e-05
5506,5788,EpsBoo,13DelSer,0,5.8777530332745756e-09
5506,5793,EpsBoo,5AlpCrB,1,7.185144134158577e-05
5511,5881,109Vir,32MuSer,0,3.155139063493021e-08
5511,5601,109Vir,110Vir,1,0.011340105800986287
5526,5531,58Hya,9Alp2Lib,0,2.284649044040117e-06
5526,5686,58Hya,2Lup,1,0.0004940567581862738
5528,5571,OmiLup,BetLup,1,0.05469405112338758
5531,5953,9Alp2Lib,7DelSco,0,6.763380386795206e-09
5531,5603,9Alp2Lib,20SigLib,2,2.0609235856133705e-05
5531,5685,9Alp2Lib,27BetLib,5,5.054973792340694e-05
5563,5735,7BetUMi,13GamUMi,10,0.0939796658964756
5563,5903,7BetUMi,16ZetUMi,6,0.015756197330390638
5570,5881,16Lib,32MuSer,0,1.087568835161976e-06
5571,5646,BetLup,Kap1Lup,0,0.00043518474230651294
5571,5576,BetLup,KapCen,1,0.07674422628456772
5571,5626,BetLup,LamLup,1,0.012384096654606744
5576,5603,KapCen,20SigLib,0,1.1465091169098181e-08
5576,5626,KapCen,LamLup,0,0.00564692130460747
5601,5881,110Vir,32MuSer,0,1.3754643278384043e-06
5601,5892,110Vir,37EpsSer,0,2.9254552356077577e-06
5602,6536,42BetBoo,23BetDra,1,3.473665918919303e-12
5602,6418,42BetBoo,67PiHer,0,2.0775656348929715e-11
5602,6212,42BetBoo,40ZetHer,0,1.5931162366976168e-09
5602,5681,42BetBoo,49DelBoo,3,0.0027578823859321705
5602,5733,42BetBoo,51Mu1Boo,2,0.026845490810385123
5603,5695,20SigLib,DelLup,0,2.9147273028059095e-08
5603,5705,20SigLib,Phi1Lup,0,2.152344207578486e-06
5603,5812,20SigLib,40TauLib,1,3.9920001813610714e-05
5603,5944,20SigLib,6PiSco,1,1.2194770016625916e-06
5605,5683,PiLup,MuLup,1,0.018355434982807416
5605,5626,PiLup,LamLup,1,0.030718531796252294
5626,5708,LamLup,EpsLup,1,0.017457718017364364
5646,5649,Kap1Lup,ZetLup,1,0.00694869806719697
5649,6285,ZetLup,ZetAra,0,1.6395033628834675e-08
5649,6229,ZetLup,EtaAra,0,3.171542376280006e-08
5649,5897,ZetLup,BetTrA,0,5.278863590041469e-07
5649,5670,ZetLup,BetCir,1,0.00021458459700261944
5670,6072,BetCir,Gam2Nor,0,7.041685186283016e-07
5670,6229,BetCir,EtaAra,0,1.2969330861727399e-06
5670,5771,BetCir,EpsTrA,0,7.063382835971838e-05
5670,5897,BetCir,BetTrA,1,0.00028940035158972656
5671,6020,GamTrA,Del1Aps,0,2.763797905854078e-06
5671,5897,GamTrA,BetTrA,2,0.0002742572721697545
5681,6220,49DelBoo,44EtaHer,0,4.6750500218737734e-08
5681,6212,49DelBoo,40ZetHer,0,5.7451671764177106e-08
5681,6092,49DelBoo,22TauHer,0,1.004045404251354e-07
5681,5733,49DelBoo,51Mu1Boo,3,0.06110726466641701
5681,5747,49DelBoo,3BetCrB,1,0.03386333959840795
5683,6072,MuLup,Gam2Nor,0,6.219593431837502e-06
5685,5854,27BetLib,24AlpSer,0,1.8076624862346647e-08
5685,5787,27BetLib,38GamLib,3,0.0004207553518192883
5686,5812,2Lup,40TauLib,1,0.003540802897581507
5695,5944,DelLup,6PiSco,0,1.984417500808548e-08
5695,5708,DelLup,EpsLup,1,0.003947577303470445
5695,5705,DelLup,Phi1Lup,2,0.003039286285970473
5695,5776,DelLup,GamLup,3,0.015770780353745014
5705,5883,Phi1Lup,5ChiLup,1,0.0004572573980507894
5708,6285,EpsLup,ZetAra,0,8.878769845671625e-10
5708,6271,EpsLup,Zet2Sco,0,1.0434070134735518e-08
5733,6220,51Mu1Boo,44EtaHer,0,9.352256689519552e-07
5733,6023,51Mu1Boo,11PhiHer,1,6.746691062551023e-05
5735,6636,13GamUMi,31Psi1Dra,0,4.208066644077977e-05
5735,6396,13GamUMi,22ZetDra,1,2.9797595897496616e-05
5744,6536,12IotDra,23BetDra,0,1.880882465356865e-08
5744,6023,12IotDra,11PhiHer,0,5.241921033441581e-07
5744,5986,12IotDra,13TheDra,5,0.02586103150225769
5747,6220,3BetCrB,44EtaHer,0,4.68497357440392e-08
5747,5793,3BetCrB,5AlpCrB,11,0.20471172909160523
5747,5778,3BetCrB,4TheCrB,10,0.35472898766688116
5776,6271,GamLup,Zet2Sco,1,7.57173392917624e-08
5776,5797,GamLup,OmeLup,1,0.05309165916762805
5776,5948,GamLup,EtaLup,2,0.0011330884184141325
5778,6220,4TheCrB,44EtaHer,0,4.668775755959078e-07
5787,6075,38GamLib,2EpsOph,0,2.349242546194408e-07
5787,5794,38GamLib,39UpsLib,0,6.150210779259561e-07
5787,5908,38GamLib,46TheLib,2,0.003740816988250739
5787,5984,38GamLib,8Bet1Sco,1,6.937192146280951e-05
5788,5854,13DelSer,24AlpSer,3,0.007412255004371972
5788,5867,13DelSer,28BetSer,3,0.008343266787899708
5793,5849,5AlpCrB,8GamCrB,12,0.5191628709962136
5794,5812,39UpsLib,40TauLib,2,0.06480559565325854
5794,5928,39UpsLib,5RhoSco,1,0.003780278427637798
5797,6072,OmeLup,Gam2Nor,0,5.494297757489204e-06
5812,5928,40TauLib,5RhoSco,1,0.006585253321765787
5849,6212,8GamCrB,40ZetHer,0,2.590272139300775e-06
5849,5879,8GamCrB,35KapSer,1,0.0009531336734935643
5849,5947,8GamCrB,13EpsCrB,12,0.11407109964225381
5854,6299,24AlpSer,27KapOph,0,1.0381792179569287e-08
5854,6148,24AlpSer,27BetHer,0,1.5145365833667947e-08
5854,5892,24AlpSer,37EpsSer,3,0.04624879775718649
5867,5933,28BetSer,41GamSer,4,0.20276920090158795
5867,5879,28BetSer,35KapSer,3,0.17191359056598035
5868,6149,27LamSer,10LamOph,0,2.3343030273243686e-06
5881,5977,32MuSer,XiSco,0,8.19176552916393e-05
5881,5892,32MuSer,37EpsSer,1,0.00020431957744591493
5883,6241,5ChiLup,26EpsSco,0,1.332650438012444e-06
5883,5928,5ChiLup,5RhoSco,2,0.0033173666868281508
5883,5948,5ChiLup,EtaLup,2,0.0018227238006301735
5883,5987,5ChiLup,TheLup,1,0.0034551013685754457
5892,6056,37EpsSer,1DelOph,2,2.181072834889245e-05
5897,6217,BetTrA,AlpTrA,2,6.984640981795231e-05
5897,6030,BetTrA,DelTrA,1,0.01931363096419608
5903,6636,16ZetUMi,31Psi1Dra,0,0.00014214025103276084
5903,6322,16ZetUMi,22EpsUMi,7,0.011067809507856154
5908,5953,46TheLib,7DelSco,1,0.0009573438782953278
5908,5984,46TheLib,8Bet1Sco,1,0.006952058943257294
5928,6143,5RhoSco,6143,0,2.8906271844642968e-05
5928,6165,5RhoSco,23TauSco,0,6.151867841007226e-05
5928,5944,5RhoSco,6PiSco,7,0.017427466479255155
5928,6134,5RhoSco,21AlpSco,2,0.0001529288629387472
5933,6149,41GamSer,10LamOph,0,1.3429729911998987e-07
5933,6281,41GamSer,25IotOph,0,4.743243199737819e-07
5933,6095,41GamSer,20GamHer,2,0.0019404590853207438
5944,5953,6PiSco,7DelSco,15,0.012427201281390358
5944,6084,6PiSco,20SigSco,7,0.002361117527962941
5944,6165,6PiSco,23TauSco,2,7.138237786094348e-05
5947,6212,13EpsCrB,40ZetHer,1,6.0945831813238806e-05
5948,6285,EtaLup,ZetAra,0,3.461949173191517e-10
5948,6380,EtaLup,EtaSco,0,1.1244144340626554e-07
5948,6165,EtaLup,23TauSco,0,9.527627207344941e-07
5948,6115,EtaLup,EpsNor,0,7.345363729148978e-06
5948,6247,EtaLup,Mu1Sco,0,1.0984650674941133e-05
5948,5987,EtaLup,TheLup,2,0.037466874806282684
5953,5984,7DelSco,8Bet1Sco,13,0.019975425792406867
5953,5993,7DelSco,9Ome1Sco,1,0.038058911272259265
5984,6378,8Bet1Sco,35EtaOph,0,4.9545885793642607e-08
5984,6027,8Bet1Sco,14NuSco,3,0.09843163387601718
5984,5993,8Bet1Sco,9Ome1Sco,2,0.16949301443215922
5986,6536,13TheDra,23BetDra,0,2.2028533661880593e-06
5986,6555,13TheDra,25Nu2Dra,0,7.655036012847361e-06
5986,6132,13TheDra,14EtaDra,7,0.05095061323203654
5987,6271,TheLup,Zet2Sco,0,4.438501783782872e-06
5987,6166,TheLup,6166,0,0.0005817424859829914
5993,6084,9Ome1Sco,20SigSco,0,0.0011426381059028655
5993,5997,9Ome1Sco,10Ome2Sco,1,0.35521833901794886
5997,6084,10Ome2Sco,20SigSco,0,0.0014405574792731208
6020,6102,Del1Aps,GamAps,1,0.0845234548296156
6023,6092,11PhiHer,22TauHer,2,0.3136651846101766
6027,6075,14NuSco,2EpsOph,0,1.835608948191823e-07
6027,6118,14NuSco,7ChiOph,0,0.012785360583932261
6030,6582,DelTrA,EtaPav,0,7.705539309158668e-06
6030,6229,DelTrA,EtaAra,1,0.00036939490120765797
6056,6299,1DelOph,27KapOph,1,3.980638929537805e-08
6056,6075,1DelOph,2EpsOph,2,0.13708438745237514
6056,6149,1DelOph,10LamOph,1,0.00046093102569820537
6072,6115,Gam2Nor,EpsNor,1,0.012325533883526606
6075,6299,2EpsOph,27KapOph,1,3.67275426164353e-08
6075,6175,2EpsOph,13ZetOph,3,0.00030900636656090225
6084,6378,20SigSco,35EtaOph,0,1.3568474925765186e-07
6084,6104,20SigSco,4PsiOph,0,0.0017898882806030988
6084,6134,20SigSco,21AlpSco,10,0.05458020818505213
6092,6132,22TauHer,14EtaDra,0,6.809086858995358e-07
6092,6588,22TauHer,85IotHer,0,2.600369995491752e-06
6092,6168,22TauHer,35SigHer,4,0.027224439588798856
6095,6406,20GamHer,64Alp1Her,0,2.0187762033501107e-06
6095,6299,20GamHer,27KapOph,0,3.0283354171769163e-06
6095,6148,20GamHer,27BetHer,5,0.08932426517471444
6102,6163,GamAps,BetAps,2,0.03780916714590649
6104,6153,4PsiOph,9OmeOph,2,0.048238243639218706
6104,6118,4PsiOph,7ChiOph,1,0.0958230912820069
6118,6147,7ChiOph,8PhiOph,1,0.06865298069863932
6132,6396,14EtaDra,22ZetDra,7,0.0043513172263781996
6134,6378,21AlpSco,35EtaOph,0,3.1008369827070755e-07
6134,6165,21AlpSco,23TauSco,11,0.04280420885534073
6147,6378,8PhiOph,35EtaOph,2,4.088435923120434e-05
6147,6175,8PhiOph,13ZetOph,2,0.0010052870470411315
6147,6153,8PhiOph,9OmeOph,2,0.00418902120872652
6148,6324,27BetHer,58EpsHer,0,2.4928239781267344e-05
6148,6212,27BetHer,40ZetHer,4,7.833578709395998e-05
6148,6410,27BetHer,65DelHer,1,4.213035105609191e-05
6149,6629,10LamOph,62GamOph,0,3.58314432686068e-09
6153,6445,9OmeOph,40XiOph,0,5.813733989701661e-06
6153,6402,9OmeOph,36Oph,0,7.337180977610663e-06
6153,6378,9OmeOph,35EtaOph,0,1.1604848558650583e-05
6153,6165,9OmeOph,23TauSco,1,0.0005711167652855931
6163,7590,BetAps,EpsPav,0,3.3329570466993327e-07
6163,6982,BetAps,ZetPav,0,7.16103364362998e-06
6165,6241,23TauSco,26EpsSco,8,0.0003880647877007848
6168,6536,35SigHer,23BetDra,0,2.7497255875379806e-06
6168,6220,35SigHer,44EtaHer,4,0.05234574471029676
6175,6603,13ZetOph,60BetOph,0,1.598608661004562e-10
6175,6629,13ZetOph,62GamOph,0,2.1702485066601555e-10
6175,6299,13ZetOph,27KapOph,0,1.179769324694833e-09
6175,6498,13ZetOph,49SigOph,0,3.981911177979921e-09
6175,6378,13ZetOph,35EtaOph,2,3.28061755390375e-05
6212,6220,40ZetHer,44EtaHer,1,0.0017149808060857674
6212,6324,40ZetHer,58EpsHer,6,0.03766570644091423
6217,7913,AlpTrA,BetPav,0,4.748342317396723e-11
6217,7590,AlpTrA,EpsPav,0,2.2633564117828685e-08
6217,6285,AlpTrA,ZetAra,0,2.9273391330827776e-07
6220,6418,44EtaHer,67PiHer,3,0.002887251271089407
6229,6285,EtaAra,ZetAra,4,0.00700506529298615
6241,6453,26EpsSco,42TheOph,0,5.052021415521284e-06
6241,6492,26EpsSco,45Oph,0,5.606253708679025e-05
6241,6247,26EpsSco,Mu1Sco,12,0.008338769944415758
6247,6271,Mu1Sco,Zet2Sco,7,0.004240845408117746
6247,6380,Mu1Sco,EtaSco,3,0.0005188460343953376
6271,6380,Zet2Sco,EtaSco,6,0.009078072592787508
6281,6299,25IotOph,27KapOph,1,0.3819996038547682
6285,6462,ZetAra,GamAra,3,0.00452101132554986
6285,6295,ZetAra,Eps1Ara,2,0.01123646525570798
6295,6380,Eps1Ara,EtaSco,0,8.316875715013833e-06
6295,6510,Eps1Ara,AlpAra,1,0.0004892540005103857
6299,6498,27KapOph,49SigOph,1,0.00015541156319162354
6299,6556,27KapOph,55AlpOph,2,7.401548676686293e-05
6322,6927,22EpsUMi,44ChiDra,0,4.6217051926755066e-05
6322,6789,22EpsUMi,23DelUMi,7,0.015267820797304462
6324,6410,58EpsHer,65DelHer,2,0.0021306446941423128
6324,6418,58EpsHer,67PiHer,3,0.0030474641569840626
6378,6603,35EtaOph,60BetOph,0,2.7569800507425243e-10
6378,6453,35EtaOph,42TheOph,1,3.336725083932383e-05
6378,6561,35EtaOph,55XiSer,2,0.0007174206378705112
6378,6698,35EtaOph,64NuOph,1,9.980017515025208e-07
6380,6546,EtaSco,6546,0,0.0004774623167733365
6380,6553,EtaSco,TheSco,9,0.003014448417926861
6396,6705,22ZetDra,33GamDra,0,4.395505928325105e-07
6396,6920,22ZetDra,43PhiDra,1,0.00042347612829331575
6396,6688,22ZetDra,32XiDra,4,7.98737577670358e-05
6396,6927,22ZetDra,44ChiDra,3,0.0001781231003136154
6396,7310,22ZetDra,57DelDra,1,1.089595804571613e-05
6402,6453,36Oph,42TheOph,2,0.06236831742457023
6410,6556,65DelHer,55AlpOph,0,2.7362411767258547e-06
6410,6623,65DelHer,86MuHer,1,0.0007606233180133137
6410,6526,65DelHer,76LamHer,3,0.037656271217572576
6418,7001,67PiHer,3AlpLyr,0,1.4071167503162978e-07
6418,6705,67PiHer,33GamDra,0,1.5033514031261035e-07
6418,6485,67PiHer,XXX,3,0.355016551734491
6446,6498,53NuSer,49SigOph,0,3.4747635016492453e-08
6446,6561,53NuSer,55XiSer,1,0.0039527728311184755
6446,6581,53NuSer,56OmiSer,1,0.003483957732766067
6453,6698,42TheOph,64NuOph,0,1.3346085034737825e-08
6453,6508,42TheOph,34UpsSco,0,1.9259271353175877e-06
6453,6527,42TheOph,35LamSco,0,2.091148992800442e-06
6453,6746,42TheOph,10Gam2Sgr,0,7.5568729016184106e-06
6453,6561,42TheOph,55XiSer,0,1.7426743635735684e-05
6453,6486,42TheOph,44Oph,1,0.15394422221191514
6461,7790,BetAra,AlpPav,0,3.175820732407783e-12
6461,6462,BetAra,GamAra,2,0.08740864027042171
6461,6510,BetAra,AlpAra,2,0.0006142762908697544
6462,7913,GamAra,BetPav,0,1.6200597760356567e-12
6462,7790,GamAra,AlpPav,0,4.340844719961281e-12
6462,6500,GamAra,DelAra,2,0.0023107839829233767
6485,6526,XXX,76LamHer,0,2.723097183991997e-05
6485,6707,XXX,94NuHer,0,6.607903957990481e-05
6485,6695,XXX,91TheHer,2,0.0031370711652564235
6486,6812,44Oph,13MuSgr,0,5.81843314377592e-06
6492,6630,45Oph,6630,0,7.189535924746579e-05
6498,6603,49SigOph,60BetOph,1,0.015762883594862435
6500,6743,DelAra,TheAra,0,1.6775538898779073e-06
6508,6527,34UpsSco,35LamSco,12,0.1954350740092247
6510,7790,AlpAra,AlpPav,0,5.728806253446612e-13
6510,6553,AlpAra,TheSco,2,0.00026431334818766177
6510,6743,AlpAra,TheAra,1,0.0008521202861164142
6526,6556,76LamHer,55AlpOph,0,1.7909591716104512e-06
6526,6623,76LamHer,86MuHer,4,0.031166870798555717
6527,6580,35LamSco,KapSco,10,0.02525570921255337
6527,6630,35LamSco,6630,1,0.014142769204588257
6527,6546,35LamSco,6546,1,0.06849490912416843
6536,6705,23BetDra,33GamDra,6,0.03744857248693037
6536,6555,23BetDra,25Nu2Dra,5,0.13269690134291032
6546,6580,6546,KapSco,1,0.09899495838695982
6553,6832,TheSco,EtaSgr,0,1.6918139639695717e-05
6553,6580,TheSco,KapSco,1,0.0052662688451534136
6553,6615,TheSco,Iot1Sco,8,0.010325866472373232
6555,6688,25Nu2Dra,32XiDra,5,0.08077253961808722
6556,7235,55AlpOph,17ZetAql,0,2.928595992543842e-10
6556,6787,55AlpOph,102Her,0,1.2290147454121657e-05
6556,6730,55AlpOph,XXX,0,2.086591723740608e-05
6556,6603,55AlpOph,60BetOph,3,0.0002889422785437751
6561,6581,55XiSer,56OmiSer,1,0.037912155538380225
6561,6698,55XiSer,64NuOph,2,0.00030409103933841153
6580,6630,KapSco,6630,2,0.028718191760105562
6580,6615,KapSco,Iot1Sco,11,0.0771186191462256
6581,6629,56OmiSer,62GamOph,0,1.3646020341450093e-07
6582,7665,EtaPav,DelPav,0,5.536280299362444e-08
6582,6745,EtaPav,PiPav,2,0.011836416266087146
6588,7157,85IotHer,13Lyr,0,2.6366627048168526e-06
6588,6695,85IotHer,91TheHer,2,0.0002098512445302626
6588,6705,85IotHer,33GamDra,1,0.005089413483532699
6603,7235,60BetOph,17ZetAql,0,2.3272130655661096e-10
6603,6698,60BetOph,64NuOph,1,3.806369913072896e-07
6603,6629,60BetOph,62GamOph,2,0.11815988082959673
6615,6897,Iot1Sco,AlpTel,0,2.7555093617694417e-05
6615,6630,Iot1Sco,6630,1,0.014912625649186596
6615,6832,Iot1Sco,EtaSgr,1,0.00041718686600132816
6623,7235,86MuHer,17ZetAql,1,9.338419072339941e-11
6623,6695,86MuHer,91TheHer,0,0.00011673035872655679
6623,6703,86MuHer,92XiHer,2,0.07133990744678877
6623,6779,86MuHer,103OmiHer,2,0.012215298463496662
6629,6714,62GamOph,67Oph,1,0.03862922913691236
6630,6832,6630,EtaSgr,1,0.0014599258924397154
6688,7310,32XiDra,57DelDra,1,1.8240391284560778e-06
6695,6703,91TheHer,92XiHer,1,0.0006665572764823083
6695,7001,91TheHer,3AlpLyr,1,0.0006196509143976019
6698,7264,64NuOph,41PiSgr,0,1.1320345754092338e-09
6698,6913,64NuOph,22LamSgr,0,2.442777236932049e-08
6698,6723,64NuOph,68Oph,0,1.807989603883936e-05
6698,6869,64NuOph,58EtaSer,2,0.00018153949812070783
6703,6779,92XiHer,103OmiHer,2,0.1617422335172661
6705,7528,33GamDra,18DelCyg,0,8.44823746360808e-09
6705,7001,33GamDra,3AlpLyr,1,9.465516141756755e-07
6714,6869,67Oph,58EtaSer,0,0.00035842407801384314
6714,6752,67Oph,70Oph,3,0.25778327176649535
6714,6771,67Oph,72Oph,1,0.0011010309098390995
6723,6869,68Oph,58EtaSer,1,0.0014192580148664335
6723,6752,68Oph,70Oph,3,0.20846977792111984
6730,6787,XXX,102Her,1,0.1968665807713377
6743,7665,TheAra,DelPav,0,2.957605300642776e-11
6743,7790,TheAra,AlpPav,0,8.77835191183272e-11
6743,6905,TheAra,ZetTel,1,0.007003147570651679
6745,7107,PiPav,KapPav,0,0.0003176251552253507
6745,6855,PiPav,XiPav,1,0.011598127486948974
6745,7074,PiPav,LamPav,1,0.0010053210273262558
6746,6879,10Gam2Sgr,20EpsSgr,1,0.001898538839672471
6746,6913,10Gam2Sgr,22LamSgr,1,0.00047159956511223593
6746,6859,10Gam2Sgr,19DelSgr,5,0.018148634485781707
6752,7141,70Oph,63The1Ser,0,2.6001888373340306e-06
6771,7235,72Oph,17ZetAql,0,4.2775131735942706e-07
6771,7176,72Oph,13EpsAql,0,1.1257570359051352e-06
6771,7141,72Oph,63The1Ser,0,1.5476273026133323e-06
6771,7069,72Oph,111Her,0,3.486006880492987e-06
6779,7001,103OmiHer,3AlpLyr,0,1.6219673677559797e-05
6779,6872,103OmiHer,1KapLyr,1,0.0008639366259358662
6812,6973,13MuSgr,AlpSct,0,8.61365072607428e-07
6812,6913,13MuSgr,22LamSgr,3,0.002237203973373387
6832,7790,EtaSgr,AlpPav,0,4.2101821682900823e-14
6832,7869,EtaSgr,AlpInd,0,4.3219371922372385e-13
6832,7259,EtaSgr,BetCrA,0,1.1596216944009361e-05
6832,6879,EtaSgr,20EpsSgr,6,0.03183807514567872
6832,6897,EtaSgr,AlpTel,1,3.02691970991413e-05
6855,6905,XiPav,ZetTel,0,8.472817765922789e-07
6855,7074,XiPav,LamPav,1,0.00558270235894603
6859,7039,19DelSgr,27PhiSgr,0,0.0011348709002554334
6859,6879,19DelSgr,20EpsSgr,7,0.004832062229191891
6859,6913,19DelSgr,22LamSgr,5,0.004836538205433942
6869,7235,58EtaSer,17ZetAql,0,1.873563040545921e-09
6869,7377,58EtaSer,30DelAql,0,3.407176806388343e-08
6869,7141,58EtaSer,63The1Ser,3,1.3387861479950451e-05
6872,7056,1KapLyr,6Zet1Lyr,0,0.01245436658859528
6879,7348,20EpsSgr,AlpSgr,0,7.365304870686856e-07
6879,7039,20EpsSgr,27PhiSgr,0,8.106412996058668e-05
6879,7226,20EpsSgr,GamCrA,1,6.35745846469804e-05
6895,7417,109Her,6Bet1Cyg,0,1.0805887614494658e-07
6897,7790,AlpTel,AlpPav,0,1.3353050290187197e-10
6897,7337,AlpTel,Bet1Sgr,0,1.746572464994492e-05
6897,6905,AlpTel,ZetTel,2,0.014869737661343833
6897,7259,AlpTel,BetCrA,1,1.4336552664224228e-05
6905,7074,ZetTel,LamPav,0,2.815437755556247e-07
6913,7121,22LamSgr,34SigSgr,1,0.0011600657435002885
6913,7039,22LamSgr,27PhiSgr,6,0.007573169320813447
6920,7352,43PhiDra,60TauDra,1,0.019513612409739072
6927,8974,44ChiDra,35GamCep,0,6.7617555660336375e-09
6927,7352,44ChiDra,60TauDra,4,0.03168784170169261
6973,7340,AlpSct,44Rho1Sgr,0,3.0385390024768966e-07
6973,7150,AlpSct,37Xi2Sgr,0,7.46326242850624e-07
6973,7063,AlpSct,BetSct,2,0.009594048113710245
6982,7107,ZetPav,KapPav,2,0.0019401572354801467
6982,7590,ZetPav,EpsPav,2,0.0003475815394463558
7001,7051,3AlpLyr,4Eps1Lyr,3,0.4295933025764112
7001,7056,3AlpLyr,6Zet1Lyr,7,0.3324802903404598
7001,7106,3AlpLyr,10BetLyr,1,0.005025406378803489
7039,7121,27PhiSgr,34SigSgr,6,0.05867303630930738
7051,7615,4Eps1Lyr,21EtaCyg,0,6.333606785947855e-07
7051,7328,4Eps1Lyr,1KapCyg,0,6.892798783509793e-07
7051,7420,4Eps1Lyr,10Iot2Cyg,0,1.0384450010649307e-06
7056,7139,6Zet1Lyr,12Del2Lyr,5,0.3011114890061929
7061,7106,110Her,10BetLyr,0,4.313006783385818e-06
7061,7069,110Her,111Her,1,0.11939068355815137
7063,7141,BetSct,63The1Ser,0,9.236603922298832e-05
7063,7193,BetSct,12Aql,1,0.02214098335777507
7063,7236,BetSct,16LamAql,1,0.00807357860125515
7074,7343,LamPav,Bet2Sgr,0,4.343654749340159e-09
7074,7107,LamPav,KapPav,2,0.0010339312174601472
7106,7235,10BetLyr,17ZetAql,0,3.530298128225252e-09
7106,7178,10BetLyr,14GamLyr,6,0.29108841500433724
7106,7139,10BetLyr,12Del2Lyr,6,0.059896817085608144
7107,7590,KapPav,EpsPav,0,6.252472376006947e-05
7121,7194,34SigSgr,38ZetSgr,1,0.01097549934354765
7121,7217,34SigSgr,39OmiSgr,3,0.005005178871062539
7121,7234,34SigSgr,40TauSgr,5,0.029547967327046013
7121,7264,34SigSgr,41PiSgr,1,0.0014900228345915932
7139,7314,12Del2Lyr,21TheLyr,0,0.025191588993994783
7141,7429,63The1Ser,38MuAql,0,5.864061140093342e-05
7141,7235,63The1Ser,17ZetAql,1,5.0396586422216325e-05
7150,7217,37Xi2Sgr,39OmiSgr,4,0.13425163317849081
7150,7340,37Xi2Sgr,44Rho1Sgr,1,0.001309551614216032
7157,7469,13Lyr,13TheCyg,0,0.00013791458448740086
7157,7298,13Lyr,20EtaLyr,1,0.005175671423343645
7176,7405,13EpsAql,6AlpVul,0,1.1319434274829176e-05
7176,7479,13EpsAql,5AlpSge,0,5.5563145330148126e-05
7176,7235,13EpsAql,17ZetAql,2,0.16180421896971012
7178,7235,14GamLyr,17ZetAql,0,8.963611229722036e-09
7193,7340,12Aql,44Rho1Sgr,0,2.300994974709085e-06
7193,7236,12Aql,16LamAql,1,0.2756067558363673
7194,7869,38ZetSgr,AlpInd,0,5.500555374786499e-12
7194,7226,38ZetSgr,GamCrA,1,0.0003901585780443525
7194,7234,38ZetSgr,40TauSgr,5,0.050973214631802446
7194,7623,38ZetSgr,The1Sgr,1,1.0412052332863144e-06
7194,7348,38ZetSgr,AlpSgr,1,4.706603914577643e-06
7217,7234,39OmiSgr,40TauSgr,0,0.0017352384472528258
7217,7264,39OmiSgr,41PiSgr,3,0.19321284396843552
7226,7623,GamCrA,The1Sgr,0,1.0435579011785946e-05
7226,7254,GamCrA,AlpCrA,8,0.1866447103457137
7234,7869,40TauSgr,AlpInd,0,1.6620828061298792e-12
7235,7536,17ZetAql,7DelSge,0,2.1293955922955167e-05
7235,7488,17ZetAql,6BetSge,0,0.00012693502059932756
7235,7525,17ZetAql,50GamAql,2,3.05834488626017e-05
7236,7776,16LamAql,9BetCap,0,9.964688410099313e-10
7236,7754,16LamAql,6Alp2Cap,0,4.7201022527794226e-09
7236,7377,16LamAql,30DelAql,2,9.304522337114485e-05
7254,7623,AlpCrA,The1Sgr,0,1.703774210480214e-05
7254,7259,AlpCrA,BetCrA,8,0.12300933338517409
7264,7776,41PiSgr,9BetCap,0,1.493288066134594e-08
7264,7340,41PiSgr,44Rho1Sgr,2,0.012909550023610836
7298,7528,20EtaLyr,18DelCyg,0,0.00044135297155179854
7298,7314,20EtaLyr,21TheLyr,2,0.6614978187691858
7310,7528,57DelDra,18DelCyg,0,1.7796284152731456e-10
7310,7740,57DelDra,33Cyg,0,4.101258629554921e-06
7310,7352,57DelDra,60TauDra,0,0.005778479420154571
7310,7582,57DelDra,63EpsDra,5,0.02853275883544875
7314,7417,21TheLyr,6Bet1Cyg,0,4.059862381495409e-05
7328,7420,1KapCyg,10Iot2Cyg,3,0.16884180473570423
7337,7348,Bet1Sgr,AlpSgr,3,0.011067831432917617
7337,7343,Bet1Sgr,Bet2Sgr,1,0.3100254606989201
7340,7936,44Rho1Sgr,16PsiCap,0,8.78292751962774e-10
7340,7623,44Rho1Sgr,The1Sgr,0,2.617440039338674e-09
7340,7447,44Rho1Sgr,41IotAql,0,4.201310550879955e-08
7340,7776,44Rho1Sgr,9BetCap,0,4.485424188598041e-07
7343,7790,Bet2Sgr,AlpPav,0,6.968229078062061e-08
7343,7581,Bet2Sgr,IotSgr,1,0.000797343744590121
7348,8204,AlpSgr,34ZetCap,0,2.3833852452019456e-14
7348,7776,AlpSgr,9BetCap,0,3.329790310997203e-13
7348,7581,AlpSgr,IotSgr,2,0.001335219496766941
7352,7582,60TauDra,63EpsDra,4,0.030640964147225305
7377,7429,30DelAql,38MuAql,1,0.01046818590839534
7377,7447,30DelAql,41IotAql,1,0.006240032624644279
7377,7570,30DelAql,55EtaAql,1,0.0010390505204201878
7377,7602,30DelAql,60BetAql,1,0.00044042572421699414
7417,7528,6Bet1Cyg,18DelCyg,0,4.2227456924212245e-08
7417,7796,6Bet1Cyg,37GamCyg,2,1.6285561509313224e-07
7417,7615,6Bet1Cyg,21EtaCyg,4,0.00025573107861461057
7420,7469,10Iot2Cyg,13TheCyg,1,0.3167418161186359
7420,7528,10Iot2Cyg,18DelCyg,3,0.0015185500582752215
7447,7747,41IotAql,5Alp1Cap,0,3.293487964739407e-07
7479,7488,5AlpSge,6BetSge,3,0.8300936773952519
7479,7536,5AlpSge,7DelSge,2,0.24726939949228247
7525,7882,50GamAql,6BetDel,0,2.491548896024975e-06
7525,7557,50GamAql,53AlpAql,10,0.17706782985966316
7528,7957,18DelCyg,3EtaCep,0,1.2919295112516142e-08
7528,7796,18DelCyg,37GamCyg,6,0.00040219318071983934
7528,7735,18DelCyg,31Cyg,1,0.010505428143971858
7536,7635,7DelSge,12GamSge,2,0.08808504478844345
7557,8308,53AlpAql,8EpsPeg,0,8.770094928463694e-13
7557,7602,53AlpAql,60BetAql,8,0.09581752884923256
7557,7882,53AlpAql,6BetDel,1,3.7588228571773853e-06
7564,7635,ChiCyg,12GamSge,0,2.3026658202788497e-06
7570,7754,55EtaAql,6Alp2Cap,0,3.657614189418952e-07
7570,7602,55EtaAql,60BetAql,1,0.006215596594569205
7570,7710,55EtaAql,65TheAql,2,0.009065219302186574
7581,7869,IotSgr,AlpInd,0,5.2886071958667095e-05
7581,7623,IotSgr,The1Sgr,2,0.0007253035141928102
7582,8974,63EpsDra,35GamCep,0,8.051946344272503e-08
7590,7665,EpsPav,DelPav,2,0.00017665338782619545
7602,7882,60BetAql,6BetDel,0,2.2235512016453016e-06
7602,7710,60BetAql,65TheAql,1,0.0003721193046462968
7602,7852,60BetAql,2EpsDel,2,3.3896840566038034e-05
7615,7635,21EtaCyg,12GamSge,0,2.759371024761669e-07
7615,7796,21EtaCyg,37GamCyg,5,0.0014190001020573985
7615,7806,21EtaCyg,39Cyg,1,0.0029149381179060007
7635,8308,12GamSge,8EpsPeg,0,1.8239336103106944e-12
7635,7949,12GamSge,53EpsCyg,0,2.4672766533343504e-08
7665,7790,DelPav,AlpPav,2,1.3585193723967826e-05
7665,7913,DelPav,BetPav,2,0.0044832578190848425
7710,8308,65TheAql,8EpsPeg,0,1.040472202632487e-11
7710,8232,65TheAql,22BetAqr,0,1.6829848536854908e-09
7710,8131,65TheAql,8AlpEqu,0,3.9925295099811557e-08
7710,7882,65TheAql,6BetDel,0,6.927440568030003e-08
7710,7852,65TheAql,2EpsDel,0,2.478875287905331e-06
7735,7957,31Cyg,3EtaCep,0,3.011166878445603e-07
7735,7924,31Cyg,50AlpCyg,1,0.014982724962692776
7740,8335,33Cyg,81Pi2Cyg,0,2.078991333434952e-07
7740,8316,33Cyg,MuCep,0,8.359405698053249e-06
7747,7776,5Alp1Cap,9BetCap,1,0.10452578194836333
7751,7957,32Cyg,3EtaCep,0,8.785281409187036e-07
7754,7776,6Alp2Cap,9BetCap,5,0.11168978507536241
7776,7869,9BetCap,AlpInd,0,5.1403314699469146e-15
7776,8353,9BetCap,GamGru,0,6.759332931915473e-14
7776,8232,9BetCap,22BetAqr,0,5.106695245641604e-09
7776,8075,9BetCap,23TheCap,4,2.27305264978157e-05
7776,7936,9BetCap,16PsiCap,1,8.535201570146268e-06
7790,8425,AlpPav,AlpGru,0,1.0404023952828768e-08
7796,7806,37GamCyg,39Cyg,0,0.0005727284793725187
7796,7924,37GamCyg,50AlpCyg,8,0.004126005588108326
7796,7949,37GamCyg,53EpsCyg,6,0.0006340289521128212
7806,7834,39Cyg,41Cyg,1,0.20279689438038367
7806,7949,39Cyg,53EpsCyg,1,0.0115356949511084
7834,7948,41Cyg,12Gam2Del,0,5.341998794841565e-07
7850,8238,2TheCep,8BetCep,0,0.00011163486604190628
7850,7957,2TheCep,3EtaCep,1,0.23233946120775967
7852,7884,2EpsDel,71Aql,0,5.660936975925679e-06
7852,7882,2EpsDel,6BetDel,6,0.0438457246615465
7869,7980,AlpInd,18OmeCap,0,1.4956215964981252e-09
7869,8305,AlpInd,9IotPsA,0,6.448720276192147e-09
7869,8140,AlpInd,TheInd,1,9.008034546886592e-05
7882,7906,6BetDel,9AlpDel,11,0.35008853225584186
7884,8131,71Aql,8AlpEqu,1,1.727592936646346e-05
7906,7949,9AlpDel,53EpsCyg,0,2.0915493825891366e-08
7906,7928,9AlpDel,11DelDel,11,0.40244903383747677
7913,8181,BetPav,GamPav,2,0.0027179547320266718
7924,8650,50AlpCyg,44EtaPeg,0,8.762768984222297e-13
7924,8028,50AlpCyg,58NuCyg,1,0.011655256284612767
7924,8079,50AlpCyg,62XiCyg,1,0.021296194202240316
7924,8465,50AlpCyg,21ZetCep,1,1.117342966008483e-08
7928,8097,11DelDel,5GamEqu,0,0.0004001662768921786
7928,7948,11DelDel,12Gam2Del,11,0.3873305012999653
7936,7980,16PsiCap,18OmeCap,6,0.21431613374770742
7936,8075,16PsiCap,23TheCap,3,0.00016731357148315945
7942,7948,52Cyg,12Gam2Del,0,6.742871938558268e-07
7942,8173,52Cyg,1Peg,0,1.4244376932265029e-06
7948,8430,12Gam2Del,24IotPeg,0,1.3185946065542211e-09
7948,7949,12Gam2Del,53EpsCyg,0,2.6278545686913893e-08
7948,8173,12Gam2Del,1Peg,1,0.00015824451628483128
7949,8028,53EpsCyg,58NuCyg,0,0.0008307183872416725
7949,8115,53EpsCyg,64ZetCyg,4,0.0016760050764562829
7949,8146,53EpsCyg,66UpsCyg,1,0.002118532961640415
7950,8131,2EpsAqr,8AlpEqu,0,1.164157578304594e-07
7950,8278,2EpsAqr,40GamCap,0,8.881716512135354e-07
7950,7951,2EpsAqr,3Aqr,2,0.015894979503878127
7950,8232,2EpsAqr,22BetAqr,1,1.7727458466211773e-05
7951,8131,3Aqr,8AlpEqu,0,5.743427901358409e-06
7951,8232,3Aqr,22BetAqr,1,3.5266606267173546e-05
7957,8079,3EtaCep,62XiCyg,0,2.09562498904767e-08
7957,8162,3EtaCep,5AlpCep,1,0.0321108707480126
7980,8080,18OmeCap,24Cap,3,0.03409499200364537
7986,8425,BetInd,AlpGru,0,1.5369818020073585e-07
7986,8368,BetInd,DelInd,0,6.516234066064588e-05
7986,8140,BetInd,TheInd,1,0.0014280195920874038
8028,8079,58NuCyg,62XiCyg,1,0.08209435205874945
8028,8130,58NuCyg,65TauCyg,1,0.01691635381623832
8028,8143,58NuCyg,67SigCyg,1,0.025474253614202327
8075,8167,23TheCap,32IotCap,4,0.03451556461503498
8075,8204,23TheCap,34ZetCap,1,0.0015232759973144642
8079,8162,62XiCyg,5AlpCep,0,9.97220488273266e-09
8079,8252,62XiCyg,73RhoCyg,1,0.007488946524253906
8079,8335,62XiCyg,81Pi2Cyg,1,0.00019907543947269332
8079,8465,62XiCyg,21ZetCep,1,3.6399820441919294e-08
8080,8305,24Cap,9IotPsA,0,1.6794344378477475e-05
8080,8204,24Cap,34ZetCap,2,0.010564731760559136
8097,8173,5GamEqu,1Peg,0,6.87890192282471e-05
8097,8123,5GamEqu,7DelEqu,2,0.6037554891765282
8115,8684,64ZetCyg,48MuPeg,0,3.1294732448258117e-10
8115,8308,64ZetCyg,8EpsPeg,0,5.487114738029077e-10
8115,8315,64ZetCyg,10KapPeg,0,0.00038191277184222564
8115,8146,64ZetCyg,66UpsCyg,1,0.014061843151915868
8115,8309,64ZetCyg,78Mu1Cyg,3,0.0016426530866204571
8123,8313,7DelEqu,9Peg,0,4.752816139796757e-05
8123,8131,7DelEqu,8AlpEqu,2,0.01237721451121403
8130,8762,65TauCyg,1OmiAnd,0,1.521215376950623e-09
8130,8650,65TauCyg,44EtaPeg,0,4.261631700359992e-09
8130,8585,65TauCyg,7AlpLac,0,1.9752707695231902e-08
8130,8146,65TauCyg,66UpsCyg,1,0.07409768704882362
8130,8143,65TauCyg,67SigCyg,1,0.449548863556465
8131,8232,8AlpEqu,22BetAqr,2,1.8125117236607297e-05
8131,8308,8AlpEqu,8EpsPeg,1,0.00032675400775772535
8140,8425,TheInd,AlpGru,0,5.6964436677696856e-05
8143,8498,67SigCyg,1Lac,0,1.7200749442640848e-05
8143,8485,67SigCyg,8485,0,3.4200042329991784e-05
8146,8498,66UpsCyg,1Lac,0,1.1231779831427347e-05
8146,8454,66UpsCyg,29Pi2Peg,0,3.3417253714922534e-05
8146,8309,66UpsCyg,78Mu1Cyg,0,0.0004619865564044126
8162,8465,5AlpCep,21ZetCep,1,0.000623649132779793
8162,8238,5AlpCep,8BetCep,3,0.0004467815151325197
8162,8316,5AlpCep,MuCep,1,0.0118330214822215
8162,8334,5AlpCep,10NuCep,1,0.04727778791774842
8162,8417,5AlpCep,17XiCep,1,0.006889965909440097
8167,8232,32IotCap,22BetAqr,0,2.413952041537968e-05
8167,8204,32IotCap,34ZetCap,4,0.006875454623402545
8167,8278,32IotCap,40GamCap,4,0.028420854240695008
8173,8313,1Peg,9Peg,2,0.004031655845479581
8173,8315,1Peg,10KapPeg,1,0.0005924567084714719
8181,8254,GamPav,NuOct,0,1.0115320918710735e-06
8204,8628,34ZetCap,18EpsPsA,0,6.270294182438427e-08
8204,8431,34ZetCap,14MuPsA,0,1.5182178795919353e-06
8204,8322,34ZetCap,49DelCap,1,0.0007950144085001707
8232,8499,22BetAqr,43TheAqr,0,2.4111094455861345e-05
8232,8414,22BetAqr,34AlpAqr,3,9.515047088204028e-05
8238,8417,8BetCep,17XiCep,0,0.0013621102874294506
8238,8694,8BetCep,32IotCep,2,0.00026223962387902504
8238,8974,8BetCep,35GamCep,3,1.9726550058253985e-05
8252,8572,73RhoCyg,5Lac,0,9.012979534850573e-05
8252,8485,73RhoCyg,8485,1,0.0001245021147562257
8254,8502,NuOct,AlpTuc,0,1.0514529940072092e-08
8254,8630,NuOct,BetOct,1,0.0013377017801707175
8278,8322,40GamCap,49DelCap,5,0.37871993181265606
8305,8431,9IotPsA,14MuPsA,3,0.015040068963948825
8308,8313,8EpsPeg,9Peg,1,0.0008767164958950925
8308,8414,8EpsPeg,34AlpAqr,1,2.061536744076219e-05
8308,8450,8EpsPeg,26ThePeg,3,0.0011226554044054776
8309,8315,78Mu1Cyg,10KapPeg,1,0.07389467538297051
8313,8665,9Peg,46XiPeg,0,2.514690547473595e-07
8313,8450,9Peg,26ThePeg,0,5.660873208679171e-06
8315,8430,10KapPeg,24IotPeg,5,0.009937598570321225
8316,8465,MuCep,21ZetCep,2,0.04329573219058104
8316,8334,MuCep,10NuCep,1,0.15074900406503577
8322,8353,49DelCap,GamGru,0,1.1480420685117557e-09
8322,8518,49DelCap,48GamAqr,0,1.0163153878589493e-07
8322,8418,49DelCap,33IotAqr,1,0.01381037285121454
8322,8698,49DelCap,73LamAqr,1,3.1724998952492626e-08
8334,8465,10NuCep,21ZetCep,1,0.021152023088232243
8335,8494,81Pi2Cyg,23EpsCep,0,0.0002077733642592982
8335,8538,81Pi2Cyg,3BetLac,1,0.002338554100559264
8353,8411,GamGru,LamGru,3,0.060318775584277194
8353,8556,GamGru,Del1Gru,1,0.00018692683895573593
8353,8636,GamGru,BetGru,1,3.4297794291939972e-06
8411,8576,LamGru,17BetPsA,0,0.00030251775872450063
8411,8556,LamGru,Del1Gru,1,0.004454555110810908
8414,8709,34AlpAqr,76DelAqr,0,1.208221526334417e-08
8414,8450,34AlpAqr,26ThePeg,1,0.003049014765391997
8414,8518,34AlpAqr,48GamAqr,4,0.03699567989982771
8417,8694,17XiCep,32IotCep,1,0.010859756524908124
8418,8628,33IotAqr,18EpsPsA,0,5.789018601519168e-07
8418,8679,33IotAqr,71Tau2Aqr,1,7.757286545093907e-05
8418,8499,33IotAqr,43TheAqr,2,0.003259167776917687
8425,8556,AlpGru,Del1Gru,3,0.010307341574576126
8425,8675,AlpGru,EpsGru,1,0.0005140594660091736
8425,8560,AlpGru,Del2Gru,1,0.011518082508926043
8430,8665,24IotPeg,46XiPeg,0,1.7330736201056938e-07
8430,8454,24IotPeg,29Pi2Peg,1,0.0005709564962445496
8430,8667,24IotPeg,47LamPeg,2,0.00018931179175591778
8431,8576,14MuPsA,17BetPsA,1,0.01744871364823807
8450,8634,26ThePeg,42ZetPeg,2,0.00026832417863863943
8454,8498,29Pi2Peg,1Lac,1,0.015744520531395936
8465,8650,21ZetCep,44EtaPeg,0,5.009097679265257e-13
8465,8571,21ZetCep,27DelCep,3,0.16181308860575494
8485,8498,8485,1Lac,1,0.2316958956328154
8494,8538,23EpsCep,3BetLac,1,0.010389381553482725
8498,8762,1Lac,1OmiAnd,1,8.202974334608989e-05
8498,8650,1Lac,44EtaPeg,1,0.00014060940118037178
8499,8518,43TheAqr,48GamAqr,2,0.003692971640283195
8502,8848,AlpTuc,GamTuc,1,0.000320289666046612
8502,8540,AlpTuc,DelTuc,1,0.004243660699153348
8518,8559,48GamAqr,XXX,6,0.2590042222026228
8518,8597,48GamAqr,62EtaAqr,1,0.06639743698843545
8538,8585,3BetLac,7AlpLac,3,0.16581307225836628
8540,9076,DelTuc,EpsTuc,1,2.8356291499008546e-05
8556,8728,Del1Gru,24AlpPsA,0,7.635776140124822e-07
8556,8695,Del1Gru,22GamPsA,0,2.3548742806260347e-05
8556,8576,Del1Gru,17BetPsA,0,3.166146446180477e-05
8556,8636,Del1Gru,BetGru,2,0.027651890537638325
8559,8852,XXX,6GamPsc,0,7.620015211208677e-06
8559,8597,XXX,62EtaAqr,5,0.48272113111566406
8560,8787,Del2Gru,TheGru,0,0.0024314287043532253
8560,8636,Del2Gru,BetGru,2,0.03753663081405754
8571,8961,27DelCep,16LamAnd,0,1.7027651065155705e-07
8571,8694,27DelCep,32IotCep,1,0.00045697322787908827
8572,8585,5Lac,7AlpLac,2,0.11678294022357039
8576,8628,17BetPsA,18EpsPsA,1,0.009684520587849904
8576,8695,17BetPsA,22GamPsA,1,0.03698494724397599
8585,8961,7AlpLac,16LamAnd,1,1.2254986069703367e-05
8597,8834,62EtaAqr,90PhiAqr,0,3.430264589870682e-05
8597,8698,62EtaAqr,73LamAqr,3,0.000533817419110765
8597,8634,62EtaAqr,42ZetPeg,1,3.9381584681144125e-05
8628,8728,18EpsPsA,24AlpPsA,2,0.036242544743284796
8628,8789,18EpsPsA,86Aqr,1,0.0046277606847856066
8632,8961,11Lac,16LamAnd,0,4.6441578635771376e-05
8634,8709,42ZetPeg,76DelAqr,0,1.0296323983289685e-11
8634,8667,42ZetPeg,47LamPeg,0,4.732500150675745e-06
8634,8665,42ZetPeg,46XiPeg,4,0.3143738595266566
8636,8675,BetGru,EpsGru,4,0.015784412753580383
8636,8820,BetGru,IotGru,2,0.012802213748957191
8650,8775,44EtaPeg,53BetPeg,3,0.01142936456764323
8665,8781,46XiPeg,54AlpPeg,3,0.009660134820684136
8667,8781,47LamPeg,54AlpPeg,2,0.00016323486650048093
8667,8684,47LamPeg,48MuPeg,4,0.5432941855796036
8675,8747,EpsGru,ZetGru,2,0.11781867177392961
8679,8698,71Tau2Aqr,73LamAqr,3,0.007572734734183452
8679,8709,71Tau2Aqr,76DelAqr,4,0.2560822955517964
8679,8841,71Tau2Aqr,91Psi1Aqr,1,0.0013265617642654744
8684,8775,48MuPeg,53BetPeg,4,0.017433467359306447
8695,8787,22GamPsA,TheGru,0,4.3405093096224836e-05
8695,8720,22GamPsA,23DelPsA,1,1.463734130552647
8698,8834,73LamAqr,90PhiAqr,2,0.011487296407784656
8698,8841,73LamAqr,91Psi1Aqr,1,0.008511044733531923
8709,8781,76DelAqr,54AlpPeg,0,1.270245608235623e-13
8709,8841,76DelAqr,91Psi1Aqr,0,0.000844304550481676
8709,8812,76DelAqr,88Aqr,3,0.005416256649660802
8709,8858,76DelAqr,93Psi2Aqr,1,0.0006674434087805185
8709,8892,76DelAqr,98Aqr,1,0.001381537885759005
8720,8937,23DelPsA,BetScl,0,0.0003955311032344893
8720,8728,23DelPsA,24AlpPsA,2,0.16872714978100234
8728,8820,24AlpPsA,IotGru,0,3.765590563915767e-07
8728,8812,24AlpPsA,88Aqr,0,0.0005083933179974134
8747,8848,ZetGru,GamTuc,1,0.003179542744231279
8762,8961,1OmiAnd,16LamAnd,1,0.000620634937108601
8775,8965,53BetPeg,17IotAnd,0,7.497488015222516e-08
8775,8905,53BetPeg,68UpsPeg,2,0.0022753572016841316
8775,8781,53BetPeg,54AlpPeg,8,5.1314350186761765e-06
8781,8905,54AlpPeg,68UpsPeg,1,0.00014536531992605714
8787,8820,TheGru,IotGru,2,0.3412325947259293
8789,8863,86Aqr,GamScl,0,0.00041264396614687304
8789,8812,86Aqr,88Aqr,1,0.23381362151652393
8812,8892,88Aqr,98Aqr,3,0.1510979413010621
8820,8848,IotGru,GamTuc,0,3.4844005086325225e-06
8834,9089,90PhiAqr,30Psc,1,2.862551819346962e-05
8834,8984,90PhiAqr,18LamPsc,0,0.00010410293181597338
8834,8841,90PhiAqr,91Psi1Aqr,2,0.1678734430785646
8834,8852,90PhiAqr,6GamPsc,1,0.00023241110053959246
8841,8858,91Psi1Aqr,93Psi2Aqr,3,1.953782284096496
8852,8916,6GamPsc,10ThePsc,3,0.04154793438125776
8858,9089,93Psi2Aqr,30Psc,0,4.7169534456956314e-05
8863,8906,GamScl,99Aqr,0,2.7482591184191403e-05
8863,8937,GamScl,BetScl,1,0.009461904386250358
8892,8988,98Aqr,105Ome2Aqr,1,0.0024347988029172064
8892,8906,98Aqr,99Aqr,2,1.6346072665656408
8906,8988,99Aqr,105Ome2Aqr,2,0.0022865097419470623
8916,8969,10ThePsc,17IotPsc,3,0.13687351242232138
8961,8976,16LamAnd,19KapAnd,1,0.1466737214976462
8965,8976,17IotAnd,19KapAnd,1,0.4150018953564082
8969,8984,17IotPsc,18LamPsc,2,0.07399418575847115
8969,9072,17IotPsc,28OmePsc,3,0.021649602840561128
8988,9089,105Ome2Aqr,30Psc,1,0.00023997189173967742
9072,9089,28OmePsc,30Psc,0,1.0373690424887213e-05
