15,21,21AlpAnd,11BetCas,0,9.929972098285327e-05
15,168,21AlpAnd,18AlpCas,0,0.00017002472640929115
15,8961,21AlpAnd,16LamAnd,0,0.0005753288436611713
15,8965,21AlpAnd,17IotAnd,0,0.000848281152033345
15,39,21AlpAnd,88GamPeg,10,0.003659368995925604
15,165,21AlpAnd,31DelAnd,3,0.015227850937741119
15,8905,21AlpAnd,68UpsPeg,1,0.0022502474580452956
15,8775,21AlpAnd,53BetPeg,7,0.004667216737281781
21,8650,11BetCas,44EtaPeg,0,3.341187744418349e-05
21,8238,11BetCas,8BetCep,0,0.0006068609370848916
21,168,11BetCas,18AlpCas,12,0.05332906153599199
21,130,11BetCas,15KapCas,4,0.01346111622263734
21,153,11BetCas,17ZetCas,1,0.01266640671789239
21,264,11BetCas,27GamCas,8,0.03373826238283972
21,8571,11BetCas,27DelCep,1,0.0023858882957533737
21,8694,11BetCas,32IotCep,1,0.004080762316289861
21,8961,11BetCas,16LamAnd,1,0.00193097012151377
25,8848,EpsPhe,GamTuc,0,0.0012477260598744032
25,191,EpsPhe,EtaPhe,0,0.001540237261147213
25,8747,EpsPhe,ZetGru,0,0.0017006574468119233
25,100,EpsPhe,KapPhe,2,0.021021785457585575
25,8937,EpsPhe,BetScl,1,0.002782867602163468
39,8709,88GamPeg,76DelAqr,0,9.199255276015498e-06
39,188,88GamPeg,16BetCet,0,2.4344127956322698e-05
39,402,88GamPeg,45TheCet,0,4.521056781343973e-05
39,334,88GamPeg,31EtaCet,0,5.567246040425346e-05
39,74,88GamPeg,8IotCet,0,0.0001692530839599542
39,8905,88GamPeg,68UpsPeg,0,0.0011263843308567268
39,8916,88GamPeg,10ThePsc,0,0.0011674936792385358
39,8969,88GamPeg,17IotPsc,1,0.0019469140603684196
39,215,88GamPeg,34ZetAnd,0,0.0023039222052539977
48,8937,7Cet,BetScl,0,0.00018986916345327637
48,8863,7Cet,GamScl,0,0.0003525915803048862
48,8988,7Cet,105Ome2Aqr,2,0.0038113263910575707
74,8698,8IotCet,73LamAqr,0,0.0002792054603548472
74,8852,8IotCet,6GamPsc,0,0.0004583089863450524
74,8988,8IotCet,105Ome2Aqr,0,0.002405972784302106
74,188,8IotCet,16BetCet,3,0.004560940700938722
74,334,8IotCet,31EtaCet,1,0.0032824320458352827
77,705,ZetTuc,DelHyi,0,0.0018720781063707277
77,98,ZetTuc,BetHyi,0,0.0018935864412458056
77,126,ZetTuc,Bet1Tuc,2,0.02361275795789675
77,9076,ZetTuc,EpsTuc,1,0.01962150156335029
98,4798,BetHyi,AlpMus,0,2.7535344688022316e-05
98,4037,BetHyi,OmeCar,0,3.23506085227854e-05
98,5671,BetHyi,GamTrA,0,4.0723653405558544e-05
98,6217,BetHyi,AlpTrA,0,9.69845592050193e-05
98,6102,BetHyi,GamAps,0,0.000327290868591076
98,8540,BetHyi,DelTuc,0,0.0007722806484618118
98,9076,BetHyi,EpsTuc,0,0.001773266177701765
98,705,BetHyi,DelHyi,1,0.0024081107047450464
98,1208,BetHyi,GamHyi,1,0.004029506418131947
98,8254,BetHyi,NuOct,1,0.006552899828641882
99,8892,AlpPhe,98Aqr,0,7.834513692790572e-05
99,188,AlpPhe,16BetCet,0,0.00035559614273744
99,8636,AlpPhe,BetGru,0,0.0014733704080043242
99,100,AlpPhe,KapPhe,2,0.03693884068061103
100,322,KapPhe,BetPhe,2,0.007698128556627714
126,8502,Bet1Tuc,AlpTuc,0,0.0011842174544315356
126,8848,Bet1Tuc,GamTuc,1,0.003917938749910312
130,8819,15KapCas,33PiCep,0,0.0010034518070116392
130,264,15KapCas,27GamCas,3,0.018102610590813716
153,269,17ZetCas,37MuAnd,0,0.0010664424223140374
153,168,17ZetCas,18AlpCas,1,0.032811020184045296
153,464,17ZetCas,51And,1,0.00424107190820984
153,8961,17ZetCas,16LamAnd,1,0.002812779147516412
154,8965,29PiAnd,17IotAnd,0,0.0009155126463611664
154,165,29PiAnd,31DelAnd,3,0.018384549477000103
154,269,29PiAnd,37MuAnd,3,0.00798787191952382
154,337,29PiAnd,43BetAnd,1,0.006581080237969202
163,271,30EpsAnd,38EtaAnd,0,0.005971981845195749
163,165,30EpsAnd,31DelAnd,1,0.025551918405514316
163,215,30EpsAnd,34ZetAnd,2,0.00975114536212547
165,168,31DelAnd,18AlpCas,0,0.00014028919015070073
165,437,31DelAnd,99EtaPsc,0,0.0004963862482723138
165,337,31DelAnd,43BetAnd,2,0.01183410046127042
168,337,18AlpCas,43BetAnd,0,0.0008710833725475307
168,603,18AlpCas,57Gam1And,0,0.0014388199011609788
168,219,18AlpCas,24EtaCas,4,0.049179518439090505
168,343,18AlpCas,33TheCas,2,0.012587551754865407
188,429,16BetCet,GamPhe,0,8.981712487267731e-05
188,8728,16BetCet,24AlpPsA,0,0.0002673288020850448
188,334,16BetCet,31EtaCet,2,0.0063635034555171695
188,509,16BetCet,52TauCet,1,0.0018819572566193621
191,338,EtaPhe,ZetPhe,1,0.01359191604988798
215,271,34ZetAnd,38EtaAnd,1,0.01988493605614708
219,603,24EtaCas,57Gam1And,0,0.0005852045920277816
219,264,24EtaCas,27GamCas,3,0.03526864020496296
224,334,63DelPsc,31EtaCet,0,0.0003584115028930634
224,9089,63DelPsc,30Psc,0,0.00040989645436599614
224,271,63DelPsc,38EtaAnd,0,0.0006664710523207662
224,294,63DelPsc,71EpsPsc,3,0.014862450243648212
224,9072,63DelPsc,28OmePsc,1,0.0016800516985040048
264,8974,27GamCas,35GamCep,0,0.0009894179736485691
264,403,27GamCas,37DelCas,12,0.054254031143591265
269,8965,37MuAnd,17IotAnd,0,0.0008184204235624647
269,8976,37MuAnd,19KapAnd,0,0.0009513566894879525
269,337,37MuAnd,43BetAnd,4,0.02085126559315695
271,544,38EtaAnd,2AlpTri,0,0.0011187453906260497
280,8937,AlpScl,BetScl,1,0.0002755912030660537
280,509,AlpScl,52TauCet,0,0.0005616300281632581
285,1542,285,9AlpCam,0,0.00017240175392804172
285,7750,285,1KapCep,0,0.0019100922890653254
285,424,285,1AlpUMi,2,0.019177203332305357
294,334,71EpsPsc,31EtaCet,0,0.00043433323968432086
294,510,71EpsPsc,110OmiPsc,0,0.002871980325815073
294,437,71EpsPsc,99EtaPsc,1,0.0031390653520436563
294,489,71EpsPsc,106NuPsc,4,0.0030479837886664748
322,8675,BetPhe,EpsGru,0,0.00024470661896969855
322,429,BetPhe,GamPhe,2,0.02111955713497854
322,440,BetPhe,DelPhe,1,0.015456523367485141
334,553,31EtaCet,6BetAri,0,1.9686829004342686e-05
334,402,31EtaCet,45TheCet,4,0.022929463352585368
335,8976,42PhiAnd,19KapAnd,0,0.0008057000085706234
335,343,42PhiAnd,33TheCas,0,0.005378054959780055
337,603,43BetAnd,57Gam1And,2,0.008757587558756977
337,622,43BetAnd,4BetTri,1,0.004981970426618777
338,8848,ZetPhe,GamTuc,0,0.0010706876053828852
338,440,ZetPhe,DelPhe,1,0.008773156438118528
338,472,ZetPhe,AlpEri,1,0.01702688199932144
343,403,33TheCas,37DelCas,1,0.009951193731008643
402,437,45TheCet,99EtaPsc,0,0.0001812909352730357
402,489,45TheCet,106NuPsc,0,0.0009919496096261972
402,595,45TheCet,113AlpPsc,1,0.0013976675132763893
402,539,45TheCet,55ZetCet,3,0.010324357659788121
403,603,37DelCas,57Gam1And,0,0.0012111082351087138
403,542,37DelCas,45EpsCas,11,0.02387792183538614
424,2077,1AlpUMi,33DelAur,0,9.107478188569006e-06
424,3323,1AlpUMi,1OmiUMa,0,5.320537375177142e-05
424,3757,1AlpUMi,23UMa,0,7.21646099142296e-05
424,4301,1AlpUMi,50AlpUMa,0,0.0001679508518923785
424,4434,1AlpUMi,1LamDra,0,0.00028059425851118994
424,4787,1AlpUMi,5KapDra,0,0.0002986752244305171
424,7310,1AlpUMi,57DelDra,0,0.0003519732096152103
424,8238,1AlpUMi,8BetCep,0,0.0007170954970246162
424,6927,1AlpUMi,44ChiDra,0,0.0008281740097548376
424,6789,1AlpUMi,23DelUMi,7,0.014096359837362267
429,509,GamPhe,52TauCet,0,7.328451170548172e-05
429,585,GamPhe,59UpsCet,0,0.00015077903568291463
429,841,GamPhe,BetFor,0,0.0002880378426397362
429,794,GamPhe,IotEri,0,0.001410531897880587
429,566,GamPhe,ChiEri,0,0.005795933600876172
437,510,99EtaPsc,110OmiPsc,5,0.007014929545907616
440,555,DelPhe,PsiPhe,1,0.011374588211694599
440,566,DelPhe,ChiEri,1,0.0160226801997314
458,622,50UpsAnd,4BetTri,0,0.004808371257751679
458,464,50UpsAnd,51And,2,0.007643006906625457
458,603,50UpsAnd,57Gam1And,1,0.012912147707982739
464,854,51And,18TauPer,0,0.002149492294965156
464,496,51And,PhiPer,2,0.026882940203660843
464,603,51And,57Gam1And,1,0.009880419260227532
472,8675,AlpEri,EpsGru,0,0.000142493597375231
472,8502,AlpEri,AlpTuc,0,0.00020504571950860629
472,566,AlpEri,ChiEri,1,0.013172002400051383
489,510,106NuPsc,110OmiPsc,3,0.01384467408228609
489,595,106NuPsc,113AlpPsc,4,0.008360283774468208
496,834,PhiPer,15EtaPer,0,0.0028370297292385
496,799,PhiPer,13ThePer,1,0.003899072002289361
509,1231,52TauCet,34GamEri,0,2.1725461723437647e-05
509,897,52TauCet,The1Eri,0,4.880229471100959e-05
509,539,52TauCet,55ZetCet,3,0.014002190585610612
509,585,52TauCet,59UpsCet,1,0.010106418131107778
510,595,110OmiPsc,113AlpPsc,1,0.006101858118278141
539,874,55ZetCet,3EtaEri,0,0.0009716083129196715
539,811,55ZetCet,89PiCet,1,0.0014686794423964477
539,681,55ZetCet,68OmiCet,1,0.004880611412737985
542,3323,45EpsCas,1OmiUMa,0,2.4184231643522215e-06
542,1708,45EpsCas,13AlpAur,0,2.1658087263056063e-05
542,1155,45EpsCas,1155,0,0.0015875037280187183
542,1035,45EpsCas,1035,1,0.0022778321530823003
542,834,45EpsCas,15EtaPer,1,0.004347394228963948
542,915,45EpsCas,23GamPer,1,0.002644988209640133
544,622,2AlpTri,4BetTri,4,0.015532994871795412
544,617,2AlpTri,13AlpAri,2,0.013878540336317514
546,813,5Gam2Ari,87MuCet,0,0.0008567625293520627
546,718,5Gam2Ari,73Xi2Cet,0,0.0013129289034492036
546,649,5Gam2Ari,65Xi1Cet,0,0.002148955752709273
546,553,5Gam2Ari,6BetAri,8,0.03298524873489545
553,804,6BetAri,86GamCet,0,0.00037064275744712273
553,595,6BetAri,113AlpPsc,0,0.0005608004816684475
553,617,6BetAri,13AlpAri,9,0.05165251986500214
555,794,PsiPhe,IotEri,0,0.002511066204241746
566,674,ChiEri,PhiEri,2,0.02805060329242312
580,2077,50Cas,33DelAur,0,2.695650625906906e-05
580,8694,50Cas,32IotCep,0,0.0006175819717632642
580,8819,50Cas,33PiCep,0,0.0017298445227620755
585,874,59UpsCet,3EtaEri,0,0.0005194497264943405
585,963,59UpsCet,AlpFor,0,0.0005381975049101452
585,919,59UpsCet,11Tau3Eri,0,0.0011975733896646041
585,818,59UpsCet,1Tau1Eri,0,0.002296681721679645
591,8502,AlpHyi,AlpTuc,0,0.00017605196741122612
591,897,AlpHyi,The1Eri,0,0.0003500597754775764
591,705,AlpHyi,DelHyi,1,0.007167496261446186
591,1208,AlpHyi,GamHyi,1,0.0016272753027677975
591,1175,AlpHyi,BetRet,1,0.0026244466820258766
595,779,113AlpPsc,82DelCet,1,0.004214652434641961
603,854,57Gam1And,18TauPer,0,0.0018063552342799092
603,941,57Gam1And,27KapPer,0,0.0027943491455668028
603,622,57Gam1And,4BetTri,2,0.01647204319216086
603,840,57Gam1And,16Per,1,0.0036617398473224867
603,799,57Gam1And,13ThePer,1,0.003896165813869195
617,804,13AlpAri,86GamCet,0,0.00030039919932157804
617,1165,13AlpAri,25EtaTau,0,0.0003766572649176621
617,921,13AlpAri,25RhoPer,0,0.0005705473813386551
617,813,13AlpAri,87MuCet,0,0.000725229358913091
617,664,13AlpAri,9GamTri,0,0.0034745465083352934
617,838,13AlpAri,41Ari,5,0.004898971401509918
622,838,4BetTri,41Ari,0,0.0036251587727083967
622,664,4BetTri,9GamTri,5,0.030221603976705168
649,718,65Xi1Cet,73Xi2Cet,3,0.014712160544126544
664,840,9GamTri,16Per,1,0.005574983240276748
674,897,PhiEri,The1Eri,0,0.0024752475770796834
674,721,PhiEri,KapEri,2,0.014557404551358856
681,1231,68OmiCet,34GamEri,0,9.483890641209835e-05
681,779,68OmiCet,82DelCet,1,0.010484674523148652
681,811,68OmiCet,89PiCet,1,0.001821170306010894
705,806,DelHyi,EpsHyi,2,0.030096479473838037
718,804,73Xi2Cet,86GamCet,4,0.008068548804284174
718,813,73Xi2Cet,87MuCet,4,0.013237373446777263
721,897,KapEri,The1Eri,1,0.004052393239374313
721,794,KapEri,IotEri,1,0.005279799246448205
779,874,82DelCet,3EtaEri,0,0.0037389296493892873
779,804,82DelCet,86GamCet,4,0.021984755719743877
794,897,IotEri,The1Eri,1,0.019618382864438143
799,840,13ThePer,16Per,0,0.0026988280061352866
799,854,13ThePer,18TauPer,1,0.017284660307209963
799,941,13ThePer,27KapPer,1,0.009817738915177194
804,887,86GamCet,48EpsAri,0,0.0005333481353832723
804,911,86GamCet,92AlpCet,4,0.0222501238103648
806,1208,EpsHyi,GamHyi,1,0.006175795597526397
811,818,89PiCet,1Tau1Eri,1,0.010754426359240798
811,874,89PiCet,3EtaEri,1,0.009670274699406449
813,951,87MuCet,57DelAri,0,0.002123317312976666
813,1066,87MuCet,5Tau,0,0.002238372261745017
818,919,1Tau1Eri,11Tau3Eri,3,0.00695593741609996
834,2077,15EtaPer,33DelAur,0,7.836520736693413e-05
834,915,15EtaPer,23GamPer,4,0.027195667361890535
838,1131,41Ari,38OmiPer,0,0.002302777797080304
838,1142,41Ari,17Tau,0,0.0025715513114797643
838,840,41Ari,16Per,0,0.002639427168047942
838,887,41Ari,48EpsAri,1,0.011349426764342703
840,999,16Per,999,0,0.0021617409450628462
840,921,16Per,25RhoPer,4,0.020298430501682722
840,936,16Per,26BetPer,1,0.014335438652763093
841,963,BetFor,AlpFor,1,0.007855166919536397
854,915,18TauPer,23GamPer,1,0.03340040477966087
854,937,18TauPer,IotPer,2,0.018040424483214735
868,1336,868,AlpRet,0,0.0007638960443087294
868,1355,868,EpsRet,0,0.0008180673363840251
868,1175,868,BetRet,0,0.000842233025509986
868,1465,868,AlpDor,0,0.0009134280031624718
868,1326,868,AlpHor,0,0.0009678770158425997
868,1338,868,GamDor,0,0.00157492238902861
874,1101,3EtaEri,10Tau,0,0.00131067533316672
874,1084,3EtaEri,18EpsEri,2,0.005662287335003076
887,1030,48EpsAri,1OmiTau,0,0.0017468643051956503
887,1038,48EpsAri,2XiTau,0,0.0019090950189024067
887,951,48EpsAri,57DelAri,2,0.016676766883648365
897,1654,The1Eri,2EpsLep,0,2.8670914945329232e-05
897,1956,The1Eri,AlpCol,0,3.387769528607476e-05
897,1190,The1Eri,XXX,1,0.0032463244942242016
897,1008,The1Eri,1008,1,0.011949835915728077
911,1165,92AlpCet,25EtaTau,0,0.0003899952185020075
911,1251,92AlpCet,38NuTau,0,0.001168594353027309
915,2077,23GamPer,33DelAur,0,0.00010896972694093101
915,936,23GamPer,26BetPer,0,0.004803499440359496
915,1035,23GamPer,1035,1,0.006965109728005012
915,1017,23GamPer,33AlpPer,5,0.033998610524173294
919,963,11Tau3Eri,AlpFor,1,0.010959580083030126
919,1003,11Tau3Eri,16Tau4Eri,3,0.015613876564510316
921,1135,25RhoPer,41NuPer,0,0.007159571818145687
921,936,25RhoPer,26BetPer,4,0.045482693075501714
936,941,26BetPer,27KapPer,3,0.021768142591100832
936,1220,26BetPer,45EpsPer,2,0.010682346277500107
936,1122,26BetPer,39DelPer,4,0.010431311540834024
937,1052,IotPer,35SigPer,0,0.014362809102707966
937,941,IotPer,27KapPer,2,0.01460096830085462
937,1017,IotPer,33AlpPer,1,0.02581485004118224
941,1017,27KapPer,33AlpPer,1,0.014275663461023835
1003,1464,16Tau4Eri,52Ups2Eri,0,0.00047371683974445887
1003,1347,16Tau4Eri,41Ups4Eri,0,0.0007678184437736328
1003,1162,16Tau4Eri,26PiEri,0,0.0020186776830965363
1003,1084,16Tau4Eri,18EpsEri,1,0.002538671312580122
1003,1088,16Tau4Eri,19Tau5Eri,3,0.01774122097461997
1008,1338,1008,GamDor,0,0.0017143973018748223
1008,1190,1008,XXX,1,0.005916211047506765
1017,1035,33AlpPer,1035,0,0.0034035047932658236
1017,1122,33AlpPer,39DelPer,4,0.04151563301495239
1017,1052,33AlpPer,35SigPer,1,0.022317086024777104
1017,1087,33AlpPer,37PsiPer,1,0.02187392476002589
1017,1261,33AlpPer,47LamPer,1,0.007339399070715795
1030,1038,1OmiTau,2XiTau,1,0.04816031027996226
1035,1568,1035,7Cam,0,0.0012072402079493015
1035,1603,1035,10BetCam,0,0.0022976834561403018
1035,1261,1035,47LamPer,0,0.002585553819445581
1038,1142,2XiTau,17Tau,0,0.001427608246341118
1038,1066,2XiTau,5Tau,1,0.01994068391279638
1052,1135,35SigPer,41NuPer,0,0.00849271953166608
1052,1087,35SigPer,37PsiPer,1,0.029546145237889006
1066,1256,5Tau,37Tau,0,0.0018068113888426594
1066,1156,5Tau,23Tau,0,0.002391622117317541
1084,1251,18EpsEri,38NuTau,0,0.0007254018263252721
1084,1136,18EpsEri,23DelEri,2,0.03213216594021316
1087,1261,37PsiPer,47LamPer,0,0.010490355195924226
1087,1122,37PsiPer,39DelPer,2,0.03142667857768763
1088,1162,19Tau5Eri,26PiEri,0,0.002999285622358593
1088,1173,19Tau5Eri,27Tau6Eri,3,0.017277275581143347
1122,2077,39DelPer,33DelAur,0,0.00023945763811759535
1122,1220,39DelPer,45EpsPer,3,0.01337855763389228
1122,1273,39DelPer,48Per,2,0.016385135870361115
1131,1145,38OmiPer,19Tau,0,0.005623008762686034
1131,1149,38OmiPer,20Tau,0,0.007563874741924206
1131,1203,38OmiPer,44ZetPer,4,0.033310141567039715
1135,1220,41NuPer,45EpsPer,1,0.024664231329381198
1136,1251,23DelEri,38NuTau,0,0.0008578097004640238
1136,1463,23DelEri,48NuEri,1,0.0013467399627289766
1136,1162,23DelEri,26PiEri,1,0.019723432631959904
1142,1156,17Tau,23Tau,22,0.03965395202439043
1142,1145,17Tau,19Tau,8,0.03631635457895403
1142,1149,17Tau,20Tau,13,0.05048429503617162
1145,1149,19Tau,20Tau,10,0.03807926126914088
1156,1178,23Tau,27Tau,2,0.0369207245937677
1156,1165,23Tau,25EtaTau,20,0.040281924706516425
1162,1231,26PiEri,34GamEri,1,0.01623828718547235
1165,1178,25EtaTau,27Tau,20,0.07204613810898687
1165,1239,25EtaTau,35LamTau,1,0.0036631584413982965
1173,1496,27Tau6Eri,54Eri,0,0.0015314792817644647
1173,1464,27Tau6Eri,52Ups2Eri,0,0.0015940217433112328
1173,1195,27Tau6Eri,1195,0,0.0016397646792251353
1173,1347,27Tau6Eri,41Ups4Eri,2,0.0018178121230415713
1175,1336,BetRet,AlpRet,1,0.020078896136768474
1178,1577,27Tau,3IotAur,0,0.0010193142615210254
1178,1412,27Tau,78The2Tau,0,0.0036067083748981656
1178,1373,27Tau,61Del1Tau,2,0.004623335374999177
1190,1195,XXX,1195,2,0.028615748527781388
1195,1347,1195,41Ups4Eri,2,0.009077200859649722
1203,1392,44ZetPer,69UpsTau,0,0.002255700741483941
1203,1220,44ZetPer,45EpsPer,1,0.014878514614271794
1203,1228,44ZetPer,46XiPer,4,0.017622894334331014
1208,5470,GamHyi,AlpAps,0,7.5114743025838e-05
1208,4037,GamHyi,OmeCar,0,0.00010636136322310987
1208,3685,GamHyi,BetCar,0,0.00024375689119729923
1208,2550,GamHyi,AlpPic,0,0.0005695227969845792
1208,3340,GamHyi,TheCha,0,0.0007008909067900048
1208,1922,GamHyi,BetDor,0,0.0013898957315424077
1208,2736,GamHyi,Gam2Vol,0,0.0014953514710482232
1208,2015,GamHyi,DelDor,0,0.0015112557872402229
1220,1612,45EpsPer,8ZetAur,0,0.002769872474433629
1220,1641,45EpsPer,10EtaAur,1,0.003539766344295587
1220,1577,45EpsPer,3IotAur,0,0.0037475256921771487
1220,1228,45EpsPer,46XiPer,4,0.01680273375791618
1228,1577,46XiPer,3IotAur,0,0.0022705494374062737
1228,1454,46XiPer,58Per,0,0.004161379739892478
1231,1239,34GamEri,35LamTau,0,0.0001111871653870809
1231,1543,34GamEri,1Pi3Ori,0,0.0002168546235045199
1231,1464,34GamEri,52Ups2Eri,0,0.00047845717036086035
1231,1713,34GamEri,19BetOri,0,0.000833422811778154
1231,1702,34GamEri,5MuLep,0,0.000862666774348126
1231,1666,34GamEri,67BetEri,0,0.0009101178359542637
1239,1346,35LamTau,54GamTau,3,0.015976906835881682
1251,1298,38NuTau,38Omi1Eri,0,0.0018690300754292926
1251,1552,38NuTau,3Pi4Ori,0,0.0026805105738216127
1256,1373,37Tau,61Del1Tau,1,0.007977042940135622
1261,1303,47LamPer,51MuPer,2,0.0221659994703538
1273,1454,48Per,58Per,0,0.005378621703227346
1273,1303,48Per,51MuPer,2,0.03276484348354886
1298,1463,38Omi1Eri,48NuEri,1,0.008364407584093198
1303,1568,51MuPer,7Cam,0,0.004157784963858762
1320,1463,49MuTau,48NuEri,0,0.0014425962698252585
1325,1560,40Omi2Eri,61OmeEri,0,0.003272210341640286
1326,2120,AlpHor,EtaCol,0,0.0004126574155451349
1326,2020,AlpHor,BetPic,0,0.000593961344623031
1326,1862,AlpHor,EpsCol,0,0.0008976143409617399
1336,1355,AlpRet,EpsRet,1,0.01615635881346162
1338,1465,GamDor,AlpDor,2,0.01354500848882012
1346,1543,54GamTau,1Pi3Ori,0,0.0037739564613363977
1346,1458,54GamTau,88Tau,0,0.007742318595429691
1346,1373,54GamTau,61Del1Tau,23,0.03563583341961429
1346,1412,54GamTau,78The2Tau,20,0.03783890480049614
1346,1394,54GamTau,71Tau,1,0.023238220279114888
1347,1393,41Ups4Eri,43Eri,3,0.037133872995709694
1373,1409,61Del1Tau,74EpsTau,19,0.035073769609523874
1373,1389,61Del1Tau,68Del3Tau,4,0.033454526772595146
1387,1791,65Kap1Tau,112BetTau,0,0.0012514014483060649
1387,1577,65Kap1Tau,3IotAur,0,0.0021671086268090817
1389,1457,68Del3Tau,87AlpTau,0,0.019563493883670655
1389,1409,68Del3Tau,74EpsTau,4,0.02784053345755145
1392,1577,69UpsTau,3IotAur,0,0.0018354719065197663
1393,1862,43Eri,EpsCol,0,0.0016048171410827175
1393,1464,43Eri,52Ups2Eri,3,0.017840704971482962
1394,1458,71Tau,88Tau,0,0.007868031742626139
1394,1412,71Tau,78The2Tau,1,0.02958765959106048
1409,1910,74EpsTau,123ZetTau,0,0.0012006148694247932
1409,1791,74EpsTau,112BetTau,0,0.001239254067866047
1409,1497,74EpsTau,94TauTau,1,0.011748394592023089
1412,1457,78The2Tau,87AlpTau,21,0.07442785975651493
1457,1879,87AlpTau,39LamOri,1,0.001503613397964042
1457,1577,87AlpTau,3IotAur,0,0.0017503456188095816
1457,1543,87AlpTau,1Pi3Ori,1,0.007251798029194385
1457,1910,87AlpTau,123ZetTau,1,0.002291900293265001
1458,1473,88Tau,90Tau,1,0.022154931219997873
1463,1520,48NuEri,57MuEri,1,0.027639054486125355
1464,1481,52Ups2Eri,53Eri,0,0.0009397532750822961
1464,1654,52Ups2Eri,2EpsLep,1,0.00405452734547383
1464,1862,52Ups2Eri,EpsCol,1,0.002326671557113137
1465,1956,AlpDor,AlpCol,0,0.00022008941045514817
1465,2040,AlpDor,BetCol,0,0.0002498183393257784
1465,1922,AlpDor,BetDor,2,0.004123400517633391
1473,1544,90Tau,2Pi2Ori,0,0.011643846039715472
1481,1560,53Eri,61OmeEri,0,0.0034025958872070097
1481,1679,53Eri,69LamEri,1,0.003881641606592656
1481,1696,53Eri,3IotLep,0,0.0040802433959635535
1481,1705,53Eri,4KapLep,0,0.0044006511388995214
1497,1910,94TauTau,123ZetTau,0,0.001580755515651452
1497,1845,94TauTau,119Tau,0,0.001660977047824763
1497,1791,94TauTau,112BetTau,1,0.002332026626350984
1502,2020,AlpCae,BetPic,0,0.0009091071632795225
1520,1601,57MuEri,10Pi6Ori,0,0.007920823072872124
1520,1560,57MuEri,61OmeEri,2,0.018140687974348625
1542,3751,9AlpCam,3751,0,0.00015312733246851488
1542,2238,9AlpCam,2Lyn,0,0.0016643936293476865
1543,1788,1Pi3Ori,28EtaOri,0,0.0033304053562199817
1543,1544,1Pi3Ori,2Pi2Ori,4,0.02335206208966314
1543,1552,1Pi3Ori,3Pi4Ori,7,0.044286991431673965
1544,1790,2Pi2Ori,24GamOri,0,0.004081656753933963
1544,1580,2Pi2Ori,9Omi2Ori,2,0.01137482413619011
1552,1698,3Pi4Ori,17RhoOri,0,0.007575193915478246
1552,1567,3Pi4Ori,8Pi5Ori,5,0.0272264854826034
1552,1790,3Pi4Ori,24GamOri,2,0.007563272585693965
1560,1666,61OmeEri,67BetEri,1,0.01458545509269986
1567,1852,8Pi5Ori,34DelOri,0,0.005266075658838749
1567,1788,8Pi5Ori,28EtaOri,0,0.006522167634617056
1567,1790,8Pi5Ori,24GamOri,1,0.007098142832359974
1567,1601,8Pi5Ori,10Pi6Ori,2,0.025310611194583877
1567,1666,8Pi5Ori,67BetEri,2,0.007793855565702062
1568,1605,7Cam,7EpsAur,0,0.002902725574485648
1568,2077,7Cam,33DelAur,1,0.0035628703167903835
1577,2012,3IotAur,32NuAur,0,0.0022359682800403412
1577,1641,3IotAur,10EtaAur,1,0.01168692673886182
1577,1791,3IotAur,112BetTau,4,0.019105412883588257
1577,1612,3IotAur,8ZetAur,2,0.008158845128221848
1580,1845,9Omi2Ori,119Tau,0,0.0030778225284393973
1580,1790,9Omi2Ori,24GamOri,1,0.003809859610141301
1580,1879,9Omi2Ori,39LamOri,1,0.0037440649146055177
1601,1666,10Pi6Ori,67BetEri,0,0.005804653784369506
1601,1765,10Pi6Ori,22Ori,0,0.007484291777263998
1605,1641,7EpsAur,10EtaAur,2,0.0469938875776282
1605,1708,7EpsAur,13AlpAur,1,0.04545711969232768
1612,1641,8ZetAur,10EtaAur,3,0.0494619613827749
1641,1708,10EtaAur,13AlpAur,1,0.02588435806489435
1641,2012,10EtaAur,32NuAur,1,0.0055976827484953365
1654,1702,2EpsLep,5MuLep,1,0.016813674696049934
1654,1829,2EpsLep,9BetLep,3,0.02290073109888052
1666,1679,67BetEri,69LamEri,2,0.016196408520812687
1666,1713,67BetEri,19BetOri,3,0.05104421424038655
1666,1735,67BetEri,20TauOri,1,0.03177802160346469
1666,1788,67BetEri,28EtaOri,2,0.023382357808478
1696,1713,3IotLep,19BetOri,2,0.014056404274627897
1696,1705,3IotLep,4KapLep,5,0.02701014563079386
1702,1865,5MuLep,11AlpLep,3,0.02392610001799975
1702,1705,5MuLep,4KapLep,3,0.016802235345173448
1705,1756,4KapLep,6LamLep,4,0.02571559739329053
1708,2088,13AlpAur,34BetAur,5,0.03617761399830587
1713,1998,19BetOri,14ZetLep,0,0.005267589347280938
1713,1784,19BetOri,29Ori,3,0.02483390407705656
1713,1788,19BetOri,28EtaOri,2,0.016616194015199266
1713,2004,19BetOri,53KapOri,8,0.026557961871166644
1735,1897,20TauOri,43The2Ori,0,0.01197492506810224
1735,1892,20TauOri,42Ori,0,0.013500514106994793
1735,1899,20TauOri,44IotOri,0,0.021674219669608034
1735,1784,20TauOri,29Ori,1,0.02826962226975837
1756,2004,6LamLep,53KapOri,0,0.005779061049129061
1784,2004,29Ori,53KapOri,2,0.009584121058596342
1784,1887,29Ori,1887,1,0.016388433072020623
1788,1852,28EtaOri,34DelOri,6,0.03977390728008492
1790,1876,24GamOri,37Phi1Ori,1,0.013632718014945677
1790,1879,24GamOri,39LamOri,5,0.02648153188109593
1790,1852,24GamOri,34DelOri,11,0.033737300793999975
1790,2061,24GamOri,58AlpOri,6,0.044485756836141914
1791,2219,112BetTau,44KapAur,0,0.0025997138502257353
1791,2134,112BetTau,1Gem,0,0.003590086901590398
1791,1910,112BetTau,123ZetTau,2,0.01464125896278489
1791,2095,112BetTau,37TheAur,3,0.008755396759541246
1829,2282,9BetLep,1ZetCMa,0,0.0024585060056529777
1829,1956,9BetLep,AlpCol,0,0.004014730117166203
1829,1865,9BetLep,11AlpLep,4,0.05444840803213523
1829,1983,9BetLep,13GamLep,4,0.025774907171093406
1839,1852,32Ori,34DelOri,1,0.008971840183587381
1845,2159,119Tau,67NuOri,0,0.003562275049981025
1852,2061,34DelOri,58AlpOri,2,0.01690617641194653
1852,1903,34DelOri,46EpsOri,33,0.13279056037512116
1862,1956,EpsCol,AlpCol,4,0.03146830962821764
1865,2294,11AlpLep,2BetCMa,0,0.007396406365534296
1865,1998,11AlpLep,14ZetLep,2,0.022405506304226823
1876,1879,37Phi1Ori,39LamOri,4,0.032699456355601286
1876,1907,37Phi1Ori,40Phi2Ori,4,0.03189371596881906
1879,1907,39LamOri,40Phi2Ori,2,0.03832044836541289
1879,2061,39LamOri,58AlpOri,4,0.019608676686698162
1887,2004,1887,53KapOri,1,0.011152721170821682
1887,1897,1887,43The2Ori,1,0.03220273343488737
1892,1897,42Ori,43The2Ori,5,0.03308922131597111
1892,1931,42Ori,48SigOri,2,0.025004796406861245
1897,2004,43The2Ori,53KapOri,0,0.010306357556216629
1897,1899,43The2Ori,44IotOri,5,0.03378910249995325
1899,1903,44IotOri,46EpsOri,1,0.03856081873636078
1899,1931,44IotOri,48SigOri,2,0.02446840536764496
1899,1948,44IotOri,50ZetOri,3,0.04400788723521502
1903,2061,46EpsOri,58AlpOri,0,0.023981890938822043
1903,1948,46EpsOri,50ZetOri,33,0.16997096415561494
1907,2124,40Phi2Ori,61MuOri,0,0.009436150780136026
1907,2061,40Phi2Ori,58AlpOri,2,0.013687958268476522
1910,2061,123ZetTau,58AlpOri,0,0.0028991453007500144
1922,2803,BetDor,DelVol,0,0.002519871522815149
1922,2015,BetDor,DelDor,2,0.0161005233496703
1931,2004,48SigOri,53KapOri,0,0.008992321591343297
1931,1948,48SigOri,50ZetOri,4,0.04668505559859972
1948,2491,50ZetOri,9AlpCMa,1,0.0010623413381293898
1948,2298,50ZetOri,8EpsMon,0,0.0015432502727075867
1948,2004,50ZetOri,53KapOri,9,0.02944983370368301
1948,2061,50ZetOri,58AlpOri,2,0.019498967905853735
1956,1983,AlpCol,13GamLep,0,0.0039101870212929395
1956,2040,AlpCol,BetCol,2,0.04698777948241909
1956,2106,AlpCol,GamCol,1,0.014440494486140097
1983,2035,13GamLep,15DelLep,3,0.03282438745198641
1998,2085,14ZetLep,16EtaLep,2,0.03414134310384625
2004,2491,53KapOri,9AlpCMa,0,0.004280310723215276
2004,2227,53KapOri,5GamMon,1,0.007715313474767034
2004,2085,53KapOri,16EtaLep,1,0.017861538883595818
2035,2387,15DelLep,4Xi1CMa,0,0.003421940629356493
2035,2282,15DelLep,1ZetCMa,0,0.003431141557467778
2040,2326,BetCol,AlpCar,0,0.0010968507447233246
2040,2106,BetCol,GamCol,1,0.0266273206851218
2040,2120,BetCol,EtaCol,1,0.008433647450323828
2040,2282,BetCol,1ZetCMa,2,0.011822264046168984
2047,2159,54Chi1Ori,67NuOri,1,0.007443980163738349
2047,2134,54Chi1Ori,1Gem,1,0.014349562475885766
2061,2491,58AlpOri,9AlpCMa,0,0.0007840020731172232
2061,2227,58AlpOri,5GamMon,0,0.0013348828756479451
2061,2216,58AlpOri,7EtaGem,1,0.0016339750950361128
2061,2124,58AlpOri,61MuOri,3,0.022240642373535725
2077,3569,33DelAur,9IotUMa,0,5.143523446519279e-05
2085,2356,16EtaLep,11BetMon,0,0.0036626939427932188
2088,3569,34BetAur,9IotUMa,0,4.476008350664542e-05
2088,2095,34BetAur,37TheAur,4,0.020266797078849024
2088,2890,34BetAur,66AlpGem,1,0.0008447287418949165
2091,2540,35PiAur,34TheGem,0,0.0008205446901638578
2095,2890,37TheAur,66AlpGem,0,0.0009009537560984604
2095,2473,37TheAur,27EpsGem,0,0.002324356633762387
2106,2120,GamCol,EtaCol,0,0.005772788566905951
2106,2256,GamCol,KapCol,2,0.01427785602632582
2120,2296,EtaCol,DelCol,0,0.003807373977609679
2124,2385,61MuOri,13Mon,0,0.004756845110004216
2124,2199,61MuOri,70XiOri,1,0.009645254472703995
2134,2216,1Gem,7EtaGem,2,0.02310740316994825
2159,2343,67NuOri,18NuGem,0,0.005630453986437018
2159,2199,67NuOri,70XiOri,3,0.025756796328252684
2199,2385,70XiOri,13Mon,0,0.003998166062583463
2199,2478,70XiOri,30Gem,0,0.004850553451783791
2199,2421,70XiOri,24GamGem,0,0.006690148665544682
2216,2286,7EtaGem,13MuGem,4,0.05357262322925015
2219,2286,44KapAur,13MuGem,0,0.0063475371703300455
2227,2356,5GamMon,11BetMon,2,0.02081262061874669
2227,2298,5GamMon,8EpsMon,1,0.002235655614176317
2238,2560,2Lyn,15Lyn,1,0.010155527627936685
2256,2451,KapCol,NuPup,0,0.003937309825692868
2256,2296,KapCol,DelCol,1,0.022566554956333244
2282,2429,1ZetCMa,7Nu2CMa,0,0.0029701353485418057
2282,2451,1ZetCMa,NuPup,0,0.0031073166299574735
2282,2773,1ZetCMa,PiPup,0,0.003341011509048123
2282,2580,1ZetCMa,16Omi1CMa,0,0.005049848654381832
2282,2294,1ZetCMa,2BetCMa,1,0.005017004542299403
2282,2538,1ZetCMa,13KapCMa,2,0.009457203957793064
2282,2618,1ZetCMa,21EpsCMa,1,0.012704294369774365
2282,2653,1ZetCMa,24Omi2CMa,1,0.0060562218739544605
2286,2343,13MuGem,18NuGem,3,0.022694631805301815
2286,2421,13MuGem,24GamGem,2,0.019876253905183633
2286,2473,13MuGem,27EpsGem,5,0.027302107586311783
2294,2356,2BetCMa,11BetMon,0,0.0033680097972956383
2294,2443,2BetCMa,8Nu3CMa,1,0.01458678743892176
2294,2491,2BetCMa,9AlpCMa,2,0.057291593485773465
2294,2387,2BetCMa,4Xi1CMa,1,0.008967193666912338
2294,2429,2BetCMa,7Nu2CMa,1,0.021232395012885028
2298,2385,8EpsMon,13Mon,1,0.014054962802439326
2326,2451,AlpCar,NuPup,1,0.008058382960906134
2326,2550,AlpCar,AlpPic,1,0.007433091196552669
2343,2650,18NuGem,43ZetGem,0,0.005666915010071726
2343,2421,18NuGem,24GamGem,3,0.015027450439614719
2356,2943,11BetMon,10AlpCMi,0,0.0002494298436033072
2356,2845,11BetMon,3BetCMi,0,0.00026977535446462853
2356,2970,11BetMon,26AlpMon,0,0.0005697519673710475
2356,2714,11BetMon,22DelMon,1,0.001921553630339414
2361,2538,LamCMa,13KapCMa,0,0.011087943239146903
2387,2618,4Xi1CMa,21EpsCMa,0,0.005033918209648443
2387,2580,4Xi1CMa,16Omi1CMa,1,0.010720675139619343
2421,2484,24GamGem,31XiGem,6,0.029941963620903032
2421,2650,24GamGem,43ZetGem,1,0.00889414923729627
2429,2491,7Nu2CMa,9AlpCMa,2,0.022991693161986567
2435,2550,2435,AlpPic,0,0.0037846320844713774
2451,2538,NuPup,13KapCMa,0,0.0033225040847060573
2451,2553,NuPup,TauPup,1,0.01352527852988535
2451,2878,NuPup,SigPup,1,0.008409608056246123
2473,2697,27EpsGem,46TauGem,0,0.005082120679747448
2473,2821,27EpsGem,60IotGem,0,0.005127311304149312
2473,2890,27EpsGem,66AlpGem,2,0.004141496590617042
2473,2650,27EpsGem,43ZetGem,4,0.011445515001140888
2473,2777,27EpsGem,55DelGem,1,0.00771427676711635
2478,2650,30Gem,43ZetGem,0,0.0038421656128532597
2484,2491,31XiGem,9AlpCMa,0,4.903766718610867e-05
2484,2763,31XiGem,54LamGem,1,0.007697950545482931
2491,2845,9AlpCMa,3BetCMi,0,0.0001304854179512053
2491,2574,9AlpCMa,14TheCMa,1,0.012989931642601957
2491,2943,9AlpCMa,10AlpCMi,3,0.0012182485945464127
2491,2596,9AlpCMa,20IotCMa,2,0.019446871355405886
2506,2845,18Mon,3BetCMi,0,0.0020213467312062325
2538,2773,13KapCMa,PiPup,1,0.008396402943496258
2538,2618,13KapCMa,21EpsCMa,3,0.018834876669849898
2540,3569,34TheGem,9IotUMa,0,7.096387034478613e-05
2540,2560,34TheGem,15Lyn,0,8.433399406209523e-05
2540,2697,34TheGem,46TauGem,3,0.009548107082467143
2550,3117,AlpPic,ChiCar,0,0.003032232015141631
2550,2553,AlpPic,TauPup,0,0.005068051932078478
2554,3117,2554,ChiCar,0,0.003030937350466915
2560,3751,15Lyn,3751,0,6.554071679172443e-05
2560,3275,15Lyn,31Lyn,1,0.00024611384125642293
2574,2714,14TheCMa,22DelMon,0,0.0020292514227985186
2574,2657,14TheCMa,23GamCMa,2,0.015609239080268626
2580,2596,16Omi1CMa,20IotCMa,0,0.0063216310016246755
2580,2646,16Omi1CMa,22SigCMa,0,0.01959722453356013
2596,2653,20IotCMa,24Omi2CMa,1,0.00660741344960233
2596,2657,20IotCMa,23GamCMa,1,0.021144387141679877
2618,2646,21EpsCMa,22SigCMa,2,0.05433385413978757
2618,2827,21EpsCMa,31EtaCMa,3,0.03954912134181878
2646,2693,22SigCMa,25DelCMa,1,0.04339311825614409
2646,2827,22SigCMa,31EtaCMa,1,0.020717372123855472
2650,2777,43ZetGem,55DelGem,3,0.021499634984787883
2650,2763,43ZetGem,54LamGem,4,0.015814466441766893
2653,2970,24Omi2CMa,26AlpMon,0,0.0007585162861209915
2653,2948,24Omi2CMa,2948,0,0.006685125335861884
2653,2693,24Omi2CMa,25DelCMa,1,0.05112979487790588
2653,2906,24Omi2CMa,2906,1,0.005728029624810017
2657,2970,23GamCMa,26AlpMon,0,0.0029235910756296663
2693,3045,25DelCMa,7XiPup,0,0.0089138727590208
2693,2827,25DelCMa,31EtaCMa,3,0.051319086373232695
2693,2749,25DelCMa,28OmeCMa,1,0.03844002100130058
2697,2777,46TauGem,55DelGem,0,0.004366855062813541
2697,2821,46TauGem,60IotGem,3,0.013402917369108508
2714,3188,22DelMon,29ZetMon,0,0.0010563770572699922
2714,3145,22DelMon,3145,0,0.0014735027591903796
2714,2970,22DelMon,26AlpMon,1,0.0024238437879027007
2736,2803,Gam2Vol,DelVol,2,0.026118922651205707
2736,3024,Gam2Vol,ZetVol,2,0.02234535375394554
2740,3117,2740,ChiCar,0,0.003254355339096284
2740,3090,2740,3090,0,0.005969019966091729
2740,3055,2740,3055,0,0.00711459164084791
2749,2948,28OmeCMa,2948,0,0.014596370673089616
2749,2827,28OmeCMa,31EtaCMa,1,0.024690697612287742
2763,3249,54LamGem,17BetCnc,0,0.0012450247727193535
2763,2985,54LamGem,77KapGem,1,0.005617286848604171
2773,2878,PiPup,SigPup,1,0.01670575886466854
2773,3017,PiPup,3017,1,0.01628765471567787
2777,2905,55DelGem,69UpsGem,0,0.010390096403912488
2777,2821,55DelGem,60IotGem,2,0.0131581899865811
2782,2948,30TauCMa,2948,0,0.010871087517971698
2787,2996,2787,3Pup,0,0.004331692082873001
2803,3307,DelVol,EpsCar,0,0.003172563468129362
2803,3347,DelVol,BetVol,1,0.008927081422446448
2821,2905,60IotGem,69UpsGem,3,0.025880992737915606
2827,3165,31EtaCMa,ZetPup,0,0.0055667405674302796
2827,2948,31EtaCMa,2948,2,0.020664790565342355
2845,2943,3BetCMi,10AlpCMi,3,0.03877454952400027
2852,3275,62RhoGem,31Lyn,0,0.0008420149117745452
2852,2890,62RhoGem,66AlpGem,1,0.03246557931987126
2854,3249,4GamCMi,17BetCnc,0,0.0019795590533684673
2878,3117,SigPup,ChiCar,0,0.005099443830220699
2878,2961,SigPup,2961,0,0.009296377038792521
2878,3165,SigPup,ZetPup,1,0.01440656661211958
2890,3569,66AlpGem,9IotUMa,0,0.00032240186961438066
2890,3705,66AlpGem,40AlpLyn,0,0.0003570650902939137
2890,3579,66AlpGem,3579,0,0.0003629893128136445
2890,2990,66AlpGem,78BetGem,15,0.098622251333246
2905,2985,69UpsGem,77KapGem,2,0.0216497185358335
2905,2990,69UpsGem,78BetGem,2,0.02631500889734313
2906,2970,2906,26AlpMon,0,0.0014261203141040409
2906,3102,2906,11Pup,0,0.00945265110589273
2943,3045,10AlpCMi,7XiPup,0,4.869870362341263e-05
2943,3185,10AlpCMi,15RhoPup,0,6.206030602009204e-05
2948,3034,2948,OmiPup,1,0.019506507058832757
2948,3045,2948,7XiPup,1,0.0268439427940817
2970,3188,26AlpMon,29ZetMon,1,0.0036358398393321585
2973,3275,75SigGem,31Lyn,0,0.0006760892593922257
2985,3249,77KapGem,17BetCnc,0,0.0009741322859779572
2985,3461,77KapGem,47DelCnc,0,0.0011234489810695518
2985,3475,77KapGem,48IotCnc,1,0.001283871671453004
2985,2990,77KapGem,78BetGem,1,0.027713958664655633
2990,3873,78BetGem,17EpsLeo,0,0.00011426203162616876
2990,3482,78BetGem,11EpsHya,0,0.00011754628479819107
2990,3579,78BetGem,3579,0,0.0002955682193594572
2996,3438,3Pup,BetPyx,0,0.0017482454881231125
2996,3468,3Pup,AlpPyx,0,0.0017696644478964892
3017,3438,3017,BetPyx,0,0.0030138369296961905
3024,5470,ZetVol,AlpAps,0,0.0001659212798083703
3024,3643,ZetVol,3643,0,0.0073784811479502155
3024,3347,ZetVol,BetVol,0,0.007904461174011617
3024,3223,ZetVol,EpsVol,1,0.012327457075313616
3034,3185,OmiPup,15RhoPup,0,0.010576031215619262
3045,3165,7XiPup,ZetPup,1,0.0019431665255770733
3045,3102,7XiPup,11Pup,1,0.022212396803836167
3045,3185,7XiPup,15RhoPup,1,0.03236980443984375
3080,3207,3080,Gam2Vel,0,0.00948657419655325
3084,3270,3084,3270,0,0.00855884410391505
3084,3225,3084,3225,0,0.013667949398694755
3102,3185,11Pup,15RhoPup,1,0.02111019445617717
3129,3447,3129,3447,0,0.00554634356175103
3145,3410,3145,4DelHya,0,0.003503387524317868
3145,3418,3145,5SigHya,0,0.0036182514815026857
3165,3445,ZetPup,3445,0,0.005286385421043961
3165,3207,ZetPup,Gam2Vel,1,0.02900316627159143
3185,3482,15RhoPup,11EpsHya,0,2.5439677407873198e-05
3185,3748,15RhoPup,30AlpHya,0,0.0002533021103145059
3185,3314,15RhoPup,3314,0,0.0002916705850446622
3185,3270,15RhoPup,3270,0,0.001530283826765605
3192,3314,16Pup,3314,0,0.0006984072430176228
3207,3243,Gam2Vel,3243,0,0.006164722663603571
3207,3426,Gam2Vel,3426,1,0.008635826967549276
3207,3447,Gam2Vel,3447,1,0.01030276179487797
3207,3445,Gam2Vel,3445,1,0.014756667596089042
3207,3485,Gam2Vel,DelVel,1,0.02304667897198032
3207,3634,Gam2Vel,LamVel,1,0.012302202061313708
3223,3643,EpsVol,3643,0,0.00742264534003695
3223,3347,EpsVol,BetVol,1,0.0180322001788503
3249,3572,17BetCnc,65AlpCnc,3,0.0028759500852760414
3270,3426,3270,3426,0,0.005711247142318036
3275,3475,31Lyn,48IotCnc,0,0.0009225225112489046
3275,3579,31Lyn,3579,1,0.006985047696032386
3307,3485,EpsCar,DelVel,3,0.055799775279077396
3307,3659,EpsCar,3659,1,0.01604031151016094
3307,3685,EpsCar,BetCar,1,0.013945283585666731
3307,3457,EpsCar,3457,1,0.02186690866819127
3314,3665,3314,22TheHya,0,0.0017612991000791108
3314,3454,3314,7EtaHya,0,0.00472244677348612
3318,3643,AlpCha,3643,0,0.009294717600206965
3323,3619,1OmiUMa,15UMa,0,0.0024813817753149984
3323,3757,1OmiUMa,23UMa,4,0.009619162673689547
3340,8630,TheCha,BetOct,0,0.00025128959762810317
3340,4174,TheCha,GamCha,1,0.006706013973444984
3347,3457,BetVol,3457,0,0.007477163476662689
3347,3663,BetVol,3663,0,0.010707256404118704
3347,3571,BetVol,3571,0,0.011365031800859925
3347,3615,BetVol,AlpVol,2,0.019744546258532596
3410,3418,4DelHya,5SigHya,5,0.01975164308991424
3410,3482,4DelHya,11EpsHya,5,0.024371334976368373
3418,3454,5SigHya,7EtaHya,5,0.027074724335510253
3426,3477,3426,3477,2,0.03251275962138866
3438,3487,BetPyx,3487,0,0.0034294584561987734
3438,3477,BetPyx,3477,1,0.007450340691923211
3438,3468,BetPyx,AlpPyx,2,0.02907853981556394
3447,3485,3447,DelVel,1,0.04115933366131375
3454,3492,7EtaHya,13RhoHya,0,0.01904922287481227
3461,3705,47DelCnc,40AlpLyn,0,0.0005574996729509722
3461,3852,47DelCnc,14OmiLeo,0,0.0009584480710934443
3461,3731,47DelCnc,1KapLeo,0,0.0016528519139903006
3461,3475,47DelCnc,48IotCnc,3,0.003451471717611039
3461,3572,47DelCnc,65AlpCnc,3,0.006955210160333994
3467,3614,3467,3614,0,0.006552414294727092
3468,3994,AlpPyx,41LamHya,0,4.742771987844352e-05
3468,4094,AlpPyx,42MuHya,0,4.9012457985159146e-05
3468,3748,AlpPyx,30AlpHya,0,8.297913492450137e-05
3468,3591,AlpPyx,3591,0,0.004028366067106601
3468,3518,AlpPyx,GamPyx,2,0.01195428108057851
3475,3731,48IotCnc,1KapLeo,1,0.0039048405920512523
3477,3634,3477,LamVel,1,0.015799538483883907
3482,3492,11EpsHya,13RhoHya,4,0.03180738382354464
3482,3547,11EpsHya,16ZetHya,1,0.045806529646233184
3484,3903,12Hya,39Ups1Hya,0,0.0007487373681254318
3485,3634,DelVel,LamVel,0,0.00974607306320742
3485,3734,DelVel,KapVel,6,0.039879328043605146
3492,3547,13RhoHya,16ZetHya,3,0.024636157704651468
3498,3734,3498,KapVel,0,0.00925249495872745
3498,3696,3498,3696,0,0.012460275575897626
3518,4104,GamPyx,AlpAnt,0,0.00020249140178603195
3518,3903,GamPyx,39Ups1Hya,0,0.00038183592076930625
3547,3873,16ZetHya,17EpsLeo,0,0.0004422656509874696
3547,3665,16ZetHya,22TheHya,3,0.012267999757395173
3547,3982,16ZetHya,32AlpLeo,1,0.0008415049567785711
3569,3579,9IotUMa,3579,1,0.01063608586420979
3569,3775,9IotUMa,25TheUMa,4,0.01816622827167896
3569,3594,9IotUMa,12KapUMa,4,0.05032899935730599
3572,3773,65AlpCnc,4LamLeo,0,0.0013041227550043715
3579,4033,3579,33LamUMa,0,0.0014843272240564794
3579,3690,3579,38Lyn,2,0.011087231783974067
3579,3705,3579,40AlpLyn,1,0.006223917614419177
3594,4033,12KapUMa,33LamUMa,1,0.002232915691714813
3614,4023,3614,4023,0,0.0019188185273505641
3614,3634,3614,LamVel,1,0.02365334157058791
3614,3734,3614,KapVel,1,0.007359859153985576
3615,3890,AlpVol,UpsCar,0,0.01511630988649844
3619,3888,15UMa,29UpsUMa,0,0.003210967632633966
3619,3775,15UMa,25TheUMa,1,0.013701991236197779
3634,4232,LamVel,NuHya,0,1.6375351003015426e-05
3634,3748,LamVel,30AlpHya,0,2.99319655211105e-05
3634,3786,LamVel,PsiVel,2,0.01851323159284592
3634,4216,LamVel,MuVel,1,0.0014974720171271627
3659,3685,3659,BetCar,0,0.005152769404351999
3659,3890,3659,UpsCar,0,0.011864677419674957
3659,3699,3659,IotCar,2,0.061360212137372735
3659,3734,3659,KapVel,1,0.02627531731432559
3665,3748,22TheHya,30AlpHya,2,0.003106604806539692
3665,3845,22TheHya,35IotHya,1,0.008697242646371174
3685,4037,BetCar,OmeCar,3,0.022578960985414342
3690,4069,38Lyn,34MuUMa,0,0.0021286709258390847
3690,3705,38Lyn,40AlpLyn,2,0.030872947568390697
3699,4050,IotCar,4050,1,0.011417898354533721
3699,3825,IotCar,3825,1,0.02692836267548751
3699,3884,IotCar,3884,1,0.019378794983828822
3705,3731,40AlpLyn,1KapLeo,2,0.004486364818974045
3705,3974,40AlpLyn,21LMi,1,0.003190249477547964
3731,3773,1KapLeo,4LamLeo,2,0.014360771336153986
3734,4216,KapVel,MuVel,0,0.00396569702435563
3734,3803,KapVel,3803,1,0.05259946823009354
3734,3940,KapVel,PhiVel,2,0.020013680000712332
3748,3845,30AlpHya,35IotHya,2,0.007008301222028128
3748,3903,30AlpHya,39Ups1Hya,3,0.005418581583508752
3751,5430,3751,5UMi,0,0.001124581514849921
3757,3888,23UMa,29UpsUMa,3,0.018047423152739182
3757,4301,23UMa,50AlpUMa,1,0.0043963723309459555
3773,3852,4LamLeo,14OmiLeo,0,0.0014305251541410417
3773,3975,4LamLeo,30EtaLeo,0,0.002918461109401623
3773,3873,4LamLeo,17EpsLeo,2,0.017113191254224155
3775,4301,25TheUMa,50AlpUMa,0,0.00174901093530973
3775,3888,25TheUMa,29UpsUMa,3,0.008240064857187231
3786,4094,PsiVel,42MuHya,0,7.630346298184215e-05
3786,4104,PsiVel,AlpAnt,0,0.0010252301566663277
3786,4023,PsiVel,4023,1,0.006773187069012538
3799,4295,26UMa,48BetUMa,1,0.0012095591040808098
3803,4216,3803,MuVel,0,0.0032226588695519667
3803,3884,3803,3884,0,0.014925033391780565
3825,4074,3825,4074,0,0.00598416053460165
3825,3884,3825,3884,1,0.01939314910505067
3836,4167,3836,4167,0,0.0031376000992435478
3845,4133,35IotHya,47RhoLeo,0,0.0007937950514759211
3852,3982,14OmiLeo,32AlpLeo,1,0.01241246832909383
3852,3980,14OmiLeo,31Leo,1,0.007264585879436813
3873,3905,17EpsLeo,24MuLeo,8,0.02754374179066265
3884,3890,3884,UpsCar,2,0.03302207626242677
3884,4050,3884,4050,1,0.02355567132769933
3888,4301,29UpsUMa,50AlpUMa,3,0.005588052312562702
3890,4037,UpsCar,OmeCar,1,0.020590389195556225
3903,3994,39Ups1Hya,41LamHya,3,0.012186359094741845
3903,4094,39Ups1Hya,42MuHya,1,0.005356607891604311
3905,4069,24MuLeo,34MuUMa,0,0.0008480859050873955
3905,4247,24MuLeo,46LMi,0,0.001151421550978005
3905,4031,24MuLeo,36ZetLeo,8,0.012099517056285711
3940,4023,PhiVel,4023,0,0.002277531366519966
3940,4167,PhiVel,4167,1,0.006023852499087007
3974,4031,21LMi,36ZetLeo,0,0.00173054462152811
3974,4100,21LMi,31BetLMi,2,0.011596652816853766
3975,3982,30EtaLeo,32AlpLeo,7,0.021482107478922968
3975,4057,30EtaLeo,41Gam1Leo,8,0.024366095453152412
3980,3981,31Leo,15AlpSex,0,0.0025804473706453604
3980,3982,31Leo,32AlpLeo,2,0.02303450005968002
3980,4133,31Leo,47RhoLeo,2,0.00805238338821273
3981,4368,15AlpSex,74PhiLeo,0,0.0004363427485004992
3982,4232,32AlpLeo,NuHya,0,5.4332532451798026e-05
3982,4057,32AlpLeo,41Gam1Leo,1,0.02212771717226472
3994,4368,41LamHya,74PhiLeo,0,0.0003420136270318962
3994,4094,41LamHya,42MuHya,3,0.013321506465347901
4023,4094,4023,42MuHya,0,9.726877203880236e-05
4023,4167,4023,4167,1,0.009026158407484112
4031,4069,36ZetLeo,34MuUMa,0,0.000880912365551564
4031,4377,36ZetLeo,54NuUMa,0,0.001140709190831913
4031,4100,36ZetLeo,31BetLMi,0,0.0014528516269304602
4031,4057,36ZetLeo,41Gam1Leo,9,0.03276496323862896
4031,4259,36ZetLeo,54Leo,1,0.004176649280919217
4033,4295,33LamUMa,48BetUMa,0,0.0016623983287853354
4033,4069,33LamUMa,34MuUMa,5,0.0489867169580124
4037,4102,OmeCar,4102,1,0.019893536277924218
4037,4199,OmeCar,TheCar,2,0.01715029914565945
4050,4216,4050,MuVel,0,0.003331467063124056
4050,4114,4050,4114,1,0.027449397217712484
4050,4140,4050,4140,1,0.049587570363472125
4050,4199,4050,TheCar,2,0.026995469278018387
4057,4359,41Gam1Leo,70TheLeo,0,0.002688559039583707
4057,4259,41Gam1Leo,54Leo,0,0.003586570259102016
4057,4300,41Gam1Leo,60Leo,1,0.0030167237514159718
4057,4357,41Gam1Leo,68DelLeo,2,0.006100108538092242
4069,4100,34MuUMa,31BetLMi,1,0.012457606392219527
4069,4335,34MuUMa,52PsiUMa,3,0.010307398879905188
4069,4377,34MuUMa,54NuUMa,1,0.00225043850312434
4074,4167,4074,4167,0,0.004396141629593898
4094,4450,42MuHya,XiHya,1,0.0002766064797609684
4094,4232,42MuHya,NuHya,2,0.013886735077768874
4100,4247,31BetLMi,46LMi,2,0.010115535219810127
4102,5470,4102,AlpAps,0,0.0012502025724244604
4102,4520,4102,LamMus,0,0.004648739174782232
4102,4674,4102,BetCha,0,0.005170621055714676
4104,4287,AlpAnt,7AlpCrt,0,0.0010332010795535457
4104,4343,AlpAnt,11BetCrt,0,0.001387190853504327
4114,4216,4114,MuVel,0,0.005020879992745565
4114,4257,4114,4257,1,0.0248577237784687
4133,4382,47RhoLeo,12DelCrt,0,7.024863949024328e-05
4133,4232,47RhoLeo,NuHya,0,8.723878762135569e-05
4133,4540,47RhoLeo,5BetVir,0,0.00030877698475730676
4133,4300,47RhoLeo,60Leo,0,0.001409294786986967
4133,4386,47RhoLeo,77SigLeo,0,0.002154071850757929
4133,4399,47RhoLeo,78IotLeo,0,0.002206406729520886
4140,4216,4140,MuVel,0,0.0037012752613422763
4140,4199,4140,TheCar,1,0.03937507572080631
4159,4257,4159,4257,0,0.018133088221296438
4167,4450,4167,XiHya,0,0.0004323020280398225
4167,4180,4167,4180,0,0.006371114519078462
4167,4216,4167,MuVel,1,0.03436202699589448
4174,4234,GamCha,Del2Cha,1,0.027892863098072894
4174,4674,GamCha,BetCha,1,0.011934158514372479
4199,4337,TheCar,4337,0,0.011285969216626468
4199,4520,TheCar,LamMus,1,0.011722042904321078
4216,4232,MuVel,NuHya,0,2.3930321485537464e-05
4216,4630,MuVel,2EpsCrv,0,4.080190719763524e-05
4216,4467,MuVel,LamCen,0,0.0021651078600015863
4216,4656,MuVel,DelCru,0,0.0023301608564020317
4216,4257,MuVel,4257,0,0.00548382716203301
4232,4534,NuHya,94BetLeo,0,1.9322646492725048e-05
4232,4359,NuHya,70TheLeo,0,2.605493938262742e-05
4232,4825,NuHya,29GamVir,0,3.896833187214992e-05
4232,4662,NuHya,4GamCrv,0,0.0005556400184034229
4232,4450,NuHya,XiHya,1,0.0006882983922833807
4232,4287,NuHya,7AlpCrt,2,0.02101532518197411
4234,8630,Del2Cha,BetOct,0,0.00048468417220746247
4234,4674,Del2Cha,BetCha,1,0.014345055290827894
4247,4377,46LMi,54NuUMa,1,0.014828719940646122
4257,4337,4257,4337,1,0.032694309706148124
4259,4357,54Leo,68DelLeo,1,0.008789619112931291
4287,4343,7AlpCrt,11BetCrt,3,0.009203554351934007
4287,4382,7AlpCrt,12DelCrt,2,0.010827247999803367
4293,4552,4293,BetHya,0,0.001344461058586285
4295,4301,48BetUMa,50AlpUMa,20,0.044115589618364995
4295,4554,48BetUMa,64GamUMa,18,0.022241865642338612
4300,4357,60Leo,68DelLeo,1,0.018124045692153486
4335,4915,52PsiUMa,12Alp2CVn,0,0.0005810212371343878
4335,4518,52PsiUMa,63ChiUMa,3,0.01048928154252368
4337,4656,4337,DelCru,0,0.006228194543803654
4343,4623,11BetCrt,1AlpCrv,0,0.0013080681934314969
4343,4450,11BetCrt,XiHya,1,0.0027150588035596214
4357,4737,68DelLeo,15GamCom,0,0.0003944730869978097
4357,4359,68DelLeo,70TheLeo,7,0.022855449495797205
4357,4377,68DelLeo,54NuUMa,1,0.0031447777836717487
4359,4399,70TheLeo,78IotLeo,2,0.013372120737647588
4359,4534,70TheLeo,94BetLeo,3,0.009874166367468701
4374,4915,53XiUMa,12Alp2CVn,0,0.00028239768005954485
4377,4915,54NuUMa,12Alp2CVn,0,0.0004467725302183005
4377,4785,54NuUMa,8BetCVn,0,0.0005760805754392017
4382,4689,12DelCrt,15EtaVir,0,0.00031611088405278186
4382,4450,12DelCrt,XiHya,1,0.0009024904723338261
4382,4405,12DelCrt,15GamCrt,3,0.021093947551734916
4386,4399,77SigLeo,78IotLeo,1,0.01536649957248624
4386,4517,77SigLeo,3NuVir,1,0.010270273393429414
4390,4546,PiCen,4546,0,0.0025574699054810145
4390,4638,PiCen,RhoCen,0,0.007254848162149174
4390,4656,PiCen,DelCru,1,0.006368392723210974
4399,4534,78IotLeo,94BetLeo,1,0.008302592126686952
4399,4540,78IotLeo,5BetVir,1,0.003329220143617536
4405,4623,15GamCrt,1AlpCrv,0,0.0021427027363865128
4434,4787,1LamDra,5KapDra,4,0.014141764178080154
4441,4656,Omi1Cen,DelCru,0,0.00916745726401804
4450,5028,XiHya,IotCen,0,0.00024303973562457367
4450,4802,XiHya,TauCen,0,0.0003153375825409977
4450,4786,XiHya,9BetCrv,0,0.0012915649038552288
4450,4552,XiHya,BetHya,3,0.012604983107691621
4467,4700,LamCen,EpsCru,0,0.01514332014528753
4467,4520,LamCen,LamMus,1,0.024896914852565368
4471,4662,91UpsLeo,4GamCrv,0,0.00032271832706637273
4471,4517,91UpsLeo,3NuVir,1,0.005825290296764579
4517,4540,3NuVir,5BetVir,1,0.01424716221369158
4517,4608,3NuVir,9OmiVir,2,0.012166976318563264
4518,4915,63ChiUMa,12Alp2CVn,0,0.001178648581309808
4518,4554,63ChiUMa,64GamUMa,3,0.013665990550859711
4518,4785,63ChiUMa,8BetCVn,1,0.002873752550357362
4520,4537,LamMus,4537,0,0.01863442230986507
4520,4616,LamMus,EtaCru,1,0.02078790105591393
4520,4798,LamMus,AlpMus,1,0.01692689350803314
4522,4656,4522,DelCru,0,0.015548229781044129
4534,4915,94BetLeo,12Alp2CVn,0,0.00011124433526095525
4534,4968,94BetLeo,42AlpCom,0,0.0002574391351547293
4534,4910,94BetLeo,43DelVir,0,0.0005548949987826029
4534,4737,94BetLeo,15GamCom,0,0.0006505498709680791
4540,4689,5BetVir,15EtaVir,2,0.00789465502698096
4546,4889,4546,4889,0,0.00156304151110073
4546,4743,4546,SigCen,0,0.0047761369137110585
4552,4786,BetHya,9BetCrv,0,0.0012541856981216203
4552,4623,BetHya,1AlpCrv,1,0.0035008550628122955
4554,4915,64GamUMa,12Alp2CVn,0,0.0011302632035627956
4554,4660,64GamUMa,69DelUMa,19,0.02690750461037205
4599,4700,The1Cru,EpsCru,0,0.015706440543128863
4608,4968,9OmiVir,42AlpCom,0,0.00038559972065253204
4616,4671,EtaCru,EpsMus,0,0.018478291602476233
4616,4679,EtaCru,ZetCru,1,0.03140678854764781
4621,4630,DelCen,2EpsCrv,0,9.362413243231373e-05
4621,4743,DelCen,SigCen,1,0.024118432244151514
4621,4638,DelCen,RhoCen,1,0.03334095683615016
4623,4630,1AlpCrv,2EpsCrv,6,0.02868688298664867
4630,4819,2EpsCrv,GamCen,0,0.00012145652520119986
4630,4662,2EpsCrv,4GamCrv,6,0.028368206582199545
4630,4786,2EpsCrv,9BetCrv,6,0.025756656158294918
4656,4700,DelCru,EpsCru,1,0.04285328980569981
4656,4763,DelCru,GamCru,13,0.06263197484447539
4660,5563,69DelUMa,7BetUMi,0,0.0002900132954033815
4660,4905,69DelUMa,77EpsUMa,19,0.021498852604721463
4662,4757,4GamCrv,7DelCrv,6,0.04546047670178602
4671,4773,EpsMus,GamMus,0,0.015415512570595709
4679,4844,ZetCru,BetMus,1,0.013922549110057086
4679,4730,ZetCru,Alp1Cru,1,0.03506869253795121
4689,4775,15EtaVir,8EtaCrv,0,0.0007567459092899921
4689,4757,15EtaVir,7DelCrv,0,0.0009810970176368727
4689,4825,15EtaVir,29GamVir,3,0.01369335043947464
4700,4853,EpsCru,BetCru,1,0.029193425311628617
4700,4730,EpsCru,Alp1Cru,1,0.03389294708127345
4730,5035,Alp1Cru,5035,0,0.007035286989521768
4730,4844,Alp1Cru,BetMus,1,0.026307672241234148
4730,4853,Alp1Cru,BetCru,12,0.13558766394293328
4737,4983,15GamCom,43BetCom,5,0.003185815081031394
4743,4763,SigCen,GamCru,0,0.009494433649859049
4743,4802,SigCen,TauCen,1,0.029912908723448886
4743,4819,SigCen,GamCen,1,0.02832290878270405
4757,4825,7DelCrv,29GamVir,1,0.002361788943045267
4757,4775,7DelCrv,8EtaCrv,2,0.0338106459551869
4763,4898,GamCru,Mu1Cru,1,0.02808687403354236
4763,4819,GamCru,GamCen,1,0.024666669050429153
4763,4853,GamCru,BetCru,11,0.12821560050312902
4773,5470,GamMus,AlpAps,0,0.0038523261329401065
4773,4798,GamMus,AlpMus,3,0.025779207152018004
4773,4923,GamMus,DelMus,2,0.030176772870551705
4775,4963,8EtaCrv,51TheVir,0,0.0010932133909001514
4785,5191,8BetCVn,85EtaUMa,0,0.000926943721674413
4785,4905,8BetCVn,77EpsUMa,0,0.0009703264052562027
4785,4915,8BetCVn,12Alp2CVn,3,0.01103693359343834
4786,4889,9BetCrv,4889,0,0.0005440135807447888
4787,5291,5KapDra,11AlpDra,4,0.004198633152974309
4798,4844,AlpMus,BetMus,4,0.072982565532016
4802,5089,TauCen,5089,0,0.0020027656500153476
4802,4819,TauCen,GamCen,1,0.04578497225737403
4819,5132,GamCen,EpsCen,2,0.014029954646561161
4819,5231,GamCen,ZetCen,1,0.006598078967089835
4825,4910,29GamVir,43DelVir,6,0.0178217168834417
4825,5056,29GamVir,67AlpVir,1,0.00297923644629593
4825,4963,29GamVir,51TheVir,1,0.004872024094160414
4844,5671,BetMus,GamTrA,0,0.003193635477854555
4844,4853,BetMus,BetCru,0,0.012367000217871717
4853,4898,BetCru,Mu1Cru,1,0.03190868658111987
4853,5267,BetCru,BetCen,1,0.03646729897064877
4888,4889,4888,4889,0,0.004345312612634581
4888,4898,4888,Mu1Cru,0,0.00495750987345992
4889,5028,4889,IotCen,1,0.008322639338987517
4898,5267,Mu1Cru,BetCen,0,0.005794822396987593
4905,5054,77EpsUMa,79ZetUMa,19,0.07166300610446083
4910,4932,43DelVir,47EpsVir,6,0.01146109531953461
4910,5107,43DelVir,79ZetVir,3,0.005667015604948344
4915,4932,12Alp2CVn,47EpsVir,0,0.00012705056851891434
4915,5235,12Alp2CVn,8EtaBoo,0,0.00032687989206488244
4915,5429,12Alp2CVn,25RhoBoo,0,0.00033770073643881485
4915,5351,12Alp2CVn,19LamBoo,0,0.0006652133857736427
4915,4983,12Alp2CVn,43BetCom,1,0.0026506798454254796
4915,5191,12Alp2CVn,85EtaUMa,1,0.0033504295181142328
4923,5671,DelMus,GamTrA,0,0.0037754913900156757
4923,5463,DelMus,AlpCir,0,0.0043364255557004835
4932,4968,47EpsVir,42AlpCom,1,0.006346448801419519
4942,5089,Xi2Cen,5089,0,0.002391867566372054
4942,5193,Xi2Cen,MuCen,0,0.0029733945791793497
4942,5231,Xi2Cen,ZetCen,0,0.004924114943821201
4968,4983,42AlpCom,43BetCom,3,0.002632045709409527
4983,5435,43BetCom,27GamBoo,0,0.000297055922916596
4983,5185,43BetCom,4TauBoo,0,0.001253606431672636
5020,5315,46GamHya,98KapVir,0,0.00045260963402205966
5020,5168,46GamHya,1Cen,0,0.0023669376161052284
5020,5287,46GamHya,49PiHya,2,0.005092480071128673
5028,5192,IotCen,2Cen,1,0.008972845231581442
5028,5089,IotCen,5089,1,0.023342182527932197
5028,5168,IotCen,1Cen,1,0.008636515239576896
5035,5463,5035,AlpCir,0,0.0033459889062980677
5035,5132,5035,EpsCen,0,0.00549261492429948
5054,5735,79ZetUMa,13GamUMi,1,0.0005417839465021708
5054,5291,79ZetUMa,11AlpDra,1,0.0044438747517064215
5054,5191,79ZetUMa,85EtaUMa,19,0.04018313400002704
5056,5487,67AlpVir,107MuVir,0,0.0003653450070981554
5056,5287,67AlpVir,49PiHya,0,0.0008869341791557413
5056,5338,67AlpVir,99IotVir,0,0.0015737543860987354
5056,5107,67AlpVir,79ZetVir,4,0.005332535467437044
5056,5531,67AlpVir,9Alp2Lib,1,0.0006618201760612663
5062,5291,80UMa,11AlpDra,0,0.0035069690442315468
5089,5190,5089,NuCen,1,0.019149061665397545
5089,5192,5089,2Cen,1,0.009233545259079356
5107,5788,79ZetVir,13DelSer,0,2.7668275368745394e-05
5107,5685,79ZetVir,27BetLib,0,9.519837660167246e-05
5107,5531,79ZetVir,9Alp2Lib,0,0.00018281342913849073
5107,5477,79ZetVir,30ZetBoo,0,0.00023659226663625262
5107,5340,79ZetVir,16AlpBoo,0,0.00031149626802319893
5107,5235,79ZetVir,8EtaBoo,0,0.000591882294986907
5107,5487,79ZetVir,107MuVir,0,0.0006368838519885856
5107,5511,79ZetVir,109Vir,1,0.0006724243797532051
5107,5200,79ZetVir,5UpsBoo,0,0.0007092768428386674
5107,5264,79ZetVir,93TauVir,2,0.0069963292658639644
5132,5425,EpsCen,SigLup,0,0.004183297367983776
5132,5354,EpsCen,IotLup,0,0.006081449464632949
5132,5267,EpsCen,BetCen,2,0.026431643690907617
5132,5231,EpsCen,ZetCen,2,0.027941749329823143
5132,5459,EpsCen,Alp1Cen,1,0.011671103100299942
5168,5210,1Cen,3Cen,3,0.02845236128533528
5185,5200,4TauBoo,5UpsBoo,2,0.022138926301048013
5185,5235,4TauBoo,8EtaBoo,2,0.020749964600932744
5190,5192,NuCen,2Cen,0,0.00707110504523495
5190,5440,NuCen,EtaCen,0,0.009110661787217526
5190,5193,NuCen,MuCen,3,0.0636665465166246
5190,5288,NuCen,5TheCen,1,0.016140972945733564
5191,5744,85EtaUMa,12IotDra,0,0.0011887762911899581
5192,5210,2Cen,3Cen,2,0.02672680191332766
5192,5288,2Cen,5TheCen,2,0.015875479291616968
5193,5248,MuCen,PhiCen,2,0.03750106817093365
5193,5249,MuCen,Ups1Cen,1,0.02692579829451537
5200,5235,5UpsBoo,8EtaBoo,2,0.022980417980156265
5210,5287,3Cen,49PiHya,0,0.006729903722367391
5231,5249,ZetCen,Ups1Cen,1,0.029058914666360035
5231,5440,ZetCen,EtaCen,2,0.016581384626785902
5235,5435,8EtaBoo,27GamBoo,0,0.00047572968462678233
5235,5340,8EtaBoo,16AlpBoo,4,0.03813889741340253
5235,5477,8EtaBoo,30ZetBoo,2,0.00269054823331454
5248,5440,PhiCen,EtaCen,0,0.01007576863839791
5248,5285,PhiCen,ChiCen,1,0.024723665846855918
5249,5285,Ups1Cen,ChiCen,0,0.014458566207146707
5249,5260,Ups1Cen,Ups2Cen,1,0.03032604822094389
5260,5354,Ups2Cen,IotLup,1,0.017718176625154552
5264,5477,93TauVir,30ZetBoo,0,0.0008259028356969109
5264,5338,93TauVir,99IotVir,1,0.0050744445046285456
5264,5511,93TauVir,109Vir,1,0.002522001492394917
5267,5459,BetCen,Alp1Cen,9,0.21009766543747896
5285,5440,ChiCen,EtaCen,0,0.009405011682605782
5285,5396,ChiCen,Tau2Lup,0,0.00943982259395874
5287,5315,49PiHya,98KapVir,0,0.0007011769754000814
5287,5471,49PiHya,5471,0,0.0017449990931561895
5287,5485,49PiHya,5485,0,0.0026050005909454806
5288,5603,5TheCen,20SigLib,0,0.001357369754866298
5288,5440,5TheCen,EtaCen,3,0.023736687811113995
5291,5404,11AlpDra,23TheBoo,0,0.001948657328207411
5291,5735,11AlpDra,13GamUMi,1,0.005027286366793624
5291,5744,11AlpDra,12IotDra,4,0.004230291738372691
5315,5338,98KapVir,99IotVir,4,0.014580969938441721
5338,5487,99IotVir,107MuVir,2,0.008706079472644299
5339,8630,DelOct,BetOct,1,0.0014148573614076938
5339,5470,DelOct,AlpAps,1,0.012140528434327426
5340,5447,16AlpBoo,28SigBoo,0,0.002034073311836484
5340,5477,16AlpBoo,30ZetBoo,1,0.007144387722904325
5340,5506,16AlpBoo,EpsBoo,2,0.010725226472474354
5351,5435,19LamBoo,27GamBoo,1,0.005458270570778498
5351,5404,19LamBoo,23TheBoo,1,0.009851557357865847
5358,5649,5358,ZetLup,0,0.004418212166527613
5367,5485,PsiCen,5485,0,0.012515614320976955
5367,5378,PsiCen,5378,1,0.023769776117351826
5378,5471,5378,5471,0,0.013121710710489108
5396,5528,Tau2Lup,OmiLup,0,0.011291053894098315
5396,5469,Tau2Lup,AlpLup,1,0.016458532509558355
5404,6023,23TheBoo,11PhiHer,0,0.000410830698379922
5425,5453,SigLup,RhoLup,1,0.026023048664417854
5429,5506,25RhoBoo,EpsBoo,4,0.022821100463481403
5429,5435,25RhoBoo,27GamBoo,4,0.009379044957321921
5429,5447,25RhoBoo,28SigBoo,1,0.028304025982377346
5430,6789,5UMi,23DelUMi,0,0.0018061887290637992
5430,5563,5UMi,7BetUMi,2,0.02409270241052838
5435,5506,27GamBoo,EpsBoo,1,0.00573384265627553
5435,5602,27GamBoo,42BetBoo,5,0.015624125423381966
5440,5576,EtaCen,KapCen,1,0.03194333875660585
5447,5506,28SigBoo,EpsBoo,1,0.014689318179409395
5453,5649,RhoLup,ZetLup,2,0.01055192516862253
5453,5646,RhoLup,Kap1Lup,0,0.011782751664441211
5453,5605,RhoLup,PiLup,0,0.013346301094653654
5453,5469,RhoLup,AlpLup,2,0.028049777961666654
5459,5469,Alp1Cen,AlpLup,0,0.006171658377056541
5459,5649,Alp1Cen,ZetLup,0,0.006660073802622264
5463,5670,AlpCir,BetCir,1,0.007409160108569952
5469,5571,AlpLup,BetLup,2,0.036890866541343756
5469,5605,AlpLup,PiLup,1,0.01831607322655038
5469,5646,AlpLup,Kap1Lup,1,0.017246372819888847
5470,6020,AlpAps,Del1Aps,1,0.014279413039783142
5470,6102,AlpAps,GamAps,1,0.015455673596488313
5471,5603,5471,20SigLib,0,0.0017634232353068973
5471,5485,5471,5485,1,0.024772446884283417
5477,5793,30ZetBoo,5AlpCrB,0,0.00060895375497053
5477,5879,30ZetBoo,35KapSer,0,0.0006929631378667249
5477,5867,30ZetBoo,28BetSer,0,0.0010592209390641167
5477,5506,30ZetBoo,EpsBoo,2,0.001953156773572919
5485,5686,5485,2Lup,0,0.004308966300439096
5487,5511,107MuVir,109Vir,2,0.008162216373279772
5487,5685,107MuVir,27BetLib,1,0.005462060679042022
5506,5788,EpsBoo,13DelSer,0,0.0006398154756132164
5506,5793,EpsBoo,5AlpCrB,1,0.00898267398777578
5511,5881,109Vir,32MuSer,0,0.0009428334317255126
5511,5601,109Vir,110Vir,1,0.013019801451341486
5526,5531,58Hya,9Alp2Lib,0,0.0018596855428900578
5526,5686,58Hya,2Lup,1,0.007384705224796308
5528,5626,OmiLup,LamLup,0,0.01627789375288667
5528,5571,OmiLup,BetLup,1,0.028097441502386074
5531,5953,9Alp2Lib,7DelSco,0,0.0016825275458035877
5531,5603,9Alp2Lib,20SigLib,2,0.0074272797112247164
5531,5685,9Alp2Lib,27BetLib,5,0.013827539731615341
5563,7310,7BetUMi,57DelDra,0,0.0005109146807953102
5563,5735,7BetUMi,13GamUMi,10,0.04572169267312936
5563,5903,7BetUMi,16ZetUMi,6,0.011663882139651763
5570,5881,16Lib,32MuSer,0,0.00130026030586494
5571,5646,BetLup,Kap1Lup,0,0.013846159578001315
5571,5576,BetLup,KapCen,1,0.07378824067581828
5571,5626,BetLup,LamLup,1,0.02362654512780899
5576,5603,KapCen,20SigLib,0,0.0012549450156240478
5601,5881,110Vir,32MuSer,0,0.0014609779823813224
5601,5892,110Vir,37EpsSer,0,0.001749226539084277
5602,6536,42BetBoo,23BetDra,1,6.840089547584136e-05
5602,6418,42BetBoo,67PiHer,0,0.00010636112886948094
5602,6212,42BetBoo,40ZetHer,0,0.00030866127763435876
5602,5744,42BetBoo,12IotDra,0,0.0006382406780344917
5602,5681,42BetBoo,49DelBoo,3,0.010899847076897187
5602,5733,42BetBoo,51Mu1Boo,2,0.011551995189018322
5603,5695,20SigLib,DelLup,0,0.0016398671300550732
5603,5705,20SigLib,Phi1Lup,0,0.0037937055396061545
5603,5812,20SigLib,40TauLib,1,0.006970921158000454
5603,5944,20SigLib,6PiSco,1,0.0038553868985705866
5605,5683,PiLup,MuLup,1,0.022248684343358253
5605,5626,PiLup,LamLup,1,0.029934201192326624
5626,5708,LamLup,EpsLup,1,0.025559914910322275
5646,5649,Kap1Lup,ZetLup,1,0.027233138111745953
5649,6229,ZetLup,EtaAra,0,0.0012965331210981234
5649,6285,ZetLup,ZetAra,0,0.0014274600687423573
5649,5897,ZetLup,BetTrA,0,0.003277811265779881
5649,5670,ZetLup,BetCir,1,0.008755106004543852
5670,6072,BetCir,Gam2Nor,0,0.0020954674728623736
5670,6229,BetCir,EtaAra,0,0.0024411064147523472
5670,5771,BetCir,EpsTrA,0,0.006475015842708771
5670,5897,BetCir,BetTrA,1,0.009361167264418553
5671,6020,GamTrA,Del1Aps,0,0.00290064325353038
5671,5897,GamTrA,BetTrA,2,0.02314186630654477
5681,6092,49DelBoo,22TauHer,0,0.0006232706741865149
5681,6220,49DelBoo,44EtaHer,0,0.0007004327359181429
5681,6212,49DelBoo,40ZetHer,0,0.0007939023260928115
5681,5733,49DelBoo,51Mu1Boo,3,0.014337783340033317
5681,5747,49DelBoo,3BetCrB,1,0.01829214238657113
5683,6072,MuLup,Gam2Nor,0,0.003106023979318952
5685,5787,27BetLib,38GamLib,3,0.009139924708676531
5686,5812,2Lup,40TauLib,1,0.012446542680542187
5695,5944,DelLup,6PiSco,0,0.0014512201038011153
5695,5708,DelLup,EpsLup,1,0.029019849987471275
5695,5705,DelLup,Phi1Lup,2,0.02312747071214202
5695,5776,DelLup,GamLup,3,0.046040953445070795
5705,5883,Phi1Lup,5ChiLup,1,0.010110932754775006
5708,6285,EpsLup,ZetAra,0,0.0007144343482658138
5708,6271,EpsLup,Zet2Sco,0,0.001001854203210547
5733,6220,51Mu1Boo,44EtaHer,0,0.0009152957487363998
5733,6168,51Mu1Boo,35SigHer,0,0.0012174207377558372
5733,6023,51Mu1Boo,11PhiHer,1,0.0024711721605784435
5735,7310,13GamUMi,57DelDra,0,0.0007341646857886873
5735,6636,13GamUMi,31Psi1Dra,0,0.002754495632817892
5735,6396,13GamUMi,22ZetDra,1,0.005382725917526446
5744,6023,12IotDra,11PhiHer,0,0.0008446497825225785
5744,5986,12IotDra,13TheDra,5,0.014868841198523823
5747,6220,3BetCrB,44EtaHer,0,0.0006462074965511465
5747,5793,3BetCrB,5AlpCrB,11,0.03118852375027209
5747,5778,3BetCrB,4TheCrB,10,0.02394322239613119
5776,6271,GamLup,Zet2Sco,1,0.0016254369587633524
5776,5797,GamLup,OmeLup,1,0.026703903919563374
5776,5948,GamLup,EtaLup,2,0.019403872797399715
5778,6220,4TheCrB,44EtaHer,0,0.0007925953558157219
5787,6075,38GamLib,2EpsOph,0,0.001388517151976971
5787,5794,38GamLib,39UpsLib,0,0.0018921918086593924
5787,5908,38GamLib,46TheLib,2,0.013363920646386605
5787,5984,38GamLib,8Bet1Sco,1,0.006017179817420759
5788,6148,13DelSer,27BetHer,0,0.0013730252792783157
5788,5854,13DelSer,24AlpSer,3,0.031167357752439003
5788,5867,13DelSer,28BetSer,3,0.01565964387961144
5793,5849,5AlpCrB,8GamCrB,12,0.03534692432414284
5794,5812,39UpsLib,40TauLib,2,0.042202539752972175
5794,5928,39UpsLib,5RhoSco,1,0.017741702991610726
5797,6072,OmeLup,Gam2Nor,0,0.0028530249332258083
5812,5928,40TauLib,5RhoSco,1,0.02001045224287695
5849,6212,8GamCrB,40ZetHer,0,0.0017609668044904294
5849,5879,8GamCrB,35KapSer,1,0.005885785071551
5849,5947,8GamCrB,13EpsCrB,12,0.019161733170013073
5854,6299,24AlpSer,27KapOph,0,0.0009095992530039803
5854,6148,24AlpSer,27BetHer,0,0.0011628330368115797
5854,5892,24AlpSer,37EpsSer,3,0.032797828616966396
5867,5933,28BetSer,41GamSer,4,0.029941845765272444
5867,5879,28BetSer,35KapSer,3,0.023182453021542447
5868,6149,27LamSer,10LamOph,0,0.0016619350402462462
5881,5977,32MuSer,XiSco,0,0.004974217492722273
5881,5892,32MuSer,37EpsSer,1,0.008557683648215506
5883,6241,5ChiLup,26EpsSco,0,0.0023972456792260835
5883,6165,5ChiLup,23TauSco,0,0.0032711936781145844
5883,5928,5ChiLup,5RhoSco,2,0.01640600352165351
5883,5948,5ChiLup,EtaLup,2,0.014384147461379242
5883,5987,5ChiLup,TheLup,1,0.013595475578882674
5892,6056,37EpsSer,1DelOph,2,0.004996621874510684
5897,6217,BetTrA,AlpTrA,2,0.017029002284016492
5897,6030,BetTrA,DelTrA,1,0.03156195875949987
5903,6636,16ZetUMi,31Psi1Dra,0,0.0037986331943048635
5903,6322,16ZetUMi,22EpsUMi,7,0.011225632981788396
5908,5953,46TheLib,7DelSco,1,0.009711172330245559
5908,5984,46TheLib,8Bet1Sco,1,0.01584251086370533
5928,6143,5RhoSco,6143,0,0.004262797471303582
5928,5987,5RhoSco,TheLup,0,0.005879246987294588
5928,5944,5RhoSco,6PiSco,7,0.024907022119857552
5928,6134,5RhoSco,21AlpSco,2,0.007931712131284477
5933,6281,41GamSer,25IotOph,0,0.000868302430302111
5933,6299,41GamSer,27KapOph,0,0.000970967414536783
5933,6095,41GamSer,20GamHer,2,0.009668355915917401
5944,5948,6PiSco,EtaLup,0,0.00359244640199934
5944,5953,6PiSco,7DelSco,15,0.04761114813828231
5944,6084,6PiSco,20SigSco,7,0.032372132112255
5944,6165,6PiSco,23TauSco,2,0.013677301000847734
5947,6212,13EpsCrB,40ZetHer,1,0.0031184757927941375
5948,6285,EtaLup,ZetAra,0,0.0005077816262414271
5948,6380,EtaLup,EtaSco,0,0.0021028881425742838
5948,6115,EtaLup,EpsNor,0,0.0025989464845664607
5948,6165,EtaLup,23TauSco,0,0.0033095669800587073
5948,5987,EtaLup,TheLup,2,0.025123786615902595
5953,5984,7DelSco,8Bet1Sco,13,0.07159152665674573
5953,5993,7DelSco,9Ome1Sco,1,0.02770433258607323
5984,6075,8Bet1Sco,2EpsOph,0,0.0018569476258673756
5984,6027,8Bet1Sco,14NuSco,3,0.0365225910570277
5984,5993,8Bet1Sco,9Ome1Sco,2,0.04074731222268644
5986,6023,13TheDra,11PhiHer,0,0.0013432402303086243
5986,6555,13TheDra,25Nu2Dra,0,0.001880180360477109
5986,6132,13TheDra,14EtaDra,7,0.018015494162098456
5987,6271,TheLup,Zet2Sco,0,0.00283418573821132
5987,6247,TheLup,Mu1Sco,0,0.004340073034921945
5987,6166,TheLup,6166,0,0.00885923505780392
5993,6084,9Ome1Sco,20SigSco,0,0.011649844768380458
5993,5997,9Ome1Sco,10Ome2Sco,1,0.036850010154801674
5997,6084,10Ome2Sco,20SigSco,0,0.009451374245081481
6020,6102,Del1Aps,GamAps,1,0.036736223962187786
6023,6092,11PhiHer,22TauHer,2,0.022699444305591746
6027,6075,14NuSco,2EpsOph,0,0.0013250265865530446
6027,6118,14NuSco,7ChiOph,0,0.014435285453854526
6030,6582,DelTrA,EtaPav,0,0.0047782566334130016
6030,6229,DelTrA,EtaAra,1,0.011840737193530296
6056,6299,1DelOph,27KapOph,1,0.0013101633226276273
6056,6075,1DelOph,2EpsOph,2,0.06193266034417744
6056,6149,1DelOph,10LamOph,1,0.009834918309572525
6072,6115,Gam2Nor,EpsNor,1,0.017089005671981326
6075,6299,2EpsOph,27KapOph,1,0.0012106013270447907
6075,6175,2EpsOph,13ZetOph,3,0.013494736269975943
6084,6378,20SigSco,35EtaOph,0,0.0025986295370847698
6084,6104,20SigSco,4PsiOph,0,0.008447172015750385
6084,6134,20SigSco,21AlpSco,10,0.06893861228820046
6092,6132,22TauHer,14EtaDra,0,0.0012055687884629659
6092,6588,22TauHer,85IotHer,0,0.0017283688060279138
6092,6168,22TauHer,35SigHer,4,0.013406942902334153
6095,6281,20GamHer,25IotOph,0,0.0019264398705922925
6095,6148,20GamHer,27BetHer,5,0.028080985199307785
6102,6163,GamAps,BetAps,2,0.028836310202556933
6104,6153,4PsiOph,9OmeOph,2,0.018969194788400534
6104,6118,4PsiOph,7ChiOph,1,0.022232616431347982
6118,6147,7ChiOph,8PhiOph,1,0.021556489200443868
6132,6396,14EtaDra,22ZetDra,7,0.01828603452885236
6134,6453,21AlpSco,42TheOph,0,0.004362072639539778
6134,6165,21AlpSco,23TauSco,11,0.06802069023849071
6147,6378,8PhiOph,35EtaOph,2,0.0037888958061700053
6147,6175,8PhiOph,13ZetOph,2,0.008523236079663748
6147,6153,8PhiOph,9OmeOph,2,0.010542566040498105
6148,6324,27BetHer,58EpsHer,0,0.0029154134331907627
6148,6212,27BetHer,40ZetHer,4,0.009003818595197508
6148,6410,27BetHer,65DelHer,1,0.00633592372726943
6149,6629,10LamOph,62GamOph,0,0.00046403590825608033
6153,6445,9OmeOph,40XiOph,0,0.0020623790515868616
6153,6402,9OmeOph,36Oph,0,0.0022064587175544682
6153,6378,9OmeOph,35EtaOph,0,0.002434505087439699
6153,6165,9OmeOph,23TauSco,1,0.006485198386851588
6163,7590,BetAps,EpsPav,0,0.0016368649418895805
6163,6982,BetAps,ZetPav,0,0.0035092114070522213
6165,6241,23TauSco,26EpsSco,8,0.022042814399351296
6168,6220,35SigHer,44EtaHer,4,0.016205209726221827
6175,6629,13ZetOph,62GamOph,0,0.0002426185755072158
6175,6498,13ZetOph,49SigOph,0,0.0003204153627625813
6175,6603,13ZetOph,60BetOph,0,0.0004637076472469125
6175,6299,13ZetOph,27KapOph,0,0.0005281753847914522
6175,6378,13ZetOph,35EtaOph,2,0.013336703681706377
6212,6220,40ZetHer,44EtaHer,1,0.011343287856042135
6212,6324,40ZetHer,58EpsHer,6,0.018889754452148556
6217,7913,AlpTrA,BetPav,0,0.000331792083699175
6217,7590,AlpTrA,EpsPav,0,0.001025675662855258
6220,6418,44EtaHer,67PiHer,3,0.01331656043832268
6229,6285,EtaAra,ZetAra,4,0.02629731059422187
6241,6492,26EpsSco,45Oph,0,0.004189534048002967
6241,6247,26EpsSco,Mu1Sco,12,0.05777262397043918
6247,6271,Mu1Sco,Zet2Sco,7,0.022343717165096238
6247,6380,Mu1Sco,EtaSco,3,0.01637012975927094
6271,6380,Zet2Sco,EtaSco,6,0.028725860448402012
6281,6299,25IotOph,27KapOph,1,0.02774348953588137
6285,6462,ZetAra,GamAra,3,0.032035848272366975
6285,6295,ZetAra,Eps1Ara,2,0.023440438806143785
6295,6380,Eps1Ara,EtaSco,0,0.0037750002187547996
6295,6510,Eps1Ara,AlpAra,1,0.010641622510549755
6299,6498,27KapOph,49SigOph,1,0.004202179533838929
6299,6556,27KapOph,55AlpOph,2,0.008059539851658287
6322,6927,22EpsUMi,44ChiDra,0,0.0030590052537745574
6322,6789,22EpsUMi,23DelUMi,7,0.01182987660182787
6324,6410,58EpsHer,65DelHer,2,0.009412969626868753
6324,6418,58EpsHer,67PiHer,3,0.010074521657734798
6378,6629,35EtaOph,62GamOph,0,0.00034528572258918106
6378,6453,35EtaOph,42TheOph,1,0.007681243630952626
6378,6561,35EtaOph,55XiSer,2,0.013634675218802418
6378,6698,35EtaOph,64NuOph,1,0.0029640057963666627
6380,6546,EtaSco,6546,0,0.007868680968558492
6380,6553,EtaSco,TheSco,9,0.02607051338162714
6396,6705,22ZetDra,33GamDra,0,0.0019411679640953844
6396,6920,22ZetDra,43PhiDra,1,0.004915158532802668
6396,6688,22ZetDra,32XiDra,4,0.004559346617251274
6396,6927,22ZetDra,44ChiDra,3,0.006507141162330782
6396,7310,22ZetDra,57DelDra,1,0.0043236127104878475
6402,6453,36Oph,42TheOph,2,0.02233670642021608
6406,6526,64Alp1Her,76LamHer,0,0.0016866666011269747
6410,6556,65DelHer,55AlpOph,0,0.0035455626732821604
6410,6623,65DelHer,86MuHer,1,0.01147906886451145
6410,6526,65DelHer,76LamHer,3,0.014279376224647406
6418,7001,67PiHer,3AlpLyr,0,0.0016031845466424628
6418,6485,67PiHer,XXX,3,0.028851095884359985
6446,6498,53NuSer,49SigOph,0,0.0005440569190338649
6446,6561,53NuSer,55XiSer,1,0.01171545445876807
6446,6581,53NuSer,56OmiSer,1,0.011088059298171618
6453,6698,42TheOph,64NuOph,0,0.0010067004866421438
6453,6508,42TheOph,34UpsSco,0,0.003841992567580608
6453,6527,42TheOph,35LamSco,0,0.003921866458089358
6453,6486,42TheOph,44Oph,1,0.03175323551828736
6461,7790,BetAra,AlpPav,0,0.00024551254631728577
6461,6462,BetAra,GamAra,2,0.06607927210581882
6461,6510,BetAra,AlpAra,2,0.02605849944355885
6462,7913,GamAra,BetPav,0,0.00014618974738771735
6462,7790,GamAra,AlpPav,0,0.0001838230790299279
6462,6500,GamAra,DelAra,2,0.022203564590975423
6485,6526,XXX,76LamHer,0,0.002261830178148681
6485,6707,XXX,94NuHer,0,0.0029788666500388783
6485,6695,XXX,91TheHer,2,0.008849068684879377
6486,6812,44Oph,13MuSgr,0,0.0025557035672017594
6486,6746,44Oph,10Gam2Sgr,0,0.002979999814537449
6492,6630,45Oph,6630,0,0.004699891002769591
6498,6603,49SigOph,60BetOph,1,0.013337045145258283
6500,6743,DelAra,TheAra,0,0.0034404488361458535
6508,6527,34UpsSco,35LamSco,12,0.11451597473953401
6510,7790,AlpAra,AlpPav,0,0.00015011724979070333
6510,6553,AlpAra,TheSco,2,0.01929105564218855
6510,6743,AlpAra,TheAra,1,0.01586918603960157
6526,6556,76LamHer,55AlpOph,0,0.001225863068129078
6526,6623,76LamHer,86MuHer,4,0.013960404227098561
6527,6580,35LamSco,KapSco,10,0.08563358726505754
6527,6630,35LamSco,6630,1,0.04003873734026522
6527,6546,35LamSco,6546,1,0.026599264191291286
6536,6705,23BetDra,33GamDra,6,0.04407649502352411
6536,6555,23BetDra,25Nu2Dra,5,0.022083723478934215
6546,6580,6546,KapSco,1,0.029506596700761226
6553,6897,TheSco,AlpTel,0,0.006978732716891271
6553,6580,TheSco,KapSco,1,0.05907710624125381
6553,6615,TheSco,Iot1Sco,8,0.043463033896837804
6555,6688,25Nu2Dra,32XiDra,5,0.01931076367714862
6556,7235,55AlpOph,17ZetAql,0,0.0004285404288940124
6556,6895,55AlpOph,109Her,0,0.0013758401760677697
6556,6787,55AlpOph,102Her,0,0.0021133087465226943
6556,6730,55AlpOph,XXX,0,0.002494744551247395
6556,6603,55AlpOph,60BetOph,3,0.015857986784095977
6561,6812,55XiSer,13MuSgr,0,0.00422931972420502
6561,6581,55XiSer,56OmiSer,1,0.020918056403044644
6561,6698,55XiSer,64NuOph,2,0.01030673154626868
6580,6630,KapSco,6630,2,0.04867810403071659
6580,6615,KapSco,Iot1Sco,11,0.0713204291825099
6581,6629,56OmiSer,62GamOph,0,0.0008158218628783655
6582,7590,EtaPav,EpsPav,0,0.0014117777467720096
6582,6745,EtaPav,PiPav,2,0.019497762039608915
6588,7157,85IotHer,13Lyr,0,0.0016361632766296829
6588,6695,85IotHer,91TheHer,2,0.00541096660470664
6588,6705,85IotHer,33GamDra,1,0.012384431258810561
6603,7235,60BetOph,17ZetAql,0,0.0004097326256738665
6603,6698,60BetOph,64NuOph,1,0.0019917825491046503
6603,6629,60BetOph,62GamOph,2,0.03497651115205076
6615,6897,Iot1Sco,AlpTel,0,0.007107231854309284
6615,6630,Iot1Sco,6630,1,0.04132215007995756
6615,6832,Iot1Sco,EtaSgr,1,0.017848528826491836
6623,7235,86MuHer,17ZetAql,1,0.00024388781167837973
6623,6695,86MuHer,91TheHer,0,0.0048317874455579115
6623,6703,86MuHer,92XiHer,2,0.030075420471025804
6623,6779,86MuHer,103OmiHer,2,0.017211339057257052
6629,6714,62GamOph,67Oph,1,0.022925880519198253
6630,6832,6630,EtaSgr,1,0.02244248420559586
6688,7310,32XiDra,57DelDra,1,0.0017923166768987453
6695,6703,91TheHer,92XiHer,1,0.007467102626356807
6695,7001,91TheHer,3AlpLyr,1,0.007201388811572369
6698,7264,64NuOph,41PiSgr,0,0.0004986630144993271
6698,7236,64NuOph,16LamAql,0,0.0009866175519499959
6698,6913,64NuOph,22LamSgr,0,0.0011393408564972472
6698,6723,64NuOph,68Oph,0,0.00221519468531502
6698,6869,64NuOph,58EtaSer,2,0.008993666660177006
6703,6779,92XiHer,103OmiHer,2,0.032693566538717495
6705,7310,33GamDra,57DelDra,0,0.0009469142964533275
6705,7001,33GamDra,3AlpLyr,1,0.004967096521703503
6714,6869,67Oph,58EtaSer,0,0.007265247080018214
6714,6752,67Oph,70Oph,3,0.03537901313103456
6714,6771,67Oph,72Oph,1,0.009214043630612505
6723,6869,68Oph,58EtaSer,1,0.007088750701308101
6723,6752,68Oph,70Oph,3,0.02435270935423517
6730,6787,XXX,102Her,1,0.02386177651150885
6743,7665,TheAra,DelPav,0,0.00024096693684599229
6743,7790,TheAra,AlpPav,0,0.0002985799608252576
6743,6905,TheAra,ZetTel,1,0.017732496583681718
6745,7107,PiPav,KapPav,0,0.007703886243594521
6745,6855,PiPav,XiPav,1,0.01910738381906503
6745,7074,PiPav,LamPav,1,0.010504873664551575
6746,6879,10Gam2Sgr,20EpsSgr,1,0.02658131050554373
6746,6913,10Gam2Sgr,22LamSgr,1,0.018467466843043286
6746,6859,10Gam2Sgr,19DelSgr,5,0.046105264065893194
6752,7141,70Oph,63The1Ser,0,0.0019888460966854
6771,7235,72Oph,17ZetAql,0,0.001490835678580502
6771,7069,72Oph,111Her,0,0.0015059887103534507
6771,7176,72Oph,13EpsAql,0,0.0015195866189648074
6771,7141,72Oph,63The1Ser,0,0.0017668439456356372
6779,7001,103OmiHer,3AlpLyr,0,0.003015474502936787
6779,6872,103OmiHer,1KapLyr,1,0.005600469267729232
6812,6973,13MuSgr,AlpSct,0,0.0017469368403187787
6812,6913,13MuSgr,22LamSgr,3,0.01416639452715532
6832,7790,EtaSgr,AlpPav,0,6.582395117631483e-05
6832,7869,EtaSgr,AlpInd,0,9.416308704687588e-05
6832,7259,EtaSgr,BetCrA,0,0.003220502779689912
6832,6879,EtaSgr,20EpsSgr,6,0.04911889588792114
6832,6897,EtaSgr,AlpTel,1,0.006906763196137287
6855,6905,XiPav,ZetTel,0,0.001691764470480204
6855,7074,XiPav,LamPav,1,0.015891340973086098
6859,7039,19DelSgr,27PhiSgr,0,0.020096519043749674
6859,6879,19DelSgr,20EpsSgr,7,0.04173147129213855
6859,6913,19DelSgr,22LamSgr,5,0.03782486526541738
6869,7235,58EtaSer,17ZetAql,0,0.0005824419425015429
6869,7377,58EtaSer,30DelAql,0,0.0011110117475795244
6869,7141,58EtaSer,63The1Ser,3,0.0029195813407776722
6872,7056,1KapLyr,6Zet1Lyr,0,0.01055127906920263
6879,7348,20EpsSgr,AlpSgr,0,0.0018055304741666986
6879,7039,20EpsSgr,27PhiSgr,0,0.010503005047878756
6879,7226,20EpsSgr,GamCrA,1,0.004518617467441406
6895,7417,109Her,6Bet1Cyg,0,0.0009316366013994029
6897,7790,AlpTel,AlpPav,0,0.00036019140887594796
6897,7337,AlpTel,Bet1Sgr,0,0.0041528088314480936
6897,6905,AlpTel,ZetTel,2,0.020711283616476693
6897,7259,AlpTel,BetCrA,1,0.003484143365807771
6905,7074,ZetTel,LamPav,0,0.0014400865951308696
6913,7039,22LamSgr,27PhiSgr,6,0.031937900310220826
6913,7121,22LamSgr,34SigSgr,1,0.025785807036889135
6920,7352,43PhiDra,60TauDra,1,0.011237091713442502
6927,8974,44ChiDra,35GamCep,0,0.0005632306411084086
6927,7352,44ChiDra,60TauDra,4,0.013028553196705326
6973,7340,AlpSct,44Rho1Sgr,0,0.0012876803096293532
6973,7150,AlpSct,37Xi2Sgr,0,0.0016981254700454314
6973,7063,AlpSct,BetSct,2,0.013403023552978816
6982,7107,ZetPav,KapPav,2,0.012007988235507817
6982,7590,ZetPav,EpsPav,2,0.010781602641856701
7001,7051,3AlpLyr,4Eps1Lyr,3,0.0370053879464423
7001,7056,3AlpLyr,6Zet1Lyr,7,0.028676863349558178
7001,7106,3AlpLyr,10BetLyr,1,0.016634416801135483
7039,7121,27PhiSgr,34SigSgr,6,0.05278136250412923
7051,7615,4Eps1Lyr,21EtaCyg,0,0.0012765940894341637
7051,7328,4Eps1Lyr,1KapCyg,0,0.0013979271989414746
7051,7420,4Eps1Lyr,10Iot2Cyg,0,0.0015442903212470604
7056,7139,6Zet1Lyr,12Del2Lyr,5,0.023748881729374928
7061,7106,110Her,10BetLyr,0,0.001736353395873658
7061,7069,110Her,111Her,1,0.020928102644829798
7063,7141,BetSct,63The1Ser,0,0.004198602051238975
7063,7193,BetSct,12Aql,1,0.01655375285895173
7063,7236,BetSct,16LamAql,1,0.012863636524419715
7074,7343,LamPav,Bet2Sgr,0,0.00044959770943937626
7074,7107,LamPav,KapPav,2,0.010074144432777097
7106,7235,10BetLyr,17ZetAql,0,0.0005316165414336877
7106,7178,10BetLyr,14GamLyr,6,0.04589031226185331
7106,7139,10BetLyr,12Del2Lyr,6,0.01596333265435144
7107,7590,KapPav,EpsPav,0,0.005087728963072927
7121,7217,34SigSgr,39OmiSgr,3,0.016794490139322712
7121,7194,34SigSgr,38ZetSgr,1,0.05322772680311965
7121,7234,34SigSgr,40TauSgr,5,0.039741730892398124
7121,7264,34SigSgr,41PiSgr,1,0.02411254509763885
7139,7314,12Del2Lyr,21TheLyr,0,0.012316388739764495
7141,7429,63The1Ser,38MuAql,0,0.0029611544523949398
7141,7235,63The1Ser,17ZetAql,1,0.004066708627042212
7150,7217,37Xi2Sgr,39OmiSgr,4,0.038308547552228726
7150,7340,37Xi2Sgr,44Rho1Sgr,1,0.010291344794741456
7157,7469,13Lyr,13TheCyg,0,0.0033261915049503056
7157,7298,13Lyr,20EtaLyr,1,0.008486068231953301
7176,7405,13EpsAql,6AlpVul,0,0.0018843399169578522
7176,7479,13EpsAql,5AlpSge,0,0.002993904133677736
7176,7235,13EpsAql,17ZetAql,2,0.030901903815095777
7178,7235,14GamLyr,17ZetAql,0,0.0007841239169341696
7193,7340,12Aql,44Rho1Sgr,0,0.0018754388438123881
7193,7236,12Aql,16LamAql,1,0.0343589412321649
7194,7869,38ZetSgr,AlpInd,0,0.00017581448674850792
7194,7226,38ZetSgr,GamCrA,1,0.006999462560223049
7194,7234,38ZetSgr,40TauSgr,5,0.0454493507428077
7194,7623,38ZetSgr,The1Sgr,1,0.0014013457953460432
7194,7348,38ZetSgr,AlpSgr,1,0.0028192943716369868
7217,7234,39OmiSgr,40TauSgr,0,0.013363314810964373
7217,7264,39OmiSgr,41PiSgr,3,0.04186209137717927
7226,7623,GamCrA,The1Sgr,0,0.002473514217112069
7226,7254,GamCrA,AlpCrA,8,0.032896633462785076
7234,7869,40TauSgr,AlpInd,0,0.00011230818991779827
7235,7536,17ZetAql,7DelSge,0,0.0035497111036894235
7235,7488,17ZetAql,6BetSge,0,0.0036831303796335865
7235,7525,17ZetAql,50GamAql,2,0.00770368557283454
7236,7776,16LamAql,9BetCap,0,0.0004093338112009112
7236,7754,16LamAql,6Alp2Cap,0,0.000549839674754201
7236,7377,16LamAql,30DelAql,2,0.007351748527289745
7254,7623,AlpCrA,The1Sgr,0,0.0027898572196497413
7254,7259,AlpCrA,BetCrA,8,0.031980646425940416
7264,7340,41PiSgr,44Rho1Sgr,2,0.01818264202406445
7298,7528,20EtaLyr,18DelCyg,0,0.0046456426733830535
7298,7314,20EtaLyr,21TheLyr,2,0.0279907215811271
7310,7528,57DelDra,18DelCyg,0,0.0003240862866103266
7310,7740,57DelDra,33Cyg,0,0.00150355415711574
7310,7352,57DelDra,60TauDra,0,0.008545814409861052
7310,7582,57DelDra,63EpsDra,5,0.020204862584737214
7314,7417,21TheLyr,6Bet1Cyg,0,0.0026807667774736395
7328,7420,1KapCyg,10Iot2Cyg,3,0.031034137934127445
7337,7348,Bet1Sgr,AlpSgr,3,0.01887511848243928
7337,7343,Bet1Sgr,Bet2Sgr,1,0.036642390054749875
7340,7936,44Rho1Sgr,16PsiCap,0,0.00023801855521271822
7340,7623,44Rho1Sgr,The1Sgr,0,0.00029751252812894324
7340,7447,44Rho1Sgr,41IotAql,0,0.0005464620767722774
7343,7790,Bet2Sgr,AlpPav,0,0.0008494248477772122
7343,7581,Bet2Sgr,IotSgr,1,0.007851360633168564
7348,8204,AlpSgr,34ZetCap,0,1.882740744504911e-05
7348,7776,AlpSgr,9BetCap,0,3.924289786400156e-05
7348,7581,AlpSgr,IotSgr,2,0.010009022351262938
7352,7582,60TauDra,63EpsDra,4,0.013085372283100916
7377,7429,30DelAql,38MuAql,1,0.01077982485743533
7377,7447,30DelAql,41IotAql,1,0.010309211672509117
7377,7570,30DelAql,55EtaAql,1,0.00918357071518802
7377,7602,30DelAql,60BetAql,1,0.008119743565466105
7417,7796,6Bet1Cyg,37GamCyg,2,0.001924844543858313
7417,7615,6Bet1Cyg,21EtaCyg,4,0.005747782368871655
7420,7469,10Iot2Cyg,13TheCyg,1,0.021906332585146213
7420,7528,10Iot2Cyg,18DelCyg,3,0.009962177608077901
7447,7747,41IotAql,5Alp1Cap,0,0.0008663619002396678
7479,7488,5AlpSge,6BetSge,3,0.03260166860575263
7479,7536,5AlpSge,7DelSge,2,0.02400803191617366
7525,7882,50GamAql,6BetDel,0,0.0024677424258479756
7525,7557,50GamAql,53AlpAql,10,0.0774879641931872
7528,7957,18DelCyg,3EtaCep,0,0.0006842423261987948
7528,7796,18DelCyg,37GamCyg,6,0.014248490926649147
7528,7735,18DelCyg,31Cyg,1,0.02051627232189674
7536,7635,7DelSge,12GamSge,2,0.027926966620949685
7557,8308,53AlpAql,8EpsPeg,0,0.00015253749668337068
7557,7602,53AlpAql,60BetAql,8,0.031465476210897333
7557,7882,53AlpAql,6BetDel,1,0.0026821793333628935
7564,7635,ChiCyg,12GamSge,0,0.0014172507577558094
7570,7754,55EtaAql,6Alp2Cap,0,0.0012736784809258708
7570,7602,55EtaAql,60BetAql,1,0.013748336836416759
7570,7710,55EtaAql,65TheAql,2,0.01518503618538609
7581,7869,IotSgr,AlpInd,0,0.004450535860280465
7581,7623,IotSgr,The1Sgr,2,0.007155432147610452
7582,8974,63EpsDra,35GamCep,0,0.0008763673953195996
7590,7665,EpsPav,DelPav,2,0.00945447739832846
7602,7882,60BetAql,6BetDel,0,0.0022739866579101937
7602,7710,60BetAql,65TheAql,1,0.007854953484384584
7602,7852,60BetAql,2EpsDel,2,0.0034717643418241038
7615,7635,21EtaCyg,12GamSge,0,0.0010943155322948245
7615,7796,21EtaCyg,37GamCyg,5,0.008758004287319144
7615,7806,21EtaCyg,39Cyg,1,0.00724167073197841
7623,7869,The1Sgr,AlpInd,0,0.0011575911360433165
7635,8308,12GamSge,8EpsPeg,0,8.24683339964637e-05
7635,7949,12GamSge,53EpsCyg,0,0.0008418895769275867
7665,7790,DelPav,AlpPav,2,0.006196103230451255
7665,7913,DelPav,BetPav,2,0.027783599444090198
7710,8308,65TheAql,8EpsPeg,0,0.0001523351028095078
7710,8232,65TheAql,22BetAqr,0,0.0005167822351776285
7710,8131,65TheAql,8AlpEqu,0,0.0007145901224851011
7710,7882,65TheAql,6BetDel,0,0.0010031832096254404
7710,7852,65TheAql,2EpsDel,0,0.00175519217524852
7735,7957,31Cyg,3EtaCep,0,0.0014761947146834722
7735,7924,31Cyg,50AlpCyg,1,0.021529114329956224
7740,8335,33Cyg,81Pi2Cyg,0,0.0007798723870384549
7740,8316,33Cyg,MuCep,0,0.0018890945192581983
7747,7776,5Alp1Cap,9BetCap,1,0.022734785207719328
7751,7957,32Cyg,3EtaCep,0,0.0012679541016767364
7754,7776,6Alp2Cap,9BetCap,5,0.038205099944496626
7776,7869,9BetCap,AlpInd,0,2.738628181157394e-05
7776,8353,9BetCap,GamGru,0,5.0016595076301756e-05
7776,8075,9BetCap,23TheCap,4,0.0029671149674313536
7776,7936,9BetCap,16PsiCap,1,0.0022177807926271045
7796,7806,37GamCyg,39Cyg,0,0.004791842960313881
7796,7924,37GamCyg,50AlpCyg,8,0.04144059520647368
7796,7949,37GamCyg,53EpsCyg,6,0.02196259886852737
7806,7834,39Cyg,41Cyg,1,0.020955642249218892
7806,7949,39Cyg,53EpsCyg,1,0.01031158490902037
7834,7948,41Cyg,12Gam2Del,0,0.0012272848411525466
7850,8238,2TheCep,8BetCep,0,0.003931134072825025
7850,7957,2TheCep,3EtaCep,1,0.024638342875654806
7852,7884,2EpsDel,71Aql,0,0.0017320483780349125
7852,7882,2EpsDel,6BetDel,6,0.020510355588815657
7869,7980,AlpInd,18OmeCap,0,0.0002682850490251422
7869,8305,AlpInd,9IotPsA,0,0.0003229158936881546
7869,8425,AlpInd,AlpGru,0,0.002080197927124791
7869,8140,AlpInd,TheInd,1,0.003804465345814189
7882,7906,6BetDel,9AlpDel,11,0.04158859866014768
7884,8131,71Aql,8AlpEqu,1,0.002315415016672745
7906,7949,9AlpDel,53EpsCyg,0,0.0006379719209663582
7906,7928,9AlpDel,11DelDel,11,0.026421422686910025
7913,8181,BetPav,GamPav,2,0.014299287350655035
7924,8650,50AlpCyg,44EtaPeg,0,9.799436114299474e-05
7924,8028,50AlpCyg,58NuCyg,1,0.014873772065794955
7924,8079,50AlpCyg,62XiCyg,1,0.02047160026201512
7924,8465,50AlpCyg,21ZetCep,1,0.00074267826518658
7928,8097,11DelDel,5GamEqu,0,0.00463000094769802
7928,7948,11DelDel,12Gam2Del,11,0.026042132669922412
7936,7980,16PsiCap,18OmeCap,6,0.0265797051823632
7936,8075,16PsiCap,23TheCap,3,0.004414953223125434
7942,7948,52Cyg,12Gam2Del,0,0.0010979255329366933
7942,8173,52Cyg,1Peg,0,0.0013878470059242572
7948,8430,12Gam2Del,24IotPeg,0,0.0002965245102803572
7948,7949,12Gam2Del,53EpsCyg,0,0.000634776002216113
7948,8173,12Gam2Del,1Peg,1,0.00471086200561117
7949,8028,53EpsCyg,58NuCyg,0,0.007953809288374698
7949,8115,53EpsCyg,64ZetCyg,4,0.01664233023312945
7949,8146,53EpsCyg,66UpsCyg,1,0.0069235694865427706
7950,8131,2EpsAqr,8AlpEqu,0,0.0008924309611838283
7950,8278,2EpsAqr,40GamCap,0,0.0015267902035214138
7950,7951,2EpsAqr,3Aqr,2,0.011890445747699678
7950,8232,2EpsAqr,22BetAqr,1,0.003288052393406112
7951,8131,3Aqr,8AlpEqu,0,0.001620454978192151
7951,8232,3Aqr,22BetAqr,1,0.0023685392152372584
7957,8079,3EtaCep,62XiCyg,0,0.0006585151377472855
7957,8162,3EtaCep,5AlpCep,1,0.028451736346731683
7980,8080,18OmeCap,24Cap,3,0.012789977686540206
7986,8425,BetInd,AlpGru,0,0.0012181414840321937
7986,8368,BetInd,DelInd,0,0.003610553129017004
7986,8140,BetInd,TheInd,1,0.008075803138169184
8028,8079,58NuCyg,62XiCyg,1,0.023943603725740968
8028,8130,58NuCyg,65TauCyg,1,0.016450014012165115
8028,8143,58NuCyg,67SigCyg,1,0.014489434257187026
8075,8167,23TheCap,32IotCap,4,0.015159653258051077
8075,8204,23TheCap,34ZetCap,1,0.007988130868443098
8079,8162,62XiCyg,5AlpCep,0,0.0005638664717166157
8079,8252,62XiCyg,73RhoCyg,1,0.012662624238702581
8079,8335,62XiCyg,81Pi2Cyg,1,0.004453688537161036
8079,8465,62XiCyg,21ZetCep,1,0.000766634020438722
8080,8305,24Cap,9IotPsA,0,0.0019267441297377058
8080,8204,24Cap,34ZetCap,2,0.009396486624425812
8097,8173,5GamEqu,1Peg,0,0.002920854222312489
8097,8123,5GamEqu,7DelEqu,2,0.02667135041346515
8115,8684,64ZetCyg,48MuPeg,0,0.000284777492220743
8115,8650,64ZetCyg,44EtaPeg,0,0.0007060368402868185
8115,8146,64ZetCyg,66UpsCyg,1,0.0108989220442811
8115,8309,64ZetCyg,78Mu1Cyg,3,0.006228422161890172
8123,8313,7DelEqu,9Peg,0,0.002595393097681578
8123,8131,7DelEqu,8AlpEqu,2,0.010460079087429172
8130,8762,65TauCyg,1OmiAnd,0,0.0003378091617934652
8130,8650,65TauCyg,44EtaPeg,0,0.00043554072938692097
8130,8585,65TauCyg,7AlpLac,0,0.0006119231862582243
8130,8146,65TauCyg,66UpsCyg,1,0.01616066162959723
8130,8143,65TauCyg,67SigCyg,1,0.029209519233739368
8131,8232,8AlpEqu,22BetAqr,2,0.002975146114637715
8131,8308,8AlpEqu,8EpsPeg,1,0.006451541445095858
8140,8425,TheInd,AlpGru,0,0.002993008478534841
8143,8485,67SigCyg,8485,0,0.002272967821565907
8143,8498,67SigCyg,1Lac,0,0.002334849675735827
8146,8498,66UpsCyg,1Lac,0,0.0017856319053345664
8146,8454,66UpsCyg,29Pi2Peg,0,0.002355052880270131
8146,8309,66UpsCyg,78Mu1Cyg,0,0.004447891726317549
8162,8465,5AlpCep,21ZetCep,1,0.01158458581699896
8162,8238,5AlpCep,8BetCep,3,0.01189591740189228
8162,8316,5AlpCep,MuCep,1,0.013865623279330061
8162,8334,5AlpCep,10NuCep,1,0.016744908808234375
8162,8417,5AlpCep,17XiCep,1,0.01034709343071651
8167,8232,32IotCap,22BetAqr,0,0.00228150987919336
8167,8204,32IotCap,34ZetCap,4,0.009771519405748462
8167,8278,32IotCap,40GamCap,4,0.013858655840845306
8173,8313,1Peg,9Peg,2,0.008931047566830124
8173,8315,1Peg,10KapPeg,1,0.006395448929352856
8181,8254,GamPav,NuOct,0,0.002061346567174011
8204,8728,34ZetCap,24AlpPsA,0,0.0002712935506972392
8204,8628,34ZetCap,18EpsPsA,0,0.0005644504400238459
8204,8431,34ZetCap,14MuPsA,0,0.0010273368278042783
8204,8322,34ZetCap,49DelCap,1,0.008374226728446217
8232,8499,22BetAqr,43TheAqr,0,0.00251834529276973
8232,8414,22BetAqr,34AlpAqr,3,0.008855141474010182
8238,8694,8BetCep,32IotCep,2,0.008347924159171643
8238,8974,8BetCep,35GamCep,3,0.005457814254364487
8252,8485,73RhoCyg,8485,1,0.0032984207554204253
8252,8572,73RhoCyg,5Lac,0,0.003320674612007072
8254,8502,NuOct,AlpTuc,0,0.000768838931786221
8254,8630,NuOct,BetOct,1,0.012935962150260882
8278,8322,40GamCap,49DelCap,5,0.040862048424346986
8305,8431,9IotPsA,14MuPsA,3,0.010019186755263898
8308,8684,8EpsPeg,48MuPeg,0,0.00034117016208905075
8308,8313,8EpsPeg,9Peg,1,0.005953035019198967
8308,8414,8EpsPeg,34AlpAqr,1,0.006090627589159968
8308,8450,8EpsPeg,26ThePeg,3,0.01109689315603266
8309,8315,78Mu1Cyg,10KapPeg,1,0.016308006057503578
8313,8665,9Peg,46XiPeg,0,0.0007262988963067849
8313,8450,9Peg,26ThePeg,0,0.0015739445686594252
8313,8315,9Peg,10KapPeg,0,0.004850058763402063
8315,8430,10KapPeg,24IotPeg,5,0.012760211406084968
8316,8465,MuCep,21ZetCep,2,0.01897629940229221
8316,8334,MuCep,10NuCep,1,0.02224027190865309
8322,8353,49DelCap,GamGru,0,0.0005102735453977412
8322,8518,49DelCap,48GamAqr,0,0.000794917021817696
8322,8418,49DelCap,33IotAqr,1,0.011083512154938748
8322,8698,49DelCap,73LamAqr,1,0.0006454878561722808
8334,8465,10NuCep,21ZetCep,1,0.013553044017485812
8335,8494,81Pi2Cyg,23EpsCep,0,0.00463625777125049
8335,8538,81Pi2Cyg,3BetLac,1,0.007103248355004608
8353,8411,GamGru,LamGru,3,0.015723792331056776
8353,8556,GamGru,Del1Gru,1,0.005246598891290439
8353,8636,GamGru,BetGru,1,0.003959806026041949
8411,8576,LamGru,17BetPsA,0,0.003870086765825605
8411,8556,LamGru,Del1Gru,1,0.008141973330174065
8414,8709,34AlpAqr,76DelAqr,0,0.0006350102975700234
8414,8450,34AlpAqr,26ThePeg,1,0.013568465827645428
8414,8518,34AlpAqr,48GamAqr,4,0.020096059030434297
8417,8571,17XiCep,27DelCep,0,0.007132572953525358
8417,8694,17XiCep,32IotCep,1,0.01142673269430591
8418,8628,33IotAqr,18EpsPsA,0,0.0008636807670561072
8418,8679,33IotAqr,71Tau2Aqr,1,0.0029578353054542646
8418,8499,33IotAqr,43TheAqr,2,0.007809629979969287
8425,8556,AlpGru,Del1Gru,3,0.014334822734726617
8425,8675,AlpGru,EpsGru,1,0.010145728899853363
8425,8560,AlpGru,Del2Gru,1,0.013269354154878682
8430,8665,24IotPeg,46XiPeg,0,0.0007594639048559784
8430,8454,24IotPeg,29Pi2Peg,1,0.005613843723686707
8430,8667,24IotPeg,47LamPeg,2,0.005227214335915628
8431,8576,14MuPsA,17BetPsA,1,0.010032650649575293
8450,8634,26ThePeg,42ZetPeg,2,0.007447082019468866
8454,8498,29Pi2Peg,1Lac,1,0.01227753527179096
8465,8650,21ZetCep,44EtaPeg,0,6.489380959776086e-05
8465,8571,21ZetCep,27DelCep,3,0.03283775633105799
8485,8498,8485,1Lac,1,0.020868960398916375
8494,8538,23EpsCep,3BetLac,1,0.010411524468441907
8498,8762,1Lac,1OmiAnd,1,0.003797867778931174
8498,8650,1Lac,44EtaPeg,1,0.00433093617706077
8499,8518,43TheAqr,48GamAqr,2,0.008677791789999561
8502,8848,AlpTuc,GamTuc,1,0.007169546902717613
8502,8540,AlpTuc,DelTuc,1,0.010424838758232729
8518,8559,48GamAqr,XXX,6,0.03193729967019556
8518,8597,48GamAqr,62EtaAqr,1,0.019680835467841648
8538,8585,3BetLac,7AlpLac,3,0.02033459072777159
8540,9076,DelTuc,EpsTuc,1,0.003068307698207818
8556,8728,Del1Gru,24AlpPsA,0,0.0012023722661118894
8556,8695,Del1Gru,22GamPsA,0,0.0019626453150963694
8556,8576,Del1Gru,17BetPsA,0,0.0024614147070851937
8556,8636,Del1Gru,BetGru,2,0.018136245663910425
8559,8852,XXX,6GamPsc,0,0.002627704486810041
8559,8597,XXX,62EtaAqr,5,0.03260361866365936
8560,8787,Del2Gru,TheGru,0,0.007526897217566814
8560,8636,Del2Gru,BetGru,2,0.017423567006246116
8571,8961,27DelCep,16LamAnd,0,0.0011051562071168477
8571,8694,27DelCep,32IotCep,1,0.007857495192736876
8572,8585,5Lac,7AlpLac,2,0.019882297161063708
8576,8628,17BetPsA,18EpsPsA,1,0.00972499093690664
8576,8695,17BetPsA,22GamPsA,1,0.011568238881462306
8585,8961,7AlpLac,16LamAnd,1,0.0031177956351861645
8597,8834,62EtaAqr,90PhiAqr,0,0.002448260385705964
8597,8698,62EtaAqr,73LamAqr,3,0.005694017007337289
8597,8634,62EtaAqr,42ZetPeg,1,0.0030937308606129085
8628,8728,18EpsPsA,24AlpPsA,2,0.014080197073483791
8628,8789,18EpsPsA,86Aqr,1,0.006491158616676874
8632,8961,11Lac,16LamAnd,0,0.0027259393202096346
8634,8709,42ZetPeg,76DelAqr,0,9.488632037572211e-05
8634,8667,42ZetPeg,47LamPeg,0,0.0021115678097926066
8634,8665,42ZetPeg,46XiPeg,4,0.027151945547688246
8636,8675,BetGru,EpsGru,4,0.0234854917099783
8636,8820,BetGru,IotGru,2,0.01509756902546285
8650,8775,44EtaPeg,53BetPeg,3,0.031479930196491035
8665,8781,46XiPeg,54AlpPeg,3,0.011378844774548967
8667,8781,47LamPeg,54AlpPeg,2,0.004931514360177972
8667,8684,47LamPeg,48MuPeg,4,0.03730646912392749
8675,8747,EpsGru,ZetGru,2,0.02510710247094584
8679,8698,71Tau2Aqr,73LamAqr,3,0.010866017307559822
8679,8709,71Tau2Aqr,76DelAqr,4,0.026174248056002408
8679,8841,71Tau2Aqr,91Psi1Aqr,1,0.005956715811831151
8684,8775,48MuPeg,53BetPeg,4,0.02298851119274591
8695,8787,22GamPsA,TheGru,0,0.0022489470162209923
8695,8720,22GamPsA,23DelPsA,1,0.02891001843884786
8698,8834,73LamAqr,90PhiAqr,2,0.010405250914707169
8698,8841,73LamAqr,91Psi1Aqr,1,0.00960540658805877
8709,8781,76DelAqr,54AlpPeg,0,3.592417322364202e-05
8709,8841,76DelAqr,91Psi1Aqr,0,0.005084456459194814
8709,8812,76DelAqr,88Aqr,3,0.012977960132613518
8709,8858,76DelAqr,93Psi2Aqr,1,0.004188838410085724
8709,8892,76DelAqr,98Aqr,1,0.006929901240456755
8720,8937,23DelPsA,BetScl,0,0.0037658528658850595
8720,8728,23DelPsA,24AlpPsA,2,0.02039329751570351
8728,8820,24AlpPsA,IotGru,0,0.0010272888587101942
8728,8812,24AlpPsA,88Aqr,0,0.007015698984530205
8747,8848,ZetGru,GamTuc,1,0.010257466275799937
8762,8961,1OmiAnd,16LamAnd,1,0.008558223914603027
8775,8965,53BetPeg,17IotAnd,0,0.000617520372805937
8775,8905,53BetPeg,68UpsPeg,2,0.006826356306004546
8775,8781,53BetPeg,54AlpPeg,8,0.006174162385796576
8781,8905,54AlpPeg,68UpsPeg,1,0.0034046008034387893
8787,8820,TheGru,IotGru,2,0.025510577678781596
8789,8863,86Aqr,GamScl,0,0.003521030521694172
8789,8812,86Aqr,88Aqr,1,0.018048700908563295
8812,8892,88Aqr,98Aqr,3,0.022090426071965832
8820,8848,IotGru,GamTuc,0,0.001928504482591436
8834,9089,90PhiAqr,30Psc,1,0.001895517038403154
8834,8984,90PhiAqr,18LamPsc,0,0.0025104190160664375
8834,8841,90PhiAqr,91Psi1Aqr,2,0.019625820232573185
8834,8852,90PhiAqr,6GamPsc,1,0.004068381472765619
8841,8858,91Psi1Aqr,93Psi2Aqr,3,0.03274932256955201
8852,8916,6GamPsc,10ThePsc,3,0.014470850611896133
8858,9089,93Psi2Aqr,30Psc,0,0.002135504587194876
8863,8906,GamScl,99Aqr,0,0.0018232778434654777
8863,8937,GamScl,BetScl,1,0.008119277576140707
8892,8988,98Aqr,105Ome2Aqr,1,0.0055798828573718415
8892,8906,98Aqr,99Aqr,2,0.029661078630674388
8906,8988,99Aqr,105Ome2Aqr,2,0.005591229807788736
8916,8969,10ThePsc,17IotPsc,3,0.018720520724120907
8961,8976,16LamAnd,19KapAnd,1,0.025978148448512095
8965,8976,17IotAnd,19KapAnd,1,0.0301074869783222
8969,8984,17IotPsc,18LamPsc,2,0.012965740552087181
8969,9072,17IotPsc,28OmePsc,3,0.013042945355458187
8988,9089,105Ome2Aqr,30Psc,1,0.00301005522551339
9072,9089,28OmePsc,30Psc,0,0.0014573885718612981
