15,21,21AlpAnd,11BetCas,0,0.00010656239019907543
15,168,21AlpAnd,18AlpCas,0,0.0001804035492188676
15,8961,21AlpAnd,16LamAnd,0,0.0006430740091479956
15,8965,21AlpAnd,17IotAnd,0,0.0009562402138982378
15,39,21AlpAnd,88GamPeg,10,0.00425073341069758
15,165,21AlpAnd,31DelAnd,3,0.01767763401758856
15,8905,21AlpAnd,68UpsPeg,1,0.002622526812081298
15,8775,21AlpAnd,53BetPeg,7,0.0057940404156904554
21,8650,11BetCas,44EtaPeg,0,3.743979250610244e-05
21,8238,11BetCas,8BetCep,0,0.000664890474301424
21,8974,11BetCas,35GamCep,0,0.000906444142935846
21,168,11BetCas,18AlpCas,12,0.06278249074143777
21,130,11BetCas,15KapCas,4,0.015321361915674934
21,153,11BetCas,17ZetCas,1,0.014891010223473396
21,264,11BetCas,27GamCas,8,0.039175900910062164
21,8571,11BetCas,27DelCep,1,0.0028241211941271546
21,8694,11BetCas,32IotCep,1,0.004749461769698339
21,8961,11BetCas,16LamAnd,1,0.0021372802906892007
25,8848,EpsPhe,GamTuc,0,0.0016601331328407027
25,191,EpsPhe,EtaPhe,0,0.0020795849491883098
25,8747,EpsPhe,ZetGru,0,0.002265661189696121
25,100,EpsPhe,KapPhe,2,0.029917000325552428
25,8937,EpsPhe,BetScl,1,0.004146484853807148
39,8709,88GamPeg,76DelAqr,0,1.609567406741743e-05
39,188,88GamPeg,16BetCet,0,4.125832676234436e-05
39,402,88GamPeg,45TheCet,0,6.758136585247143e-05
39,334,88GamPeg,31EtaCet,0,8.618828360293582e-05
39,74,88GamPeg,8IotCet,0,0.0002729047849575367
39,8905,88GamPeg,68UpsPeg,0,0.0013239988479992232
39,8916,88GamPeg,10ThePsc,0,0.0016606998218227406
39,215,88GamPeg,34ZetAnd,0,0.0027174480278549153
39,8969,88GamPeg,17IotPsc,1,0.0028393005180827467
48,8937,7Cet,BetScl,0,0.00028743136367071837
48,8863,7Cet,GamScl,0,0.0005605514362322143
48,8988,7Cet,105Ome2Aqr,2,0.005773102309893448
74,8698,8IotCet,73LamAqr,0,0.00040969266742315675
74,8852,8IotCet,6GamPsc,0,0.000717459885087972
74,8988,8IotCet,105Ome2Aqr,0,0.0035984153326179933
74,188,8IotCet,16BetCet,3,0.007016818918446223
74,334,8IotCet,31EtaCet,1,0.005066094665688583
77,705,ZetTuc,DelHyi,0,0.0014774977180844998
77,98,ZetTuc,BetHyi,0,0.0015036806816512683
77,126,ZetTuc,Bet1Tuc,2,0.019847308708133227
77,9076,ZetTuc,EpsTuc,1,0.016407381274554534
98,4798,BetHyi,AlpMus,0,1.6300582215725294e-05
98,4037,BetHyi,OmeCar,0,1.9898675842991063e-05
98,5671,BetHyi,GamTrA,0,2.4607616577427685e-05
98,6217,BetHyi,AlpTrA,0,6.235654003925578e-05
98,6102,BetHyi,GamAps,0,0.0002119760991326841
98,8540,BetHyi,DelTuc,0,0.0005879648237459393
98,9076,BetHyi,EpsTuc,0,0.0013857056904356421
98,705,BetHyi,DelHyi,1,0.0017859484237746327
98,1208,BetHyi,GamHyi,1,0.0028569098693892194
98,8254,BetHyi,NuOct,1,0.0044411919500745144
99,8892,AlpPhe,98Aqr,0,0.00011499664371121577
99,188,AlpPhe,16BetCet,0,0.0005553998089083083
99,8636,AlpPhe,BetGru,0,0.0020036570185944682
99,100,AlpPhe,KapPhe,2,0.05423690264461414
100,322,KapPhe,BetPhe,2,0.01063764526371454
126,8502,Bet1Tuc,AlpTuc,0,0.001088835297616103
126,8848,Bet1Tuc,GamTuc,1,0.0040079129119417935
130,8819,15KapCas,33PiCep,0,0.0010994043398269667
130,264,15KapCas,27GamCas,3,0.021020231293235568
153,269,17ZetCas,37MuAnd,0,0.0011368049734273048
153,168,17ZetCas,18AlpCas,1,0.03739367987838751
153,464,17ZetCas,51And,1,0.004584006699054437
153,8961,17ZetCas,16LamAnd,1,0.003168545153029076
154,8965,29PiAnd,17IotAnd,0,0.001021189546640069
154,165,29PiAnd,31DelAnd,3,0.020873717694602643
154,269,29PiAnd,37MuAnd,3,0.008868779874880566
154,337,29PiAnd,43BetAnd,1,0.0073140397844418835
163,271,30EpsAnd,38EtaAnd,0,0.0068937220357039265
163,165,30EpsAnd,31DelAnd,1,0.028425716134175296
163,215,30EpsAnd,34ZetAnd,2,0.011046855594956821
165,168,31DelAnd,18AlpCas,0,0.0001457209292622355
165,437,31DelAnd,99EtaPsc,0,0.0005700216608602005
165,337,31DelAnd,43BetAnd,2,0.013588481647104677
168,337,18AlpCas,43BetAnd,0,0.0009239516431198506
168,603,18AlpCas,57Gam1And,0,0.0016296882333135662
168,219,18AlpCas,24EtaCas,4,0.054941266972988324
168,343,18AlpCas,33TheCas,2,0.013999619896311792
188,429,16BetCet,GamPhe,0,0.00012986596630569364
188,8728,16BetCet,24AlpPsA,0,0.00041441668106633747
188,334,16BetCet,31EtaCet,2,0.009704869145951747
188,509,16BetCet,52TauCet,1,0.0028740003333680027
191,338,EtaPhe,ZetPhe,1,0.014227051381180682
215,271,34ZetAnd,38EtaAnd,1,0.02300472721094852
219,603,24EtaCas,57Gam1And,0,0.0006628355897351737
219,264,24EtaCas,27GamCas,3,0.03897921425401019
224,334,63DelPsc,31EtaCet,0,0.0005212282612434812
224,9089,63DelPsc,30Psc,0,0.0006620044339948626
224,271,63DelPsc,38EtaAnd,0,0.0007754891857477894
224,294,63DelPsc,71EpsPsc,3,0.017999773499403755
224,9072,63DelPsc,28OmePsc,1,0.002385293074989137
264,8974,27GamCas,35GamCep,0,0.0010935135280942618
264,403,27GamCas,37DelCas,12,0.06198405262833065
269,8965,37MuAnd,17IotAnd,0,0.0009233623464332938
269,8976,37MuAnd,19KapAnd,0,0.0010733443592192567
269,337,37MuAnd,43BetAnd,4,0.023758358394952696
271,544,38EtaAnd,2AlpTri,0,0.0013118806283764072
280,8937,AlpScl,BetScl,1,0.00040763040129335323
280,509,AlpScl,52TauCet,0,0.0008765523372785357
285,1542,285,9AlpCam,0,0.00020520368764890407
285,7750,285,1KapCep,0,0.0022108095397716247
285,424,285,1AlpUMi,2,0.022146358748526628
294,334,71EpsPsc,31EtaCet,0,0.0006253341861606546
294,437,71EpsPsc,99EtaPsc,1,0.0038016924807374526
294,489,71EpsPsc,106NuPsc,4,0.003636426902488664
322,8675,BetPhe,EpsGru,0,0.0003195647176730938
322,429,BetPhe,GamPhe,2,0.027917532060052642
322,440,BetPhe,DelPhe,1,0.02053281142425254
334,553,31EtaCet,6BetAri,0,2.6528784522676665e-05
334,402,31EtaCet,45TheCet,4,0.030510012146552096
335,8976,42PhiAnd,19KapAnd,0,0.0009376427473814751
335,343,42PhiAnd,33TheCas,0,0.005758584332653932
337,603,43BetAnd,57Gam1And,2,0.010622503955942999
337,622,43BetAnd,4BetTri,1,0.006115553344463853
338,8848,ZetPhe,GamTuc,0,0.0011800953394903138
338,566,ZetPhe,ChiEri,0,0.007243040748637415
338,440,ZetPhe,DelPhe,1,0.01051928304782396
338,472,ZetPhe,AlpEri,1,0.016926079949346483
343,403,33TheCas,37DelCas,1,0.011067515944459476
402,437,45TheCet,99EtaPsc,0,0.00024402036310336182
402,489,45TheCet,106NuPsc,0,0.001244211054827476
402,595,45TheCet,113AlpPsc,1,0.0016739826513093305
402,539,45TheCet,55ZetCet,3,0.012379220782887555
403,603,37DelCas,57Gam1And,0,0.001421841669888573
403,542,37DelCas,45EpsCas,11,0.027549037493495142
424,2077,1AlpUMi,33DelAur,0,1.070995533094273e-05
424,3323,1AlpUMi,1OmiUMa,0,6.80336661642888e-05
424,3757,1AlpUMi,23UMa,0,9.29497079346163e-05
424,4301,1AlpUMi,50AlpUMa,0,0.00025118255678211235
424,4434,1AlpUMi,1LamDra,0,0.0003597544039738911
424,4787,1AlpUMi,5KapDra,0,0.0003853043199640742
424,7310,1AlpUMi,57DelDra,0,0.000413972797923388
424,8238,1AlpUMi,8BetCep,0,0.0007904921514764429
424,6789,1AlpUMi,23DelUMi,7,0.016217537620574242
429,509,GamPhe,52TauCet,0,9.687337153744574e-05
429,841,GamPhe,BetFor,0,0.00037302267718242963
429,794,GamPhe,IotEri,0,0.001780434293518201
437,510,99EtaPsc,110OmiPsc,5,0.008292809038126518
440,555,DelPhe,PsiPhe,1,0.013347944029432375
440,566,DelPhe,ChiEri,1,0.018118381778751014
458,622,50UpsAnd,4BetTri,0,0.00573667440878728
458,464,50UpsAnd,51And,2,0.008469346343808267
458,603,50UpsAnd,57Gam1And,1,0.015372901512883036
464,834,51And,15EtaPer,0,0.002455578930536916
464,496,51And,PhiPer,2,0.030131578071320612
464,603,51And,57Gam1And,1,0.011790701987795337
472,8675,AlpEri,EpsGru,0,0.00017864522657444834
472,8502,AlpEri,AlpTuc,0,0.00019806989312522305
472,566,AlpEri,ChiEri,1,0.01207948227206408
489,510,106NuPsc,110OmiPsc,3,0.015099894500858095
489,595,106NuPsc,113AlpPsc,4,0.009008323112016783
496,834,PhiPer,15EtaPer,0,0.0032365611582692464
496,799,PhiPer,13ThePer,1,0.004551960717088203
509,1231,52TauCet,34GamEri,0,2.1137628160433975e-05
509,539,52TauCet,55ZetCet,3,0.015460611912023995
509,585,52TauCet,59UpsCet,1,0.01131704657620392
510,546,110OmiPsc,5Gam2Ari,0,0.003313737727989148
510,595,110OmiPsc,113AlpPsc,1,0.006522313798057066
539,874,55ZetCet,3EtaEri,0,0.0010072823773884351
539,811,55ZetCet,89PiCet,1,0.0015291630382413548
539,681,55ZetCet,68OmiCet,1,0.0051495828807458415
542,3323,45EpsCas,1OmiUMa,0,2.7986289365295473e-06
542,1708,45EpsCas,13AlpAur,0,2.4790637135096223e-05
542,1155,45EpsCas,1155,0,0.0018171147061105388
542,1035,45EpsCas,1035,1,0.002647822275880057
542,834,45EpsCas,15EtaPer,1,0.005072739359955632
542,915,45EpsCas,23GamPer,1,0.003059966200903952
544,622,2AlpTri,4BetTri,4,0.01764156232278968
544,617,2AlpTri,13AlpAri,2,0.0159081019765688
546,813,5Gam2Ari,87MuCet,0,0.0009390349013055347
546,718,5Gam2Ari,73Xi2Cet,0,0.0014071613114583264
546,649,5Gam2Ari,65Xi1Cet,0,0.002283123096656844
546,553,5Gam2Ari,6BetAri,8,0.03565244929661219
553,595,6BetAri,113AlpPsc,0,0.0005913614682159223
553,617,6BetAri,13AlpAri,9,0.05752074346381797
555,794,PsiPhe,IotEri,0,0.002850618202817125
566,674,ChiEri,PhiEri,2,0.025698814563828776
580,2077,50Cas,33DelAur,0,3.087306061933374e-05
580,8694,50Cas,32IotCep,0,0.0007044645735624318
580,8819,50Cas,33PiCep,0,0.001952857143809029
585,897,59UpsCet,The1Eri,0,0.0001786695085659268
585,874,59UpsCet,3EtaEri,0,0.0005451262544490602
585,963,59UpsCet,AlpFor,0,0.0005833760506576829
585,919,59UpsCet,11Tau3Eri,0,0.0013010099575328992
585,818,59UpsCet,1Tau1Eri,0,0.002470943049540167
591,8502,AlpHyi,AlpTuc,0,0.00015580724284847573
591,897,AlpHyi,The1Eri,0,0.00032609533906400825
591,705,AlpHyi,DelHyi,1,0.005391243787484088
591,1208,AlpHyi,GamHyi,1,0.0011581550126764162
591,1175,AlpHyi,BetRet,1,0.0019411757318167707
595,779,113AlpPsc,82DelCet,1,0.004290258222636859
603,854,57Gam1And,18TauPer,0,0.001963396779734823
603,941,57Gam1And,27KapPer,0,0.003049740721507744
603,622,57Gam1And,4BetTri,2,0.018584154396231716
603,840,57Gam1And,16Per,1,0.0041679044811386914
603,799,57Gam1And,13ThePer,1,0.00435106165745441
617,804,13AlpAri,86GamCet,0,0.00031169894535391034
617,1165,13AlpAri,25EtaTau,0,0.00037291753003192184
617,921,13AlpAri,25RhoPer,0,0.0005599358890356048
617,813,13AlpAri,87MuCet,0,0.0007523341209559235
617,664,13AlpAri,9GamTri,0,0.003713175260432382
617,838,13AlpAri,41Ari,5,0.005031451846541558
622,838,4BetTri,41Ari,0,0.004026794764833405
622,664,4BetTri,9GamTri,5,0.03423287936003622
649,718,65Xi1Cet,73Xi2Cet,3,0.015003939575062741
664,840,9GamTri,16Per,1,0.005959133989541978
674,897,PhiEri,The1Eri,0,0.002206311103511101
674,721,PhiEri,KapEri,2,0.012612799192222954
681,1231,68OmiCet,34GamEri,0,9.061575746321776e-05
681,779,68OmiCet,82DelCet,1,0.010631535927404194
681,811,68OmiCet,89PiCet,1,0.0019156619144968332
705,806,DelHyi,EpsHyi,2,0.022387732634422536
718,804,73Xi2Cet,86GamCet,4,0.00818315520987089
718,813,73Xi2Cet,87MuCet,4,0.013372921559095098
721,897,KapEri,The1Eri,1,0.0034916612346059086
721,794,KapEri,IotEri,1,0.0048508020620833345
779,874,82DelCet,3EtaEri,0,0.003727718620397533
779,804,82DelCet,86GamCet,4,0.02229702920186051
794,897,IotEri,The1Eri,1,0.017151299484493485
799,840,13ThePer,16Per,0,0.002845688438200003
799,854,13ThePer,18TauPer,1,0.018610788955833298
799,941,13ThePer,27KapPer,1,0.010334250184510257
804,887,86GamCet,48EpsAri,0,0.0005200028995690787
804,911,86GamCet,92AlpCet,4,0.022732976115104057
806,1208,EpsHyi,GamHyi,1,0.00436417369860723
811,818,89PiCet,1Tau1Eri,1,0.011353725622519843
811,874,89PiCet,3EtaEri,1,0.010050776967496932
813,951,87MuCet,57DelAri,0,0.002023098321299117
813,1066,87MuCet,5Tau,0,0.002157514088580285
818,919,1Tau1Eri,11Tau3Eri,3,0.0070851691795150865
834,2077,15EtaPer,33DelAur,0,8.06866083897248e-05
834,915,15EtaPer,23GamPer,4,0.02911992256632787
838,1131,41Ari,38OmiPer,0,0.0022660000167017955
838,1142,41Ari,17Tau,0,0.002481700524896164
838,887,41Ari,48EpsAri,1,0.011358087120051801
840,999,16Per,999,0,0.002117571318706985
840,921,16Per,25RhoPer,4,0.02031391953316696
840,936,16Per,26BetPer,1,0.014311206452139643
841,963,BetFor,AlpFor,1,0.007111420841901455
854,915,18TauPer,23GamPer,1,0.03554748835594777
854,937,18TauPer,IotPer,2,0.01934466223888631
868,1336,868,AlpRet,0,0.0005677764114574439
868,1355,868,EpsRet,0,0.000583412181770409
868,1175,868,BetRet,0,0.0006335795465478269
868,1326,868,AlpHor,0,0.0007019817285499053
868,1338,868,GamDor,0,0.0011320656946459363
874,1101,3EtaEri,10Tau,0,0.0012548646935690282
874,1084,3EtaEri,18EpsEri,2,0.005444278869710263
887,1030,48EpsAri,1OmiTau,0,0.0017105373862273455
887,1038,48EpsAri,2XiTau,0,0.0018693944309127208
887,951,48EpsAri,57DelAri,2,0.01670857926901108
897,1654,The1Eri,2EpsLep,0,2.0580536138499586e-05
897,1956,The1Eri,AlpCol,0,2.4139606086764714e-05
897,1231,The1Eri,34GamEri,0,5.0686476550271116e-05
897,1190,The1Eri,XXX,1,0.0025474317857270483
897,1008,The1Eri,1008,1,0.00954225733688762
911,1165,92AlpCet,25EtaTau,0,0.00035446362523193183
911,1231,92AlpCet,34GamEri,0,0.0003841049446414325
911,1251,92AlpCet,38NuTau,0,0.001090198241100681
915,2077,23GamPer,33DelAur,0,0.00010836182717255915
915,936,23GamPer,26BetPer,0,0.004949205302864319
915,1035,23GamPer,1035,1,0.00740683348433737
915,1017,23GamPer,33AlpPer,5,0.03534963607783226
919,963,11Tau3Eri,AlpFor,1,0.01024959041563147
919,1003,11Tau3Eri,16Tau4Eri,3,0.015191406339939026
921,999,25RhoPer,999,0,0.002498424286270241
921,1135,25RhoPer,41NuPer,0,0.006967448118511858
921,936,25RhoPer,26BetPer,4,0.045405810479147546
936,941,26BetPer,27KapPer,3,0.022077339280515473
936,1220,26BetPer,45EpsPer,2,0.010532961642292709
936,1122,26BetPer,39DelPer,4,0.009961427364047376
937,1052,IotPer,35SigPer,0,0.01482197097176689
937,941,IotPer,27KapPer,2,0.015031693380026244
937,1017,IotPer,33AlpPer,1,0.026709705594248193
941,1017,27KapPer,33AlpPer,1,0.014232858462816871
999,1145,999,19Tau,0,0.005330489545611079
1003,1464,16Tau4Eri,52Ups2Eri,0,0.00038046223703334513
1003,1347,16Tau4Eri,41Ups4Eri,0,0.0006362120127153135
1003,1162,16Tau4Eri,26PiEri,0,0.0017891568133057427
1003,1084,16Tau4Eri,18EpsEri,1,0.0022798789596331164
1003,1088,16Tau4Eri,19Tau5Eri,3,0.016259267480038975
1008,1338,1008,GamDor,0,0.001261453569308627
1008,1190,1008,XXX,1,0.004472128896766264
1017,1035,33AlpPer,1035,0,0.0035720321648879468
1017,1122,33AlpPer,39DelPer,4,0.042416568185238535
1017,1052,33AlpPer,35SigPer,1,0.022502835777046655
1017,1087,33AlpPer,37PsiPer,1,0.022184623989048302
1017,1261,33AlpPer,47LamPer,1,0.00732699276805251
1030,1038,1OmiTau,2XiTau,1,0.04783817710526604
1035,1568,1035,7Cam,0,0.0012428128257648433
1035,1603,1035,10BetCam,0,0.0023470852026248627
1035,1261,1035,47LamPer,0,0.0027219860293909853
1038,1142,2XiTau,17Tau,0,0.0013312933599887698
1038,1066,2XiTau,5Tau,1,0.019610600499216476
1052,1135,35SigPer,41NuPer,0,0.008387285702053096
1052,1087,35SigPer,37PsiPer,1,0.029602507083374308
1066,1256,5Tau,37Tau,0,0.0016624010008092272
1066,1156,5Tau,23Tau,0,0.0022194494493913215
1084,1251,18EpsEri,38NuTau,0,0.0006566038850110777
1084,1136,18EpsEri,23DelEri,2,0.028768580478110522
1087,1261,37PsiPer,47LamPer,0,0.010343655412615395
1087,1122,37PsiPer,39DelPer,2,0.031486627704311446
1088,1162,19Tau5Eri,26PiEri,0,0.0026426520719375498
1088,1173,19Tau5Eri,27Tau6Eri,3,0.015573353239979559
1122,2077,39DelPer,33DelAur,0,0.00022806281444383004
1122,1605,39DelPer,7EpsAur,0,0.0027652891111597266
1122,1220,39DelPer,45EpsPer,3,0.012495299880267947
1122,1273,39DelPer,48Per,2,0.015722914059534406
1131,1149,38OmiPer,20Tau,0,0.0072290478183189445
1131,1203,38OmiPer,44ZetPer,4,0.03354163325375558
1135,1220,41NuPer,45EpsPer,1,0.023384632091553132
1136,1251,23DelEri,38NuTau,0,0.0007851202423346615
1136,1463,23DelEri,48NuEri,1,0.001193993194133139
1136,1162,23DelEri,26PiEri,1,0.01806076820510594
1142,1156,17Tau,23Tau,22,0.03727223014589464
1142,1145,17Tau,19Tau,8,0.03413509768444062
1142,1149,17Tau,20Tau,13,0.047452073936642136
1145,1149,19Tau,20Tau,10,0.03645778578008624
1156,1178,23Tau,27Tau,2,0.03460171923424864
1156,1165,23Tau,25EtaTau,20,0.037751801034406174
1162,1231,26PiEri,34GamEri,1,0.014473102344523871
1165,1178,25EtaTau,27Tau,20,0.06916259854982452
1165,1239,25EtaTau,35LamTau,1,0.0033456200357951634
1173,1496,27Tau6Eri,54Eri,0,0.0012392212553435898
1173,1464,27Tau6Eri,52Ups2Eri,0,0.001280600358683273
1173,1195,27Tau6Eri,1195,0,0.0013687563791315509
1173,1347,27Tau6Eri,41Ups4Eri,2,0.0014820271044423655
1175,1336,BetRet,AlpRet,1,0.0143238874870527
1178,1577,27Tau,3IotAur,0,0.0009068330218353815
1178,1412,27Tau,78The2Tau,0,0.0032852327941708098
1178,1373,27Tau,61Del1Tau,2,0.00428214302292133
1190,1195,XXX,1195,2,0.02228971930325065
1195,1347,1195,41Ups4Eri,2,0.0067356696535431325
1203,1392,44ZetPer,69UpsTau,0,0.0020678333539148443
1203,1220,44ZetPer,45EpsPer,1,0.014674070422572497
1203,1228,44ZetPer,46XiPer,4,0.01749621810257745
1208,5470,GamHyi,AlpAps,0,4.922850382870601e-05
1208,4037,GamHyi,OmeCar,0,6.838538689887072e-05
1208,3685,GamHyi,BetCar,0,0.00015674539276975326
1208,2550,GamHyi,AlpPic,0,0.0003762807072003173
1208,3340,GamHyi,TheCha,0,0.00046595375377919007
1208,1922,GamHyi,BetDor,0,0.0009536644210395457
1208,2736,GamHyi,Gam2Vol,0,0.0009918172511419404
1208,2015,GamHyi,DelDor,0,0.0010448929108493824
1220,1612,45EpsPer,8ZetAur,0,0.002623106269183396
1220,1641,45EpsPer,10EtaAur,1,0.0033561205514970765
1220,1577,45EpsPer,3IotAur,0,0.0034672000884492797
1220,1228,45EpsPer,46XiPer,4,0.016443966679401446
1228,1577,46XiPer,3IotAur,0,0.00210533615483095
1228,1454,46XiPer,58Per,0,0.0038943373249049782
1231,1239,34GamEri,35LamTau,0,9.982977909115567e-05
1231,1543,34GamEri,1Pi3Ori,0,0.00018492046318321564
1231,1464,34GamEri,52Ups2Eri,0,0.00037298201147584745
1231,1713,34GamEri,19BetOri,0,0.0006980065204249409
1231,1702,34GamEri,5MuLep,0,0.0007072434799735918
1231,1666,34GamEri,67BetEri,0,0.0007623863870799732
1239,1346,35LamTau,54GamTau,3,0.014598341889053653
1251,1298,38NuTau,38Omi1Eri,0,0.0016498093333548452
1251,1552,38NuTau,3Pi4Ori,0,0.0023477922791655856
1256,1373,37Tau,61Del1Tau,1,0.007348683891925882
1261,1303,47LamPer,51MuPer,2,0.02212853072180725
1273,1454,48Per,58Per,0,0.005232765077477408
1273,1303,48Per,51MuPer,2,0.03225538583307825
1298,1463,38Omi1Eri,48NuEri,1,0.007277735432346936
1303,1568,51MuPer,7Cam,0,0.004127898129059031
1320,1463,49MuTau,48NuEri,0,0.001255332344835091
1325,1560,40Omi2Eri,61OmeEri,0,0.0027477682766778406
1326,2120,AlpHor,EtaCol,0,0.000278743347530294
1326,2020,AlpHor,BetPic,0,0.0004188271424271636
1326,1862,AlpHor,EpsCol,0,0.0006100715661098332
1336,2550,AlpRet,AlpPic,0,0.0006320654708157534
1336,1355,AlpRet,EpsRet,1,0.011297470751346576
1338,1465,GamDor,AlpDor,2,0.009411877212904119
1346,1543,54GamTau,1Pi3Ori,0,0.0034468136045040947
1346,1458,54GamTau,88Tau,0,0.007070283076134524
1346,1373,54GamTau,61Del1Tau,23,0.03261610839218833
1346,1412,54GamTau,78The2Tau,20,0.03463249493515102
1346,1394,54GamTau,71Tau,1,0.02126904968210966
1347,1393,41Ups4Eri,43Eri,3,0.028171460690750563
1373,1409,61Del1Tau,74EpsTau,19,0.03203342367350464
1373,1389,61Del1Tau,68Del3Tau,4,0.030550664060762723
1387,1791,65Kap1Tau,112BetTau,0,0.0011381192719830482
1387,1577,65Kap1Tau,3IotAur,0,0.0019727462008283887
1389,1457,68Del3Tau,87AlpTau,0,0.017808894190397568
1389,1409,68Del3Tau,74EpsTau,4,0.025427195692702537
1392,1577,69UpsTau,3IotAur,0,0.001670853129151013
1393,1862,43Eri,EpsCol,0,0.0011186729600405245
1393,1464,43Eri,52Ups2Eri,3,0.012867226949860715
1394,1458,71Tau,88Tau,0,0.0071658083536966675
1394,1412,71Tau,78The2Tau,1,0.026950432218978294
1409,1910,74EpsTau,123ZetTau,0,0.0010737753881499667
1409,1791,74EpsTau,112BetTau,0,0.0011310042724839721
1409,1497,74EpsTau,94TauTau,1,0.01117875897648387
1412,1457,78The2Tau,87AlpTau,21,0.0673690361613097
1457,1879,87AlpTau,39LamOri,1,0.001279592937889108
1457,1577,87AlpTau,3IotAur,0,0.0015968596024791607
1457,1543,87AlpTau,1Pi3Ori,1,0.006570915467905278
1457,1910,87AlpTau,123ZetTau,1,0.0019756988245526194
1458,1473,88Tau,90Tau,1,0.020074770375262938
1463,1520,48NuEri,57MuEri,1,0.02354641090771122
1464,1481,52Ups2Eri,53Eri,0,0.0007551121468936748
1464,1654,52Ups2Eri,2EpsLep,1,0.0030357852614103817
1464,1862,52Ups2Eri,EpsCol,1,0.0016563797354097677
1465,1956,AlpDor,AlpCol,0,0.00014988737754765706
1465,2040,AlpDor,BetCol,0,0.00016545745974513046
1465,1922,AlpDor,BetDor,2,0.002836304457737302
1473,1544,90Tau,2Pi2Ori,0,0.010632396141603198
1481,1560,53Eri,61OmeEri,0,0.002898757660226174
1481,1679,53Eri,69LamEri,1,0.0033068688478898817
1481,1696,53Eri,3IotLep,0,0.0034641313108518365
1481,1705,53Eri,4KapLep,0,0.003722162137453125
1497,1910,94TauTau,123ZetTau,0,0.0014509053627553932
1497,1845,94TauTau,119Tau,0,0.0015323956047344205
1497,1791,94TauTau,112BetTau,1,0.0021241668450624547
1502,2020,AlpCae,BetPic,0,0.0006397386045405889
1520,1601,57MuEri,10Pi6Ori,0,0.006745614377117406
1520,1560,57MuEri,61OmeEri,2,0.015513940987485129
1542,3751,9AlpCam,3751,0,0.000183969502901649
1542,2238,9AlpCam,2Lyn,0,0.001709943205282377
1543,1788,1Pi3Ori,28EtaOri,0,0.0028381323944815184
1543,1544,1Pi3Ori,2Pi2Ori,4,0.021322045455463238
1543,1552,1Pi3Ori,3Pi4Ori,7,0.04036417189880933
1544,1790,2Pi2Ori,24GamOri,0,0.003560613460453595
1544,1580,2Pi2Ori,9Omi2Ori,2,0.010163088802689041
1552,1698,3Pi4Ori,17RhoOri,0,0.006591609490978505
1552,1567,3Pi4Ori,8Pi5Ori,5,0.02347365346966196
1552,1790,3Pi4Ori,24GamOri,2,0.0065944597985697516
1560,1666,61OmeEri,67BetEri,1,0.01218521575728853
1567,1852,8Pi5Ori,34DelOri,0,0.00448212161734407
1567,1788,8Pi5Ori,28EtaOri,0,0.00555122076493396
1567,1790,8Pi5Ori,24GamOri,1,0.006034666129610987
1567,1601,8Pi5Ori,10Pi6Ori,2,0.02166725065023578
1567,1666,8Pi5Ori,67BetEri,2,0.006594240134377589
1568,2077,7Cam,33DelAur,1,0.0036587554012437393
1577,2012,3IotAur,32NuAur,0,0.0020460677074539474
1577,1641,3IotAur,10EtaAur,1,0.010836003412774693
1577,1791,3IotAur,112BetTau,4,0.017714350730087154
1577,1612,3IotAur,8ZetAur,2,0.007517835978347944
1580,1845,9Omi2Ori,119Tau,0,0.002623595539031058
1580,1790,9Omi2Ori,24GamOri,1,0.0032634329533168236
1580,1879,9Omi2Ori,39LamOri,1,0.0031319981922105994
1601,1666,10Pi6Ori,67BetEri,0,0.004866967502264271
1601,1765,10Pi6Ori,22Ori,0,0.006275276047555713
1605,1641,7EpsAur,10EtaAur,2,0.04660098602812801
1605,1708,7EpsAur,13AlpAur,1,0.044832497925074
1612,1641,8ZetAur,10EtaAur,3,0.04898203602231038
1641,1708,10EtaAur,13AlpAur,1,0.02542253249026919
1641,2012,10EtaAur,32NuAur,1,0.005325046728977141
1654,1702,2EpsLep,5MuLep,1,0.013892602228186422
1654,1829,2EpsLep,9BetLep,3,0.01750916428585062
1666,1679,67BetEri,69LamEri,2,0.013884118991977133
1666,1713,67BetEri,19BetOri,3,0.04414306420986089
1666,1735,67BetEri,20TauOri,1,0.027025780163450704
1666,1788,67BetEri,28EtaOri,2,0.01932907522114586
1696,1713,3IotLep,19BetOri,2,0.011910590282296135
1696,1705,3IotLep,4KapLep,5,0.02192557551997679
1702,1865,5MuLep,11AlpLep,3,0.019346233574098485
1702,1705,5MuLep,4KapLep,3,0.01371473722434129
1705,1756,4KapLep,6LamLep,4,0.02067771894175718
1708,2088,13AlpAur,34BetAur,5,0.03544018336478699
1713,1998,19BetOri,14ZetLep,0,0.004379734105043813
1713,1784,19BetOri,29Ori,3,0.021334682097355492
1713,1788,19BetOri,28EtaOri,2,0.014037386891464856
1713,2004,19BetOri,53KapOri,8,0.02189413980722596
1735,1897,20TauOri,43The2Ori,0,0.010066626714019098
1735,1892,20TauOri,42Ori,0,0.011292841106922595
1735,1899,20TauOri,44IotOri,0,0.018432950399319428
1735,1784,20TauOri,29Ori,1,0.024363669428587476
1756,2004,6LamLep,53KapOri,0,0.004673010443334172
1784,2004,29Ori,53KapOri,2,0.007911942194054184
1784,1887,29Ori,1887,1,0.013992959954621019
1788,1852,28EtaOri,34DelOri,6,0.033271807123969994
1790,1876,24GamOri,37Phi1Ori,1,0.011402764145836082
1790,1879,24GamOri,39LamOri,5,0.022149850230125157
1790,1852,24GamOri,34DelOri,11,0.028898550191726876
1790,2061,24GamOri,58AlpOri,6,0.03667939778632011
1791,2219,112BetTau,44KapAur,0,0.00237371828975426
1791,2134,112BetTau,1Gem,0,0.003279299103333816
1791,1910,112BetTau,123ZetTau,2,0.01347008466882351
1791,2095,112BetTau,37TheAur,3,0.007997456755204526
1829,2282,9BetLep,1ZetCMa,0,0.0017695576841572816
1829,1956,9BetLep,AlpCol,0,0.0029335204712848486
1829,1865,9BetLep,11AlpLep,4,0.04266410307703781
1829,1983,9BetLep,13GamLep,4,0.01937442798405553
1839,2061,32Ori,58AlpOri,0,0.00746443154842256
1839,1852,32Ori,34DelOri,1,0.007734042426224349
1845,2159,119Tau,67NuOri,0,0.0030365522519814384
1852,2061,34DelOri,58AlpOri,2,0.01393511258708858
1852,1903,34DelOri,46EpsOri,33,0.11356266753872563
1862,1956,EpsCol,AlpCol,4,0.02264013406673762
1865,2294,11AlpLep,2BetCMa,0,0.005404026761911367
1865,1998,11AlpLep,14ZetLep,2,0.01760275907637773
1876,1879,37Phi1Ori,39LamOri,4,0.02818808378144453
1876,1907,37Phi1Ori,40Phi2Ori,4,0.02740616717263414
1879,1907,39LamOri,40Phi2Ori,2,0.03292863757423394
1879,2061,39LamOri,58AlpOri,4,0.016742505304459098
1887,2004,1887,53KapOri,1,0.009506795548299963
1887,1897,1887,43The2Ori,1,0.027778469984605373
1892,1897,42Ori,43The2Ori,5,0.028793897954815025
1892,1931,42Ori,48SigOri,2,0.02138413583920621
1897,2004,43The2Ori,53KapOri,0,0.008759362730796012
1897,1899,43The2Ori,44IotOri,5,0.029146891256903274
1899,1903,44IotOri,46EpsOri,1,0.032576240441030496
1899,1931,44IotOri,48SigOri,2,0.020795672660325996
1899,1948,44IotOri,50ZetOri,3,0.03717793249354175
1903,2061,46EpsOri,58AlpOri,0,0.019671695146305096
1903,1948,46EpsOri,50ZetOri,33,0.1464864420058305
1907,2124,40Phi2Ori,61MuOri,0,0.007892644861609942
1907,2061,40Phi2Ori,58AlpOri,2,0.011705960497009697
1910,2061,123ZetTau,58AlpOri,0,0.00249916542169436
1922,2803,BetDor,DelVol,0,0.0017172548146369866
1922,2015,BetDor,DelDor,2,0.011226599886278228
1931,2004,48SigOri,53KapOri,0,0.007423396280792951
1931,1948,48SigOri,50ZetOri,4,0.040106896475197454
1948,2491,50ZetOri,9AlpCMa,1,0.0008443055038048526
1948,2298,50ZetOri,8EpsMon,0,0.0012124458325630909
1948,2004,50ZetOri,53KapOri,9,0.024246510666655584
1948,2061,50ZetOri,58AlpOri,2,0.016072251139417362
1956,1983,AlpCol,13GamLep,0,0.0028473147531438044
1956,2040,AlpCol,BetCol,2,0.03407693144671096
1956,2106,AlpCol,GamCol,1,0.010436690506900244
1983,2035,13GamLep,15DelLep,3,0.024878415727596092
1998,2085,14ZetLep,16EtaLep,2,0.027072089931152732
2004,2491,53KapOri,9AlpCMa,0,0.0033950026505351924
2004,2227,53KapOri,5GamMon,1,0.006140284497530056
2004,2085,53KapOri,16EtaLep,1,0.014727196666573645
2035,2282,15DelLep,1ZetCMa,0,0.002496637852754964
2035,2387,15DelLep,4Xi1CMa,0,0.002519060631408775
2040,2326,BetCol,AlpCar,0,0.000736805138127954
2040,2106,BetCol,GamCol,1,0.019203294025666638
2040,2120,BetCol,EtaCol,1,0.0060597252183708225
2040,2282,BetCol,1ZetCMa,2,0.008254911062620218
2047,2159,54Chi1Ori,67NuOri,1,0.006641898988708054
2047,2134,54Chi1Ori,1Gem,1,0.012804744759344584
2061,2491,58AlpOri,9AlpCMa,0,0.0006041467504618827
2061,2227,58AlpOri,5GamMon,0,0.0010839115149707437
2061,2216,58AlpOri,7EtaGem,1,0.0013743684436022467
2061,2124,58AlpOri,61MuOri,3,0.019136803730551086
2077,3569,33DelAur,9IotUMa,0,5.911913570312277e-05
2085,2356,16EtaLep,11BetMon,0,0.0029179593238971924
2088,3569,34BetAur,9IotUMa,0,5.1045376114786854e-05
2088,2095,34BetAur,37TheAur,4,0.019619138989586025
2088,2890,34BetAur,66AlpGem,1,0.0007699050001695397
2091,2540,35PiAur,34TheGem,0,0.0007805799318496787
2095,2890,37TheAur,66AlpGem,0,0.0008174779273455356
2095,2473,37TheAur,27EpsGem,0,0.0021360830970835786
2106,2120,GamCol,EtaCol,0,0.004147850934634404
2106,2256,GamCol,KapCol,2,0.010324685176937666
2120,2296,EtaCol,DelCol,0,0.0026805572423095063
2124,2385,61MuOri,13Mon,0,0.003919742192252509
2124,2298,61MuOri,8EpsMon,0,0.00475409449363339
2124,2199,61MuOri,70XiOri,1,0.0083222626570084
2134,2216,1Gem,7EtaGem,2,0.02000826204622875
2159,2199,67NuOri,70XiOri,3,0.022979136269973728
2199,2385,70XiOri,13Mon,0,0.0034017323890585954
2199,2478,70XiOri,30Gem,0,0.004146428210522132
2199,2421,70XiOri,24GamGem,0,0.005636243313418126
2216,2286,7EtaGem,13MuGem,4,0.04611329785843299
2219,2286,44KapAur,13MuGem,0,0.005695684921452165
2227,2356,5GamMon,11BetMon,2,0.017028024795888524
2227,2298,5GamMon,8EpsMon,1,0.0017960742338804265
2238,2560,2Lyn,15Lyn,1,0.010705303665042342
2256,2451,KapCol,NuPup,0,0.00274515910227996
2256,2296,KapCol,DelCol,1,0.015875748721914412
2282,2429,1ZetCMa,7Nu2CMa,0,0.0021464238509929573
2282,2451,1ZetCMa,NuPup,0,0.0021662706596697816
2282,2773,1ZetCMa,PiPup,0,0.002329409815564003
2282,2580,1ZetCMa,16Omi1CMa,0,0.0034773850370829937
2282,2294,1ZetCMa,2BetCMa,1,0.0035818767665772946
2282,2538,1ZetCMa,13KapCMa,2,0.006670093343680425
2282,2618,1ZetCMa,21EpsCMa,1,0.008855806823120873
2282,2653,1ZetCMa,24Omi2CMa,1,0.004139224553190036
2286,2343,13MuGem,18NuGem,3,0.01953231771613153
2286,2421,13MuGem,24GamGem,2,0.016772038115332018
2286,2473,13MuGem,27EpsGem,5,0.02356818703361677
2294,2356,2BetCMa,11BetMon,0,0.0026284392727026267
2294,2443,2BetCMa,8Nu3CMa,1,0.010720153283138849
2294,2491,2BetCMa,9AlpCMa,2,0.04235020364147085
2294,2387,2BetCMa,4Xi1CMa,1,0.006601213415271342
2294,2429,2BetCMa,7Nu2CMa,1,0.015843887805192223
2298,2385,8EpsMon,13Mon,1,0.011618564537587158
2326,2451,AlpCar,NuPup,1,0.005134066977335405
2326,2550,AlpCar,AlpPic,1,0.005074690719309486
2343,2650,18NuGem,43ZetGem,0,0.004656795230953914
2343,2421,18NuGem,24GamGem,3,0.012882044682527204
2356,2943,11BetMon,10AlpCMi,0,0.00018350369543740965
2356,2845,11BetMon,3BetCMi,0,0.0002004116360767363
2356,2970,11BetMon,26AlpMon,0,0.0004325104938428364
2356,2714,11BetMon,22DelMon,1,0.0014728946150855183
2361,2538,LamCMa,13KapCMa,0,0.007845904137552873
2387,2618,4Xi1CMa,21EpsCMa,0,0.003583694521334818
2387,2580,4Xi1CMa,16Omi1CMa,1,0.007664496484288234
2421,2484,24GamGem,31XiGem,6,0.025772915412572234
2421,2650,24GamGem,43ZetGem,1,0.007456338964416786
2429,2491,7Nu2CMa,9AlpCMa,2,0.01708889728399685
2435,2550,2435,AlpPic,0,0.002583614238246501
2451,2538,NuPup,13KapCMa,0,0.002263065054792371
2451,2553,NuPup,TauPup,1,0.008984754296491336
2451,2878,NuPup,SigPup,1,0.005565016410285983
2473,2697,27EpsGem,46TauGem,0,0.004385031340662517
2473,2821,27EpsGem,60IotGem,0,0.004395307772352145
2473,2890,27EpsGem,66AlpGem,2,0.0036941989014053277
2473,2650,27EpsGem,43ZetGem,4,0.009532193182654533
2473,2777,27EpsGem,55DelGem,1,0.006488273949212547
2478,2650,30Gem,43ZetGem,0,0.0032627716855887423
2484,2491,31XiGem,9AlpCMa,0,3.695753322955192e-05
2484,2763,31XiGem,54LamGem,1,0.006269677372229146
2491,2845,9AlpCMa,3BetCMi,0,9.651747401317623e-05
2491,2574,9AlpCMa,14TheCMa,1,0.009830124369459329
2491,2943,9AlpCMa,10AlpCMi,3,0.0008954149345182361
2491,2596,9AlpCMa,20IotCMa,2,0.014550285037263355
2506,2845,18Mon,3BetCMi,0,0.0015828413970618025
2538,2773,13KapCMa,PiPup,1,0.005771023716504227
2538,2618,13KapCMa,21EpsCMa,3,0.013658861898163224
2540,3569,34TheGem,9IotUMa,0,7.780089789118228e-05
2540,2560,34TheGem,15Lyn,0,8.725087862956969e-05
2540,2697,34TheGem,46TauGem,3,0.008947835803176561
2550,3117,AlpPic,ChiCar,0,0.001979968200750862
2550,2553,AlpPic,TauPup,0,0.003396616585076553
2554,3117,2554,ChiCar,0,0.0020254547435425386
2560,3751,15Lyn,3751,0,8.00585025718827e-05
2560,3275,15Lyn,31Lyn,1,0.0002567881844983591
2574,2714,14TheCMa,22DelMon,0,0.0015642085271640924
2574,2657,14TheCMa,23GamCMa,2,0.01187754204175277
2580,2596,16Omi1CMa,20IotCMa,0,0.004604961505038221
2580,2646,16Omi1CMa,22SigCMa,0,0.013682649336050007
2596,2653,20IotCMa,24Omi2CMa,1,0.00483876832362613
2596,2657,20IotCMa,23GamCMa,1,0.015778215193294132
2618,2646,21EpsCMa,22SigCMa,2,0.03897198699923801
2618,2827,21EpsCMa,31EtaCMa,3,0.028315250807905347
2646,2693,22SigCMa,25DelCMa,1,0.03052739964198758
2646,2827,22SigCMa,31EtaCMa,1,0.014799142874993414
2650,2777,43ZetGem,55DelGem,3,0.018536178005038453
2650,2763,43ZetGem,54LamGem,4,0.013829059518581543
2653,2970,24Omi2CMa,26AlpMon,0,0.0005390031148131208
2653,2948,24Omi2CMa,2948,0,0.004773414832433348
2653,2693,24Omi2CMa,25DelCMa,1,0.036238522985978815
2653,2906,24Omi2CMa,2906,1,0.004000695757889766
2657,2970,23GamCMa,26AlpMon,0,0.002085336801841348
2693,3045,25DelCMa,7XiPup,0,0.006084081897972002
2693,2827,25DelCMa,31EtaCMa,3,0.036385102574348446
2693,2749,25DelCMa,28OmeCMa,1,0.02766576738197448
2697,2777,46TauGem,55DelGem,0,0.0037434185013863032
2697,2821,46TauGem,60IotGem,3,0.011564505532909039
2714,3188,22DelMon,29ZetMon,0,0.0008010078707886896
2714,3145,22DelMon,3145,0,0.0011119830644204408
2714,2970,22DelMon,26AlpMon,1,0.001868372286920683
2736,2803,Gam2Vol,DelVol,2,0.01692194775739119
2736,3024,Gam2Vol,ZetVol,2,0.01479408105769252
2740,3117,2740,ChiCar,0,0.002155583039456181
2740,3090,2740,3090,0,0.004041230007098898
2740,3055,2740,3055,0,0.004853470072454818
2749,2948,28OmeCMa,2948,0,0.01037220874715305
2749,2827,28OmeCMa,31EtaCMa,1,0.017493696981380858
2763,3249,54LamGem,17BetCnc,0,0.0009752329075749343
2763,2985,54LamGem,77KapGem,1,0.0047418233103766185
2773,2878,PiPup,SigPup,1,0.011181070984778215
2773,3017,PiPup,3017,1,0.011048350440360195
2777,2905,55DelGem,69UpsGem,0,0.008696592610159927
2777,2821,55DelGem,60IotGem,2,0.0111910832589271
2782,2948,30TauCMa,2948,0,0.0077914478282702666
2787,2996,2787,3Pup,0,0.0028636491989898387
2803,3307,DelVol,EpsCar,0,0.0020444587100783207
2803,3347,DelVol,BetVol,1,0.005789178689223202
2821,2905,60IotGem,69UpsGem,3,0.02227738451201745
2827,3165,31EtaCMa,ZetPup,0,0.0037264720214502133
2827,2948,31EtaCMa,2948,2,0.014073331647375856
2845,2943,3BetCMi,10AlpCMi,3,0.030776868819181343
2852,3275,62RhoGem,31Lyn,0,0.0008525698029046226
2852,2890,62RhoGem,66AlpGem,1,0.02973788089887323
2854,3249,4GamCMi,17BetCnc,0,0.0015542708295808384
2878,3117,SigPup,ChiCar,0,0.003415642512241788
2878,2961,SigPup,2961,0,0.006353761948545717
2878,3165,SigPup,ZetPup,1,0.009895887031703965
2890,3569,66AlpGem,9IotUMa,0,0.0003591198871631519
2890,3579,66AlpGem,3579,0,0.0004451103965026373
2890,3705,66AlpGem,40AlpLyn,0,0.0004572285355549384
2890,2990,66AlpGem,78BetGem,15,0.0880320216053462
2905,2985,69UpsGem,77KapGem,2,0.01864272398134354
2905,2990,69UpsGem,78BetGem,2,0.021814643342393473
2906,2970,2906,26AlpMon,0,0.001042050901018558
2906,3102,2906,11Pup,0,0.00658316348481668
2943,3045,10AlpCMi,7XiPup,0,3.6077068550603894e-05
2943,3185,10AlpCMi,15RhoPup,0,4.532902064456179e-05
2948,3034,2948,OmiPup,1,0.013163952777272003
2948,3045,2948,7XiPup,1,0.018389398679052062
2970,3188,26AlpMon,29ZetMon,1,0.002726178563345739
2973,3275,75SigGem,31Lyn,0,0.0006664535739206476
2985,3249,77KapGem,17BetCnc,0,0.0008375247645842865
2985,3461,77KapGem,47DelCnc,0,0.0010347036207686282
2985,3475,77KapGem,48IotCnc,1,0.0013816692848929466
2985,2990,77KapGem,78BetGem,1,0.023623735631093296
2990,3482,78BetGem,11EpsHya,0,0.00010175389847997635
2990,3873,78BetGem,17EpsLeo,0,0.0001485371429540096
2990,3579,78BetGem,3579,0,0.0003511994600175804
2996,3438,3Pup,BetPyx,0,0.0011394892188213953
2996,3468,3Pup,AlpPyx,0,0.0011536317576117097
3017,3438,3017,BetPyx,0,0.001979489651294521
3024,5470,ZetVol,AlpAps,0,0.00010088927572336489
3024,3643,ZetVol,3643,0,0.004753449529609959
3024,3347,ZetVol,BetVol,0,0.004902426771469952
3024,3223,ZetVol,EpsVol,1,0.007946349643573637
3034,3185,OmiPup,15RhoPup,0,0.007148771726543699
3045,3165,7XiPup,ZetPup,1,0.0013007891427432282
3045,3102,7XiPup,11Pup,1,0.014955406292759323
3045,3185,7XiPup,15RhoPup,1,0.022080445000447944
3080,3207,3080,Gam2Vel,0,0.006464958656004115
3084,3270,3084,3270,0,0.005679485717536898
3084,3225,3084,3225,0,0.009474449825555176
3102,3185,11Pup,15RhoPup,1,0.014195538967876885
3129,3447,3129,3447,0,0.0038432404590813206
3145,3418,3145,5SigHya,0,0.0028341909253227237
3145,3410,3145,4DelHya,0,0.0028871539937169056
3165,3445,ZetPup,3445,0,0.0036925249627713817
3165,3207,ZetPup,Gam2Vel,1,0.019767482945459217
3185,3482,15RhoPup,11EpsHya,0,1.9266880896199807e-05
3185,3748,15RhoPup,30AlpHya,0,0.00017543372616624184
3185,3314,15RhoPup,3314,0,0.00020842831651939856
3185,3270,15RhoPup,3270,0,0.0009909743140796028
3192,3314,16Pup,3314,0,0.000512393830328785
3207,3243,Gam2Vel,3243,0,0.004205483387268311
3207,3426,Gam2Vel,3426,1,0.005714332218827518
3207,3445,Gam2Vel,3445,1,0.010229663694156786
3207,3447,Gam2Vel,3447,1,0.007212963807796031
3207,3485,Gam2Vel,DelVel,1,0.01601359524956442
3207,3634,Gam2Vel,LamVel,1,0.008321123953831486
3223,3643,EpsVol,3643,0,0.004813557554449605
3223,3347,EpsVol,BetVol,1,0.011675075293558348
3249,3572,17BetCnc,65AlpCnc,3,0.0024871429812472366
3270,3426,3270,3426,0,0.003821010707175786
3275,3475,31Lyn,48IotCnc,0,0.0011342250534129765
3275,3579,31Lyn,3579,1,0.009001422486118996
3307,3485,EpsCar,DelVel,3,0.035977772632009984
3307,3659,EpsCar,3659,1,0.010333672970615847
3307,3685,EpsCar,BetCar,1,0.008989209905456269
3307,3457,EpsCar,3457,1,0.014348034764677811
3314,3665,3314,22TheHya,0,0.001451492789657492
3314,3454,3314,7EtaHya,0,0.0038305857232157252
3318,3643,AlpCha,3643,0,0.005979711294593265
3323,3619,1OmiUMa,15UMa,0,0.0030677754144661294
3323,3757,1OmiUMa,23UMa,4,0.011795193041594891
3340,8630,TheCha,BetOct,0,0.00016198271811828957
3340,4174,TheCha,GamCha,1,0.00434469750664593
3347,3457,BetVol,3457,0,0.004817023788267438
3347,3663,BetVol,3663,0,0.006820309332905517
3347,3571,BetVol,3571,0,0.0071316966144267845
3347,3615,BetVol,AlpVol,2,0.012786084413319307
3410,3418,4DelHya,5SigHya,5,0.016915068032254597
3410,3482,4DelHya,11EpsHya,5,0.021014066000122577
3418,3454,5SigHya,7EtaHya,5,0.022528599262862152
3426,3477,3426,3477,2,0.02179010397616935
3438,3487,BetPyx,3487,0,0.002258719147489745
3438,3477,BetPyx,3477,1,0.004912232473899278
3438,3468,BetPyx,AlpPyx,2,0.019688732758525753
3447,3614,3447,3614,0,0.0069105265666020935
3447,3485,3447,DelVel,1,0.027536937327539462
3454,3492,7EtaHya,13RhoHya,0,0.01649607775903306
3461,3705,47DelCnc,40AlpLyn,0,0.000692158998781997
3461,3852,47DelCnc,14OmiLeo,0,0.0010165538436955883
3461,3731,47DelCnc,1KapLeo,0,0.002152706542172104
3461,3475,47DelCnc,48IotCnc,3,0.0037348174455371537
3461,3572,47DelCnc,65AlpCnc,3,0.0064535374719336645
3467,3614,3467,3614,0,0.004289079982312274
3468,3994,AlpPyx,41LamHya,0,3.228243178576489e-05
3468,4094,AlpPyx,42MuHya,0,3.2545921703219486e-05
3468,3748,AlpPyx,30AlpHya,0,5.968927341196018e-05
3468,3591,AlpPyx,3591,0,0.0027214835671240164
3468,3518,AlpPyx,GamPyx,2,0.00812232838561276
3475,3731,48IotCnc,1KapLeo,1,0.005245076929819254
3477,3634,3477,LamVel,1,0.010689140237433793
3482,3492,11EpsHya,13RhoHya,4,0.02767322479913984
3482,3547,11EpsHya,16ZetHya,1,0.04018968345253759
3484,3903,12Hya,39Ups1Hya,0,0.0005519131511382278
3485,3634,DelVel,LamVel,0,0.006264160312666739
3485,3734,DelVel,KapVel,6,0.025861594078225747
3492,3547,13RhoHya,16ZetHya,3,0.021889335759248885
3498,3734,3498,KapVel,0,0.005993649323151011
3498,3696,3498,3696,0,0.008212906616555786
3518,4104,GamPyx,AlpAnt,0,0.00013687221401335718
3518,3903,GamPyx,39Ups1Hya,0,0.0002641262610980479
3547,3873,16ZetHya,17EpsLeo,0,0.0006331582460603164
3547,3665,16ZetHya,22TheHya,3,0.010874250133072793
3547,3982,16ZetHya,32AlpLeo,1,0.0011111319503737801
3569,3579,9IotUMa,3579,1,0.013647571275379071
3569,3775,9IotUMa,25TheUMa,4,0.023216489915752644
3569,3594,9IotUMa,12KapUMa,4,0.06529268160059108
3572,3773,65AlpCnc,4LamLeo,0,0.0016898325902846825
3579,4033,3579,33LamUMa,0,0.002066580240219504
3579,3690,3579,38Lyn,2,0.01496381375938833
3579,3705,3579,40AlpLyn,1,0.008311997554998837
3594,4033,12KapUMa,33LamUMa,1,0.003145096293677202
3614,4023,3614,4023,0,0.0011992746469031536
3614,3634,3614,LamVel,1,0.015806586327955233
3614,3734,3614,KapVel,1,0.0047465603222376675
3615,3890,AlpVol,UpsCar,0,0.009863041897775236
3619,3888,15UMa,29UpsUMa,0,0.00409953168706088
3619,3775,15UMa,25TheUMa,1,0.017390695207051984
3634,4232,LamVel,NuHya,0,9.397414394015955e-06
3634,3748,LamVel,30AlpHya,0,2.074087620045571e-05
3634,3786,LamVel,PsiVel,2,0.012487086310401397
3634,4216,LamVel,MuVel,1,0.0009326366860635734
3659,3685,3659,BetCar,0,0.003195799703357413
3659,3890,3659,UpsCar,0,0.0075520330902094195
3659,3699,3659,IotCar,2,0.039748370097588075
3659,3734,3659,KapVel,1,0.016736854441536917
3665,3748,22TheHya,30AlpHya,2,0.002839345993674355
3665,3845,22TheHya,35IotHya,1,0.008489991132031468
3685,4037,BetCar,OmeCar,3,0.015030104514845589
3690,4069,38Lyn,34MuUMa,0,0.0030917840861786694
3690,3705,38Lyn,40AlpLyn,2,0.04348556736604738
3699,4050,IotCar,4050,1,0.007206619848830204
3699,3825,IotCar,3825,1,0.01731367899312714
3699,3884,IotCar,3884,1,0.01252235958554866
3705,3731,40AlpLyn,1KapLeo,2,0.006049853057723473
3705,3974,40AlpLyn,21LMi,1,0.004388899968673935
3731,3773,1KapLeo,4LamLeo,2,0.02005017843854929
3734,4216,KapVel,MuVel,0,0.002356270829672055
3734,3803,KapVel,3803,1,0.03392273461327872
3734,3940,KapVel,PhiVel,2,0.012997499380516697
3748,3845,30AlpHya,35IotHya,2,0.006478737708671697
3748,3903,30AlpHya,39Ups1Hya,3,0.004212682829126339
3751,5430,3751,5UMi,0,0.0014702759863960341
3757,3888,23UMa,29UpsUMa,3,0.023385163472632434
3757,4301,23UMa,50AlpUMa,1,0.006262073722277634
3773,3852,4LamLeo,14OmiLeo,0,0.0019859734385397967
3773,3975,4LamLeo,30EtaLeo,0,0.0042225063681315565
3773,3873,4LamLeo,17EpsLeo,2,0.02561300105977434
3775,4301,25TheUMa,50AlpUMa,0,0.0025151159106444007
3775,3888,25TheUMa,29UpsUMa,3,0.010536563924565975
3786,4094,PsiVel,42MuHya,0,4.896241940246661e-05
3786,4104,PsiVel,AlpAnt,0,0.000629575740846866
3786,4023,PsiVel,4023,1,0.00448141632841757
3799,4295,26UMa,48BetUMa,1,0.001860567184961456
3803,4216,3803,MuVel,0,0.0019004778093043454
3803,3884,3803,3884,0,0.00939076001093282
3825,4074,3825,4074,0,0.0038665675524802907
3825,3884,3825,3884,1,0.012202077162658921
3836,4167,3836,4167,0,0.001968831630164718
3845,4133,35IotHya,47RhoLeo,0,0.0012418700794303618
3852,3982,14OmiLeo,32AlpLeo,1,0.01753039547797556
3852,3980,14OmiLeo,31Leo,1,0.00901709383644965
3873,3905,17EpsLeo,24MuLeo,8,0.04220031607189132
3884,3890,3884,UpsCar,2,0.022131075514942623
3884,4050,3884,4050,1,0.015680269884933127
3888,4301,29UpsUMa,50AlpUMa,3,0.008166484282436437
3890,4037,UpsCar,OmeCar,1,0.013678061223096363
3903,3994,39Ups1Hya,41LamHya,3,0.008942344173700451
3903,4094,39Ups1Hya,42MuHya,1,0.003946651284302136
3905,4069,24MuLeo,34MuUMa,0,0.001202397774451834
3905,4247,24MuLeo,46LMi,0,0.0017362717060284629
3905,4031,24MuLeo,36ZetLeo,8,0.019228784431339747
3940,4023,PhiVel,4023,0,0.001378871408837221
3940,4167,PhiVel,4167,1,0.003662834064438133
3974,4031,21LMi,36ZetLeo,0,0.0023913779084245275
3974,4100,21LMi,31BetLMi,2,0.017442805601352043
3975,3982,30EtaLeo,32AlpLeo,7,0.03406759367477976
3975,4057,30EtaLeo,41Gam1Leo,8,0.038691305027080576
3980,3981,31Leo,15AlpSex,0,0.003527541629932932
3980,3982,31Leo,32AlpLeo,2,0.03250215281834016
3980,4133,31Leo,47RhoLeo,2,0.012424489003403033
3981,4368,15AlpSex,74PhiLeo,0,0.0005990912709596477
3982,4232,32AlpLeo,NuHya,0,8.703623235863847e-05
3982,4057,32AlpLeo,41Gam1Leo,1,0.034829238309992204
3994,4368,41LamHya,74PhiLeo,0,0.00034544243812993
3994,4094,41LamHya,42MuHya,3,0.009810474117027625
4023,4094,4023,42MuHya,0,6.0558489779235254e-05
4023,4167,4023,4167,1,0.0057232425280812375
4031,4069,36ZetLeo,34MuUMa,0,0.0012806339512657942
4031,4377,36ZetLeo,54NuUMa,0,0.0018283651481448085
4031,4100,36ZetLeo,31BetLMi,0,0.002174795153707818
4031,4057,36ZetLeo,41Gam1Leo,9,0.051888653281361975
4031,4259,36ZetLeo,54Leo,1,0.006974025440482887
4033,4295,33LamUMa,48BetUMa,0,0.0024995046648385068
4033,4069,33LamUMa,34MuUMa,5,0.07055094638329394
4037,4102,OmeCar,4102,1,0.012980071411431525
4037,4199,OmeCar,TheCar,2,0.011106113542382154
4050,4216,4050,MuVel,0,0.0019515049101241151
4050,4114,4050,4114,1,0.017772305991559656
4050,4140,4050,4140,1,0.03300888671014144
4050,4199,4050,TheCar,2,0.017970035243783992
4057,4359,41Gam1Leo,70TheLeo,0,0.0045173293191583565
4057,4259,41Gam1Leo,54Leo,0,0.005942631716168142
4057,4300,41Gam1Leo,60Leo,1,0.0050014037390275655
4057,4357,41Gam1Leo,68DelLeo,2,0.010189907352974915
4069,4100,34MuUMa,31BetLMi,1,0.018412204884293914
4069,4335,34MuUMa,52PsiUMa,3,0.016206734223667113
4069,4377,34MuUMa,54NuUMa,1,0.0034542279100028142
4074,4167,4074,4167,0,0.002679356117609252
4094,4450,42MuHya,XiHya,1,0.00018371962966649244
4094,4232,42MuHya,NuHya,2,0.009893684879751367
4100,4247,31BetLMi,46LMi,2,0.015595189062396023
4102,5470,4102,AlpAps,0,0.0007866215112895191
4102,4520,4102,LamMus,0,0.0029341385751360805
4104,4287,AlpAnt,7AlpCrt,0,0.0006676429289407902
4104,4343,AlpAnt,11BetCrt,0,0.0008821427440868289
4114,4216,4114,MuVel,0,0.002975114068732151
4114,4257,4114,4257,1,0.016062781813419386
4133,4382,47RhoLeo,12DelCrt,0,0.00012810994606420723
4133,4232,47RhoLeo,NuHya,0,0.0001520275168531355
4133,4540,47RhoLeo,5BetVir,0,0.0006004515011857513
4133,4300,47RhoLeo,60Leo,0,0.0023882123779001107
4133,4399,47RhoLeo,78IotLeo,0,0.004102338919418112
4133,4386,47RhoLeo,77SigLeo,0,0.00413631075111343
4140,4216,4140,MuVel,0,0.002151301022161764
4140,4199,4140,TheCar,1,0.02595565965674928
4159,4257,4159,4257,0,0.011717397871902515
4167,4450,4167,XiHya,0,0.00025631311856808963
4167,4180,4167,4180,0,0.003978722348217544
4167,4216,4167,MuVel,1,0.02228762170948276
4174,4234,GamCha,Del2Cha,1,0.018250617927885654
4174,4674,GamCha,BetCha,1,0.007837125746134503
4199,4337,TheCar,4337,0,0.007048019276536563
4199,4520,TheCar,LamMus,1,0.007593391278009852
4216,4232,MuVel,NuHya,0,1.3754445426985338e-05
4216,4630,MuVel,2EpsCrv,0,2.398538207932265e-05
4216,4467,MuVel,LamCen,0,0.001274436452709538
4216,4656,MuVel,DelCru,0,0.0014407819162422868
4216,4257,MuVel,4257,0,0.0032483380275820785
4232,4534,NuHya,94BetLeo,0,3.695158937515221e-05
4232,4825,NuHya,29GamVir,0,4.1168682401683896e-05
4232,4359,NuHya,70TheLeo,0,5.221654313605453e-05
4232,4662,NuHya,4GamCrv,0,0.0004101472109809837
4232,4450,NuHya,XiHya,1,0.0004570915587294966
4232,4287,NuHya,7AlpCrt,2,0.014988170362143552
4234,8630,Del2Cha,BetOct,0,0.00029890328551534373
4234,4674,Del2Cha,BetCha,1,0.00942035435628548
4247,4377,46LMi,54NuUMa,1,0.024391958943590523
4257,4337,4257,4337,1,0.02057567836955693
4259,4357,54Leo,68DelLeo,1,0.014580871345613328
4287,4343,7AlpCrt,11BetCrt,3,0.006300425359311256
4287,4382,7AlpCrt,12DelCrt,2,0.00773443018128867
4293,4552,4293,BetHya,0,0.000819991770271097
4295,4301,48BetUMa,50AlpUMa,20,0.06741874288673091
4295,4554,48BetUMa,64GamUMa,18,0.03584326946332524
4300,4357,60Leo,68DelLeo,1,0.03026290867154987
4335,4915,52PsiUMa,12Alp2CVn,0,0.0009597681836267304
4335,4518,52PsiUMa,63ChiUMa,3,0.01764443069606921
4337,4656,4337,DelCru,0,0.004137349006394038
4343,4623,11BetCrt,1AlpCrv,0,0.0008854708549339513
4343,4450,11BetCrt,XiHya,1,0.0017526544787555508
4357,4737,68DelLeo,15GamCom,0,0.0006344373905454207
4357,4359,68DelLeo,70TheLeo,7,0.03775409889790321
4357,4377,68DelLeo,54NuUMa,1,0.0049913300458437615
4359,4399,70TheLeo,78IotLeo,2,0.023488191409839647
4359,4534,70TheLeo,94BetLeo,3,0.01711728877459174
4374,4915,53XiUMa,12Alp2CVn,0,0.0005050319147079178
4377,4915,54NuUMa,12Alp2CVn,0,0.0007894862726856457
4377,4785,54NuUMa,8BetCVn,0,0.0010369886708974745
4382,4689,12DelCrt,15EtaVir,0,0.0003552251806779726
4382,4450,12DelCrt,XiHya,1,0.0005852496487411935
4382,4405,12DelCrt,15GamCrt,3,0.014811439763777414
4386,4399,77SigLeo,78IotLeo,1,0.02989547790159467
4386,4517,77SigLeo,3NuVir,1,0.01759844232630928
4390,4546,PiCen,4546,0,0.0015367836202955783
4390,4638,PiCen,RhoCen,0,0.004698739136329928
4390,4656,PiCen,DelCru,1,0.004129878702026396
4399,4534,78IotLeo,94BetLeo,1,0.014823372797814921
4399,4540,78IotLeo,5BetVir,1,0.006407311972190971
4405,4623,15GamCrt,1AlpCrv,0,0.0014557436993654978
4434,4787,1LamDra,5KapDra,4,0.019108328847868998
4441,4656,Omi1Cen,DelCru,0,0.0060711627359962
4450,5028,XiHya,IotCen,0,0.00015300947730848507
4450,4802,XiHya,TauCen,0,0.0001959317392302774
4450,4786,XiHya,9BetCrv,0,0.0008532244849461416
4450,4552,XiHya,BetHya,3,0.008315056301113476
4467,4700,LamCen,EpsCru,0,0.00966369709290175
4467,4520,LamCen,LamMus,1,0.015551429493243292
4471,4662,91UpsLeo,4GamCrv,0,0.0003981497404754671
4471,4517,91UpsLeo,3NuVir,1,0.010087714487913192
4517,4540,3NuVir,5BetVir,1,0.02370957306295661
4517,4608,3NuVir,9OmiVir,2,0.018976520900520728
4518,4915,63ChiUMa,12Alp2CVn,0,0.0019117281452060773
4518,4554,63ChiUMa,64GamUMa,3,0.023277931929900745
4518,4785,63ChiUMa,8BetCVn,1,0.004815351045746873
4520,4537,LamMus,4537,0,0.011695401720192294
4520,4616,LamMus,EtaCru,1,0.013034794030298934
4520,4798,LamMus,AlpMus,1,0.011046797563918489
4522,4700,4522,EpsCru,0,0.009938845448879996
4534,4915,94BetLeo,12Alp2CVn,0,0.00017832457538178112
4534,4968,94BetLeo,42AlpCom,0,0.0004066936721143215
4534,4910,94BetLeo,43DelVir,0,0.0009658873521792057
4534,4737,94BetLeo,15GamCom,0,0.0010354244991606376
4540,4689,5BetVir,15EtaVir,2,0.011476922854582402
4546,4889,4546,4889,0,0.0009808276869126015
4546,4743,4546,SigCen,0,0.003014548038029575
4552,4786,BetHya,9BetCrv,0,0.000817541883222405
4552,4623,BetHya,1AlpCrv,1,0.002249717013283959
4554,4915,64GamUMa,12Alp2CVn,0,0.0018203800789029405
4554,4660,64GamUMa,69DelUMa,19,0.044296284854812594
4599,4700,The1Cru,EpsCru,0,0.010093261752922932
4608,4968,9OmiVir,42AlpCom,0,0.0005675916481241067
4616,4671,EtaCru,EpsMus,0,0.011851245922675736
4616,4679,EtaCru,ZetCru,1,0.02020540443327619
4621,4630,DelCen,2EpsCrv,0,5.365531295653902e-05
4621,4743,DelCen,SigCen,1,0.015098125302928872
4621,4638,DelCen,RhoCen,1,0.020906031059286175
4623,4630,1AlpCrv,2EpsCrv,6,0.019231500029536514
4630,4819,2EpsCrv,GamCen,0,7.038036315122094e-05
4630,4662,2EpsCrv,4GamCrv,6,0.01993320089695148
4630,4786,2EpsCrv,9BetCrv,6,0.017143273884371195
4656,4700,DelCru,EpsCru,1,0.027581983560522237
4656,4763,DelCru,GamCru,13,0.040169673283283865
4660,5563,69DelUMa,7BetUMi,0,0.00045709368492016875
4660,4905,69DelUMa,77EpsUMa,19,0.03470497124814014
4662,4757,4GamCrv,7DelCrv,6,0.03297383541616837
4671,4773,EpsMus,GamMus,0,0.010238850019118898
4674,4923,BetCha,DelMus,0,0.003378507539560964
4679,4844,ZetCru,BetMus,1,0.00892937274307899
4679,4730,ZetCru,Alp1Cru,1,0.0225431900822543
4689,4775,15EtaVir,8EtaCrv,0,0.0007513205512779869
4689,4757,15EtaVir,7DelCrv,0,0.000979482817161168
4689,4825,15EtaVir,29GamVir,3,0.013870198954208338
4700,4853,EpsCru,BetCru,1,0.01890570762959604
4700,4730,EpsCru,Alp1Cru,1,0.02167175288808471
4730,5035,Alp1Cru,5035,0,0.004393494024870102
4730,4844,Alp1Cru,BetMus,1,0.01683971414674937
4730,4853,Alp1Cru,BetCru,12,0.08674383424726591
4737,4983,15GamCom,43BetCom,5,0.005487455655412001
4743,4763,SigCen,GamCru,0,0.005798456443688319
4743,4802,SigCen,TauCen,1,0.01923455458400213
4743,4819,SigCen,GamCen,1,0.01824650828954571
4757,4825,7DelCrv,29GamVir,1,0.002091420221559558
4757,4775,7DelCrv,8EtaCrv,2,0.024492975019102425
4763,4898,GamCru,Mu1Cru,1,0.018270391824459057
4763,4819,GamCru,GamCen,1,0.015196106281228179
4763,4853,GamCru,BetCru,11,0.0831516782252628
4773,5470,GamMus,AlpAps,0,0.002424404252557414
4773,4798,GamMus,AlpMus,3,0.01711969417919998
4773,4923,GamMus,DelMus,2,0.01968964498589298
4775,4963,8EtaCrv,51TheVir,0,0.0009201341706922101
4785,5191,8BetCVn,85EtaUMa,0,0.001406956179108865
4785,4915,8BetCVn,12Alp2CVn,3,0.01835056555063513
4786,4889,9BetCrv,4889,0,0.0003583756362065761
4787,5291,5KapDra,11AlpDra,4,0.0062522526135486214
4798,4844,AlpMus,BetMus,4,0.04764431896719652
4802,5089,TauCen,5089,0,0.0011942971871070076
4802,4819,TauCen,GamCen,1,0.029511997172110182
4819,5132,GamCen,EpsCen,2,0.008610163629410774
4819,5231,GamCen,ZetCen,1,0.003997227858775091
4825,4910,29GamVir,43DelVir,6,0.01763360111658456
4825,5056,29GamVir,67AlpVir,1,0.0026222953330642222
4825,4963,29GamVir,51TheVir,1,0.004268626624412574
4844,5671,BetMus,GamTrA,0,0.001967465653581403
4844,4853,BetMus,BetCru,0,0.007907679790899303
4853,4898,BetCru,Mu1Cru,1,0.020685724762424123
4853,5267,BetCru,BetCen,1,0.022950153141953117
4888,4889,4888,4889,0,0.0026333975821556197
4888,4898,4888,Mu1Cru,0,0.0029870115812619664
4889,5028,4889,IotCen,1,0.0052047192439181175
4898,5267,Mu1Cru,BetCen,0,0.0035609640832407106
4905,5563,77EpsUMa,7BetUMi,0,0.001482284504781666
4905,5054,77EpsUMa,79ZetUMa,19,0.1082260695894589
4910,4932,43DelVir,47EpsVir,6,0.01481083497979407
4910,5107,43DelVir,79ZetVir,3,0.005696416485335564
4915,4932,12Alp2CVn,47EpsVir,0,0.00021910000549203918
4915,5429,12Alp2CVn,25RhoBoo,0,0.0005564673613724144
4915,5235,12Alp2CVn,8EtaBoo,0,0.0005582247589941065
4915,5351,12Alp2CVn,19LamBoo,0,0.00104616363696255
4915,4983,12Alp2CVn,43BetCom,1,0.004252094273951386
4915,5191,12Alp2CVn,85EtaUMa,1,0.005089478914945925
4923,5671,DelMus,GamTrA,0,0.002313999444068012
4923,5463,DelMus,AlpCir,0,0.0026934839944361584
4932,4968,47EpsVir,42AlpCom,1,0.009640590015392528
4942,5089,Xi2Cen,5089,0,0.0014435201035741599
4942,5193,Xi2Cen,MuCen,0,0.0018976618410561582
4942,5231,Xi2Cen,ZetCen,0,0.003169410061856868
4968,4983,42AlpCom,43BetCom,3,0.004399388691546534
4983,5435,43BetCom,27GamBoo,0,0.00046424841358405346
4983,5185,43BetCom,4TauBoo,0,0.0021384983775381435
5020,5315,46GamHya,98KapVir,0,0.00034943015957198575
5020,5168,46GamHya,1Cen,0,0.0015029231415747179
5020,5287,46GamHya,49PiHya,2,0.0034292713417113877
5028,5192,IotCen,2Cen,1,0.005816905259464591
5028,5089,IotCen,5089,1,0.015246160345180955
5028,5168,IotCen,1Cen,1,0.005598869658836929
5035,5463,5035,AlpCir,0,0.0021118834059788796
5035,5132,5035,EpsCen,0,0.003338273766062339
5054,5735,79ZetUMa,13GamUMi,1,0.0007949380791417276
5054,5291,79ZetUMa,11AlpDra,1,0.006646133732434776
5054,5191,79ZetUMa,85EtaUMa,19,0.05914265511166528
5056,5487,67AlpVir,107MuVir,0,0.0003118906478502188
5056,5531,67AlpVir,9Alp2Lib,1,0.0005212266396251917
5056,5287,67AlpVir,49PiHya,0,0.0007014817340734623
5056,5338,67AlpVir,99IotVir,0,0.0013833256669945912
5056,5107,67AlpVir,79ZetVir,4,0.004973035287497353
5062,5291,80UMa,11AlpDra,0,0.0052449239831797185
5089,5190,5089,NuCen,1,0.012339092358225515
5089,5192,5089,2Cen,1,0.005964704381193705
5107,5788,79ZetVir,13DelSer,0,2.4623463707522458e-05
5107,5685,79ZetVir,27BetLib,0,8.411835660095247e-05
5107,5531,79ZetVir,9Alp2Lib,0,0.00015587142238062746
5107,5477,79ZetVir,30ZetBoo,0,0.00023734294900326454
5107,5340,79ZetVir,16AlpBoo,0,0.00041556247267613246
5107,5511,79ZetVir,109Vir,1,0.0006239845795032641
5107,5235,79ZetVir,8EtaBoo,0,0.0008147670391501116
5107,5200,79ZetVir,5UpsBoo,0,0.000918663157200662
5107,5264,79ZetVir,93TauVir,2,0.007066224454725564
5132,5425,EpsCen,SigLup,0,0.002692582305874898
5132,5354,EpsCen,IotLup,0,0.0039142488223936145
5132,5267,EpsCen,BetCen,2,0.016267459131132957
5132,5231,EpsCen,ZetCen,2,0.01813854781199738
5132,5459,EpsCen,Alp1Cen,1,0.007323760102522296
5168,5210,1Cen,3Cen,3,0.01848560369439823
5185,5200,4TauBoo,5UpsBoo,2,0.030591872058955978
5185,5235,4TauBoo,8EtaBoo,2,0.028784310212250256
5190,5192,NuCen,2Cen,0,0.004517129996652463
5190,5440,NuCen,EtaCen,0,0.005903162163066852
5190,5193,NuCen,MuCen,3,0.04143647628223877
5190,5288,NuCen,5TheCen,1,0.010472953954979913
5191,5744,85EtaUMa,12IotDra,0,0.001764463563910123
5192,5210,2Cen,3Cen,2,0.017299628127293708
5192,5288,2Cen,5TheCen,2,0.010214837232197854
5193,5248,MuCen,PhiCen,2,0.024721774535036448
5193,5249,MuCen,Ups1Cen,1,0.01784279875011927
5200,5235,5UpsBoo,8EtaBoo,2,0.03217933185941467
5210,5287,3Cen,49PiHya,0,0.004417129437980094
5231,5249,ZetCen,Ups1Cen,1,0.01931842778721681
5231,5440,ZetCen,EtaCen,2,0.010808587942375847
5235,5435,8EtaBoo,27GamBoo,0,0.0007375407698256061
5235,5340,8EtaBoo,16AlpBoo,4,0.053257892604635926
5235,5477,8EtaBoo,30ZetBoo,2,0.003774024359657405
5248,5440,PhiCen,EtaCen,0,0.006670815758676226
5248,5285,PhiCen,ChiCen,1,0.016049510349461046
5249,5285,Ups1Cen,ChiCen,0,0.009385861684806696
5249,5260,Ups1Cen,Ups2Cen,1,0.020027705745006234
5260,5354,Ups2Cen,IotLup,1,0.011677554701607633
5264,5477,93TauVir,30ZetBoo,0,0.0008512188210308266
5264,5338,93TauVir,99IotVir,1,0.004965491790009938
5264,5511,93TauVir,109Vir,1,0.0024545250007439465
5267,5459,BetCen,Alp1Cen,9,0.1367410395765032
5285,5396,ChiCen,Tau2Lup,0,0.006082127860986207
5285,5440,ChiCen,EtaCen,0,0.006226730921923634
5285,5367,ChiCen,PsiCen,0,0.0085802513769494
5287,5315,49PiHya,98KapVir,0,0.0005590154726943336
5287,5471,49PiHya,5471,0,0.0011573067908741985
5287,5485,49PiHya,5485,0,0.0017282434716490013
5288,5603,5TheCen,20SigLib,0,0.0009276417751426408
5288,5440,5TheCen,EtaCen,3,0.015278934089802255
5291,5404,11AlpDra,23TheBoo,0,0.0026139755219659827
5291,5735,11AlpDra,13GamUMi,1,0.006649968870218407
5291,5744,11AlpDra,12IotDra,4,0.005497971108685855
5315,5338,98KapVir,99IotVir,4,0.012892998577169803
5338,5487,99IotVir,107MuVir,2,0.0076082919712303024
5339,8630,DelOct,BetOct,1,0.000912548225034437
5339,5470,DelOct,AlpAps,1,0.007865614928161187
5340,5447,16AlpBoo,28SigBoo,0,0.0031175399999596133
5340,5477,16AlpBoo,30ZetBoo,1,0.009647103461030582
5340,5506,16AlpBoo,EpsBoo,2,0.01490801829978771
5351,5435,19LamBoo,27GamBoo,1,0.007843549539913662
5351,5404,19LamBoo,23TheBoo,1,0.013795480339591572
5358,5649,5358,ZetLup,0,0.0029121638373722624
5367,5378,PsiCen,5378,1,0.01580537198225696
5378,5471,5378,5471,0,0.008857386475255311
5396,5528,Tau2Lup,OmiLup,0,0.007343695257353816
5396,5469,Tau2Lup,AlpLup,1,0.010589994013897376
5404,6023,23TheBoo,11PhiHer,0,0.0005682772027524428
5425,5453,SigLup,RhoLup,1,0.01718074138719322
5429,5506,25RhoBoo,EpsBoo,4,0.03226113780074988
5429,5435,25RhoBoo,27GamBoo,4,0.01342417260283728
5429,5447,25RhoBoo,28SigBoo,1,0.04159847635146611
5430,6789,5UMi,23DelUMi,0,0.0020608440854653384
5430,5563,5UMi,7BetUMi,2,0.03010016244457156
5435,5506,27GamBoo,EpsBoo,1,0.008028825762219166
5435,5602,27GamBoo,42BetBoo,5,0.022354141374383345
5440,5576,EtaCen,KapCen,1,0.020622838409178463
5447,5506,28SigBoo,EpsBoo,1,0.02037986846882779
5453,5649,RhoLup,ZetLup,2,0.00690521607822611
5453,5646,RhoLup,Kap1Lup,0,0.007708302566067919
5453,5605,RhoLup,PiLup,0,0.008770098461635841
5453,5469,RhoLup,AlpLup,2,0.01835304892068353
5459,5469,Alp1Cen,AlpLup,0,0.0037691655557799135
5459,5649,Alp1Cen,ZetLup,0,0.004281291911064996
5463,5670,AlpCir,BetCir,1,0.004839360796840735
5469,5571,AlpLup,BetLup,2,0.02394049770295379
5469,5605,AlpLup,PiLup,1,0.012057674009923901
5469,5646,AlpLup,Kap1Lup,1,0.011286085617921842
5470,6020,AlpAps,Del1Aps,1,0.009199246814626603
5470,6102,AlpAps,GamAps,1,0.009957030846035596
5471,5603,5471,20SigLib,0,0.0012159632033563192
5471,5485,5471,5485,1,0.016881090582286
5477,5793,30ZetBoo,5AlpCrB,0,0.0008412243695499761
5477,5879,30ZetBoo,35KapSer,0,0.0008852628184169874
5477,5867,30ZetBoo,28BetSer,0,0.0012657312333537421
5477,5506,30ZetBoo,EpsBoo,2,0.002709606375830013
5485,5686,5485,2Lup,0,0.002995306471510076
5487,5511,107MuVir,109Vir,2,0.007266521265543923
5487,5685,107MuVir,27BetLib,1,0.004506168520425539
5506,5788,EpsBoo,13DelSer,0,0.0008450735647583624
5506,5793,EpsBoo,5AlpCrB,1,0.012345874702825976
5511,5881,109Vir,32MuSer,0,0.0008003886273828873
5511,5854,109Vir,24AlpSer,0,0.0012018963610496973
5511,5601,109Vir,110Vir,1,0.01185680240134636
5526,5531,58Hya,9Alp2Lib,0,0.001330333448192105
5526,5686,58Hya,2Lup,1,0.005178622632399577
5528,5626,OmiLup,LamLup,0,0.010652309589564937
5528,5571,OmiLup,BetLup,1,0.018518237912445005
5531,5953,9Alp2Lib,7DelSco,0,0.0011642102864399954
5531,5603,9Alp2Lib,20SigLib,2,0.005340457630360099
5531,5685,9Alp2Lib,27BetLib,5,0.010906284680306315
5563,7310,7BetUMi,57DelDra,0,0.0005857264424735431
5563,5735,7BetUMi,13GamUMi,10,0.057488501150142354
5563,5903,7BetUMi,16ZetUMi,6,0.014191224497621877
5570,5881,16Lib,32MuSer,0,0.0010563960378092052
5571,5646,BetLup,Kap1Lup,0,0.008979651472735632
5571,5576,BetLup,KapCen,1,0.04920205304548054
5571,5626,BetLup,LamLup,1,0.015641466775661816
5576,5603,KapCen,20SigLib,0,0.0008201766096585731
5601,5881,110Vir,32MuSer,0,0.0012350045588216086
5601,5892,110Vir,37EpsSer,0,0.0014914354486860947
5602,6536,42BetBoo,23BetDra,1,9.243972238107754e-05
5602,6418,42BetBoo,67PiHer,0,0.0001467527668244082
5602,6212,42BetBoo,40ZetHer,0,0.0004277834998753028
5602,5744,42BetBoo,12IotDra,0,0.0009243195863114764
5602,5681,42BetBoo,49DelBoo,3,0.01551692124355417
5602,5733,42BetBoo,51Mu1Boo,2,0.01652796086909643
5603,5695,20SigLib,DelLup,0,0.00105130057270349
5603,5705,20SigLib,Phi1Lup,0,0.002516869614145975
5603,5812,20SigLib,40TauLib,1,0.004845720249614747
5603,5944,20SigLib,6PiSco,1,0.002673753766688094
5605,5683,PiLup,MuLup,1,0.014633274344298085
5605,5626,PiLup,LamLup,1,0.019629593381287103
5626,5708,LamLup,EpsLup,1,0.017043370023968923
5646,5649,Kap1Lup,ZetLup,1,0.01781598003311638
5649,6229,ZetLup,EtaAra,0,0.0007835962490672485
5649,6285,ZetLup,ZetAra,0,0.0008638846035266519
5649,5897,ZetLup,BetTrA,0,0.0020424805874519735
5649,5670,ZetLup,BetCir,1,0.0056324969683583465
5670,6072,BetCir,Gam2Nor,0,0.0013480949496288567
5670,6229,BetCir,EtaAra,0,0.0015704739215824752
5670,5771,BetCir,EpsTrA,0,0.004140240237980086
5670,5897,BetCir,BetTrA,1,0.006069822315166159
5671,6020,GamTrA,Del1Aps,0,0.0017566417227228876
5671,5897,GamTrA,BetTrA,2,0.014510818575245709
5681,6092,49DelBoo,22TauHer,0,0.0008996525026998166
5681,6220,49DelBoo,44EtaHer,0,0.0009882139437166078
5681,6212,49DelBoo,40ZetHer,0,0.0010883619029314032
5681,5733,49DelBoo,51Mu1Boo,3,0.020302204709771298
5681,5747,49DelBoo,3BetCrB,1,0.025761949778058013
5683,6072,MuLup,Gam2Nor,0,0.001985365686232528
5685,5787,27BetLib,38GamLib,3,0.0072383219638307884
5686,5812,2Lup,40TauLib,1,0.00892988677213745
5695,5944,DelLup,6PiSco,0,0.0010064373099027582
5695,5708,DelLup,EpsLup,1,0.01957205205555797
5695,5705,DelLup,Phi1Lup,2,0.015544362171346108
5695,5776,DelLup,GamLup,3,0.030503915699051334
5705,5883,Phi1Lup,5ChiLup,1,0.007172025670856837
5708,6285,EpsLup,ZetAra,0,0.0004294315934422972
5708,6271,EpsLup,Zet2Sco,0,0.0006493285454242242
5733,6220,51Mu1Boo,44EtaHer,0,0.0012889763940695483
5733,6023,51Mu1Boo,11PhiHer,1,0.0034704991703029763
5735,7310,13GamUMi,57DelDra,0,0.0008666693235590208
5735,6636,13GamUMi,31Psi1Dra,0,0.0033445581345731635
5735,6396,13GamUMi,22ZetDra,1,0.006855087672996295
5744,6023,12IotDra,11PhiHer,0,0.0011023036919583524
5744,5986,12IotDra,13TheDra,5,0.019816197389914244
5747,6220,3BetCrB,44EtaHer,0,0.000883542876271811
5747,5793,3BetCrB,5AlpCrB,11,0.03979430462399059
5747,5778,3BetCrB,4TheCrB,10,0.032823799896911636
5776,6271,GamLup,Zet2Sco,1,0.0010577981126199821
5776,5797,GamLup,OmeLup,1,0.01797209536806489
5776,5948,GamLup,EtaLup,2,0.013491396321394027
5778,6220,4TheCrB,44EtaHer,0,0.0011117712528479196
5787,6075,38GamLib,2EpsOph,0,0.0011126599322103558
5787,5794,38GamLib,39UpsLib,0,0.00139424330404836
5787,5908,38GamLib,46TheLib,2,0.010440154136398448
5787,5984,38GamLib,8Bet1Sco,1,0.00461239773480437
5788,5854,13DelSer,24AlpSer,3,0.029181420687992937
5788,5867,13DelSer,28BetSer,3,0.018843740798059287
5793,5849,5AlpCrB,8GamCrB,12,0.04521232609475388
5794,5812,39UpsLib,40TauLib,2,0.03075850505595161
5794,5928,39UpsLib,5RhoSco,1,0.012816902103483914
5797,6072,OmeLup,Gam2Nor,0,0.0018400739137466222
5812,5928,40TauLib,5RhoSco,1,0.014724752407573576
5849,6212,8GamCrB,40ZetHer,0,0.002152914897383596
5849,5879,8GamCrB,35KapSer,1,0.007758703987756904
5849,5947,8GamCrB,13EpsCrB,12,0.02453307416035429
5854,6299,24AlpSer,27KapOph,0,0.0008688811570256991
5854,6148,24AlpSer,27BetHer,0,0.0013382480706048791
5854,5892,24AlpSer,37EpsSer,3,0.02743512715978388
5867,5933,28BetSer,41GamSer,4,0.03655747963707978
5867,5879,28BetSer,35KapSer,3,0.029302821341258733
5868,6149,27LamSer,10LamOph,0,0.0013475742745882363
5881,5892,32MuSer,37EpsSer,1,0.0070202452315773255
5883,6241,5ChiLup,26EpsSco,0,0.0017171551876365447
5883,6165,5ChiLup,23TauSco,0,0.0023614123942442265
5883,5928,5ChiLup,5RhoSco,2,0.01177063844891521
5883,5948,5ChiLup,EtaLup,2,0.01013417709754802
5883,5987,5ChiLup,TheLup,1,0.009638627347265522
5892,6056,37EpsSer,1DelOph,2,0.004012759275028082
5897,6217,BetTrA,AlpTrA,2,0.010702257510292596
5897,6030,BetTrA,DelTrA,1,0.020460948469383275
5903,6636,16ZetUMi,31Psi1Dra,0,0.004373581457385877
5903,6322,16ZetUMi,22EpsUMi,7,0.012991893042620222
5908,5953,46TheLib,7DelSco,1,0.007425479749320455
5908,5984,46TheLib,8Bet1Sco,1,0.012189498529464684
5928,6143,5RhoSco,6143,0,0.0029591730053691347
5928,5987,5RhoSco,TheLup,0,0.00412290004584585
5928,5944,5RhoSco,6PiSco,7,0.018780652392970245
5928,6134,5RhoSco,21AlpSco,2,0.005791247290444679
5933,6281,41GamSer,25IotOph,0,0.0009323103981026014
5933,6149,41GamSer,10LamOph,0,0.0010196440458272525
5933,6095,41GamSer,20GamHer,2,0.01109557616185823
5944,5953,6PiSco,7DelSco,15,0.036262615364915415
5944,6084,6PiSco,20SigSco,7,0.02412171366156461
5944,6165,6PiSco,23TauSco,2,0.010133930773933172
5947,6212,13EpsCrB,40ZetHer,1,0.003757947328490508
5948,6285,EtaLup,ZetAra,0,0.000321984899415879
5948,6380,EtaLup,EtaSco,0,0.001366900604518314
5948,6115,EtaLup,EpsNor,0,0.0017548683689688313
5948,6165,EtaLup,23TauSco,0,0.0023673689042612413
5948,5987,EtaLup,TheLup,2,0.017755251169768695
5953,5984,7DelSco,8Bet1Sco,13,0.05483833279115024
5953,5993,7DelSco,9Ome1Sco,1,0.021501306198470668
5977,6147,XiSco,8PhiOph,0,0.003994006157702346
5984,6075,8Bet1Sco,2EpsOph,0,0.0014880271493758564
5984,6027,8Bet1Sco,14NuSco,3,0.028829885835620708
5984,5993,8Bet1Sco,9Ome1Sco,2,0.031234368308415677
5986,6023,13TheDra,11PhiHer,0,0.0016758495468034212
5986,6555,13TheDra,25Nu2Dra,0,0.002318469635934214
5986,6132,13TheDra,14EtaDra,7,0.022783409588102425
5987,6271,TheLup,Zet2Sco,0,0.0018945014924573419
5987,6247,TheLup,Mu1Sco,0,0.0030583494877337884
5987,6166,TheLup,6166,0,0.006362258916700482
5993,6084,9Ome1Sco,20SigSco,0,0.008950001629235855
5993,5997,9Ome1Sco,10Ome2Sco,1,0.02868856175284119
5997,6084,10Ome2Sco,20SigSco,0,0.007239650142823822
6020,6102,Del1Aps,GamAps,1,0.023230092163755458
6023,6092,11PhiHer,22TauHer,2,0.02930906546322782
6027,6075,14NuSco,2EpsOph,0,0.0010653793890733553
6027,6118,14NuSco,7ChiOph,0,0.011592897571082521
6030,6582,DelTrA,EtaPav,0,0.002913522964892543
6030,6229,DelTrA,EtaAra,1,0.007609086190706296
6056,6299,1DelOph,27KapOph,1,0.0011978296214483907
6056,6075,1DelOph,2EpsOph,2,0.05044908015876908
6056,6149,1DelOph,10LamOph,1,0.007922355883553287
6072,6115,Gam2Nor,EpsNor,1,0.011487202586715616
6075,6299,2EpsOph,27KapOph,1,0.0011391922254267784
6075,6175,2EpsOph,13ZetOph,3,0.011075295402835073
6084,6378,20SigSco,35EtaOph,0,0.0021159867292645154
6084,6104,20SigSco,4PsiOph,0,0.006678234387484492
6084,6134,20SigSco,21AlpSco,10,0.05328917263864161
6092,6132,22TauHer,14EtaDra,0,0.0015072619864537212
6092,6588,22TauHer,85IotHer,0,0.0021070522938606583
6092,6168,22TauHer,35SigHer,4,0.01689272914300499
6095,6281,20GamHer,25IotOph,0,0.002032167933758169
6095,6148,20GamHer,27BetHer,5,0.031152161488819684
6102,6163,GamAps,BetAps,2,0.018200575887090058
6104,6153,4PsiOph,9OmeOph,2,0.015216089289072652
6104,6118,4PsiOph,7ChiOph,1,0.01806437154612897
6118,6147,7ChiOph,8PhiOph,1,0.017647276678926776
6132,6396,14EtaDra,22ZetDra,7,0.023829828041725832
6134,6453,21AlpSco,42TheOph,0,0.0036018891221962254
6134,6165,21AlpSco,23TauSco,11,0.05324730345603073
6147,6378,8PhiOph,35EtaOph,2,0.0031082610197356313
6147,6175,8PhiOph,13ZetOph,2,0.006921507675433514
6147,6153,8PhiOph,9OmeOph,2,0.008575695643599328
6148,6324,27BetHer,58EpsHer,0,0.0035711113167445708
6148,6212,27BetHer,40ZetHer,4,0.010931276963133067
6148,6410,27BetHer,65DelHer,1,0.007199970029327297
6149,6629,10LamOph,62GamOph,0,0.00041209469212074033
6153,6445,9OmeOph,40XiOph,0,0.0017056268730869838
6153,6402,9OmeOph,36Oph,0,0.0017544219886119908
6153,6378,9OmeOph,35EtaOph,0,0.0019822494107381433
6153,6165,9OmeOph,23TauSco,1,0.005211019734194672
6163,7590,BetAps,EpsPav,0,0.0009917296125438646
6163,6982,BetAps,ZetPav,0,0.0021351607207587735
6165,6241,23TauSco,26EpsSco,8,0.016554745724562978
6168,6536,35SigHer,23BetDra,0,0.0016807285200588682
6168,6220,35SigHer,44EtaHer,4,0.019891665125472822
6175,6629,13ZetOph,62GamOph,0,0.00021707808433131553
6175,6498,13ZetOph,49SigOph,0,0.00029079933315622467
6175,6603,13ZetOph,60BetOph,0,0.0004225700623243177
6175,6299,13ZetOph,27KapOph,0,0.0004953507293161409
6175,6378,13ZetOph,35EtaOph,2,0.010567434824679782
6212,6220,40ZetHer,44EtaHer,1,0.013987524292202175
6212,6324,40ZetHer,58EpsHer,6,0.022942787064003597
6217,7913,AlpTrA,BetPav,0,0.0002004068046508449
6217,7590,AlpTrA,EpsPav,0,0.0006245626256135105
6217,6285,AlpTrA,ZetAra,0,0.0022072660230452604
6220,6418,44EtaHer,67PiHer,3,0.016418230310772552
6229,6285,EtaAra,ZetAra,4,0.01711547618214809
6241,6492,26EpsSco,45Oph,0,0.0033888686986726924
6241,6247,26EpsSco,Mu1Sco,12,0.04397112481575643
6247,6271,Mu1Sco,Zet2Sco,7,0.016518913508364992
6247,6380,Mu1Sco,EtaSco,3,0.01205244260924461
6271,6380,Zet2Sco,EtaSco,6,0.020131400566126875
6281,6299,25IotOph,27KapOph,1,0.02772055210741637
6285,6462,ZetAra,GamAra,3,0.021020523426702582
6285,6295,ZetAra,Eps1Ara,2,0.01526566848363745
6295,6380,Eps1Ara,EtaSco,0,0.0025179751874493386
6295,6510,Eps1Ara,AlpAra,1,0.00702590757820248
6299,6498,27KapOph,49SigOph,1,0.004026492892320599
6299,6556,27KapOph,55AlpOph,2,0.007924388107656504
6322,6927,22EpsUMi,44ChiDra,0,0.0035332555082218694
6322,6789,22EpsUMi,23DelUMi,7,0.01335990624597578
6324,6410,58EpsHer,65DelHer,2,0.011230942605223029
6324,6418,58EpsHer,67PiHer,3,0.012421061550664966
6378,6629,35EtaOph,62GamOph,0,0.0003114472239631388
6378,6453,35EtaOph,42TheOph,1,0.006396623318831233
6378,6561,35EtaOph,55XiSer,2,0.01108167850358156
6378,6698,35EtaOph,64NuOph,1,0.002524085242035829
6380,6546,EtaSco,6546,0,0.005832946340757444
6380,6553,EtaSco,TheSco,9,0.018994897132259367
6396,6705,22ZetDra,33GamDra,0,0.002389002476374551
6396,6920,22ZetDra,43PhiDra,1,0.006193502784622664
6396,6688,22ZetDra,32XiDra,4,0.005677371482727616
6396,6927,22ZetDra,44ChiDra,3,0.008121991505781686
6396,7310,22ZetDra,57DelDra,1,0.00545196036339422
6402,6453,36Oph,42TheOph,2,0.018890309779944815
6406,6526,64Alp1Her,76LamHer,0,0.001827140784584728
6410,6556,65DelHer,55AlpOph,0,0.0036896175390351595
6410,6623,65DelHer,86MuHer,1,0.01239648374421249
6410,6526,65DelHer,76LamHer,3,0.015590927063384838
6418,7001,67PiHer,3AlpLyr,0,0.001851732887065555
6418,6485,67PiHer,XXX,3,0.035475525468848634
6446,6498,53NuSer,49SigOph,0,0.000507360022834866
6446,6561,53NuSer,55XiSer,1,0.009529793715409674
6446,6581,53NuSer,56OmiSer,1,0.0093031920265259
6453,6698,42TheOph,64NuOph,0,0.0008713108041081543
6453,6508,42TheOph,34UpsSco,0,0.003135311052744992
6453,6527,42TheOph,35LamSco,0,0.003200493243322609
6453,6486,42TheOph,44Oph,1,0.02704394742695579
6461,7790,BetAra,AlpPav,0,0.0001574600427597598
6461,6462,BetAra,GamAra,2,0.04407813578530794
6461,6510,BetAra,AlpAra,2,0.017098448380732496
6462,7913,GamAra,BetPav,0,8.61311576648358e-05
6462,7790,GamAra,AlpPav,0,0.00011789535939591709
6462,6500,GamAra,DelAra,2,0.014406975803841886
6485,6526,XXX,76LamHer,0,0.0027046304008838647
6485,6707,XXX,94NuHer,0,0.0033757079808105312
6485,6695,XXX,91TheHer,2,0.0108360782627002
6486,6812,44Oph,13MuSgr,0,0.0021364292428034215
6486,6746,44Oph,10Gam2Sgr,0,0.0024443804410291623
6492,6630,45Oph,6630,0,0.003633438510283269
6498,6603,49SigOph,60BetOph,1,0.013167212622506955
6500,6743,DelAra,TheAra,0,0.0022949491743673085
6508,6527,34UpsSco,35LamSco,12,0.08710639544680099
6510,7790,AlpAra,AlpPav,0,9.448911840555753e-05
6510,6553,AlpAra,TheSco,2,0.013744796958364513
6510,6743,AlpAra,TheAra,1,0.010895048749222433
6526,6556,76LamHer,55AlpOph,0,0.0012802614949628498
6526,6623,76LamHer,86MuHer,4,0.015266398892034976
6527,6580,35LamSco,KapSco,10,0.0644303295163275
6527,6630,35LamSco,6630,1,0.030588452999269565
6527,6546,35LamSco,6546,1,0.020186320942257266
6536,6705,23BetDra,33GamDra,6,0.05386914861512782
6536,6555,23BetDra,25Nu2Dra,5,0.02741313045355077
6546,6580,6546,KapSco,1,0.02229990835944562
6553,6897,TheSco,AlpTel,0,0.00500975063455572
6553,6580,TheSco,KapSco,1,0.04386649010807398
6553,6615,TheSco,Iot1Sco,8,0.03248315191563834
6555,6688,25Nu2Dra,32XiDra,5,0.02421360045505807
6556,7235,55AlpOph,17ZetAql,0,0.00042951187023302473
6556,6895,55AlpOph,109Her,0,0.0014076395386701573
6556,6787,55AlpOph,102Her,0,0.0021513079344013713
6556,6730,55AlpOph,XXX,0,0.002526963975593407
6556,6603,55AlpOph,60BetOph,3,0.015669329015970363
6561,6812,55XiSer,13MuSgr,0,0.003566071878507652
6561,6581,55XiSer,56OmiSer,1,0.017807741615583267
6561,6698,55XiSer,64NuOph,2,0.009145161303258011
6580,6630,KapSco,6630,2,0.03651408342584773
6580,6615,KapSco,Iot1Sco,11,0.05390113441599557
6581,6629,56OmiSer,62GamOph,0,0.000758392630065666
6582,7590,EtaPav,EpsPav,0,0.0008664060372459779
6582,6745,EtaPav,PiPav,2,0.012536149973405583
6588,7157,85IotHer,13Lyr,0,0.001991235158777781
6588,6695,85IotHer,91TheHer,2,0.006807171447095261
6588,6705,85IotHer,33GamDra,1,0.01545054093286625
6603,7235,60BetOph,17ZetAql,0,0.00041166691556788516
6603,6698,60BetOph,64NuOph,1,0.001954154427539732
6603,6629,60BetOph,62GamOph,2,0.033913901359680046
6615,6897,Iot1Sco,AlpTel,0,0.005131630113432302
6615,6630,Iot1Sco,6630,1,0.030996286018101088
6615,6832,Iot1Sco,EtaSgr,1,0.013766802509101053
6623,7235,86MuHer,17ZetAql,1,0.00024455375658948453
6623,6695,86MuHer,91TheHer,0,0.005923000611902939
6623,6703,86MuHer,92XiHer,2,0.03198225455139632
6623,6779,86MuHer,103OmiHer,2,0.018802458316435337
6629,6714,62GamOph,67Oph,1,0.021743560473487834
6630,6832,6630,EtaSgr,1,0.01746873055614808
6688,7310,32XiDra,57DelDra,1,0.0022070136241186984
6695,6703,91TheHer,92XiHer,1,0.009121653734337142
6695,7001,91TheHer,3AlpLyr,1,0.008923297810390914
6698,7264,64NuOph,41PiSgr,0,0.0004667048795738479
6698,6913,64NuOph,22LamSgr,0,0.0009983692040775353
6698,7236,64NuOph,16LamAql,0,0.0010111585450162512
6698,6723,64NuOph,68Oph,0,0.0022146198626433193
6698,6869,64NuOph,58EtaSer,2,0.00909746434835422
6703,6779,92XiHer,103OmiHer,2,0.03586792611572841
6705,7310,33GamDra,57DelDra,0,0.0011292348504725145
6705,7001,33GamDra,3AlpLyr,1,0.0059909904090250325
6714,6869,67Oph,58EtaSer,0,0.006748401983069732
6714,6752,67Oph,70Oph,3,0.03340967777232499
6714,6771,67Oph,72Oph,1,0.008934114825059071
6723,6869,68Oph,58EtaSer,1,0.0066415861070081884
6723,6752,68Oph,70Oph,3,0.023121521681929887
6730,6787,XXX,102Her,1,0.024293133256435735
6743,7665,TheAra,DelPav,0,0.00014870960006851288
6743,7790,TheAra,AlpPav,0,0.0001981398213657905
6743,6905,TheAra,ZetTel,1,0.012967156030872427
6745,7107,PiPav,KapPav,0,0.004742642662875878
6745,6855,PiPav,XiPav,1,0.012379306569588328
6745,7074,PiPav,LamPav,1,0.006767569880319716
6746,6879,10Gam2Sgr,20EpsSgr,1,0.02200099283441465
6746,6913,10Gam2Sgr,22LamSgr,1,0.015532103570277931
6746,6859,10Gam2Sgr,19DelSgr,5,0.038685473541544696
6752,7141,70Oph,63The1Ser,0,0.0018933418689298096
6771,7235,72Oph,17ZetAql,0,0.001547401846393352
6771,7069,72Oph,111Her,0,0.0015818113119957144
6771,7176,72Oph,13EpsAql,0,0.0015856440583561452
6771,7141,72Oph,63The1Ser,0,0.0016755356309201038
6779,7001,103OmiHer,3AlpLyr,0,0.003670884902674938
6779,6872,103OmiHer,1KapLyr,1,0.00681585479325052
6812,6973,13MuSgr,AlpSct,0,0.0016471842331912004
6812,6913,13MuSgr,22LamSgr,3,0.011936752107399006
6832,7790,EtaSgr,AlpPav,0,4.363427446555741e-05
6832,7869,EtaSgr,AlpInd,0,7.987949654703453e-05
6832,7259,EtaSgr,BetCrA,0,0.002655269744614983
6832,6879,EtaSgr,20EpsSgr,6,0.040689947202076866
6832,6897,EtaSgr,AlpTel,1,0.005293168791344233
6855,6905,XiPav,ZetTel,0,0.0011444750125057636
6855,7074,XiPav,LamPav,1,0.010311234664676637
6859,7039,19DelSgr,27PhiSgr,0,0.016902221503495848
6859,6879,19DelSgr,20EpsSgr,7,0.0347996264169086
6859,6913,19DelSgr,22LamSgr,5,0.03181268605096117
6869,7235,58EtaSer,17ZetAql,0,0.0005663167068500936
6869,7377,58EtaSer,30DelAql,0,0.0010608344978030476
6869,7141,58EtaSer,63The1Ser,3,0.002852040044885296
6872,7056,1KapLyr,6Zet1Lyr,0,0.012888470615644385
6879,7348,20EpsSgr,AlpSgr,0,0.0015142577063034985
6879,7039,20EpsSgr,27PhiSgr,0,0.008738046575498898
6879,7226,20EpsSgr,GamCrA,1,0.0037779183231234576
6895,7417,109Her,6Bet1Cyg,0,0.001010158001432326
6897,7790,AlpTel,AlpPav,0,0.0002499689330579776
6897,7337,AlpTel,Bet1Sgr,0,0.0032672106564996715
6897,6905,AlpTel,ZetTel,2,0.015652761697251327
6897,7259,AlpTel,BetCrA,1,0.00279989822111892
6905,7074,ZetTel,LamPav,0,0.0009651320810848288
6913,7039,22LamSgr,27PhiSgr,6,0.027166060532921595
6913,7121,22LamSgr,34SigSgr,1,0.022263187015153025
6920,7352,43PhiDra,60TauDra,1,0.013579936032959367
6927,8974,44ChiDra,35GamCep,0,0.0006495540696625383
6927,7352,44ChiDra,60TauDra,4,0.015330127011546818
6973,7340,AlpSct,44Rho1Sgr,0,0.0012135798165448805
6973,7150,AlpSct,37Xi2Sgr,0,0.0016011600623917319
6973,7063,AlpSct,BetSct,2,0.012821213036703187
6982,7107,ZetPav,KapPav,2,0.00745591573750164
6982,7590,ZetPav,EpsPav,2,0.006696776821646749
7001,7051,3AlpLyr,4Eps1Lyr,3,0.045656914198471205
7001,7056,3AlpLyr,6Zet1Lyr,7,0.03535622800228903
7001,7106,3AlpLyr,10BetLyr,1,0.020024864358334924
7039,7121,27PhiSgr,34SigSgr,6,0.045322812332010666
7051,7615,4Eps1Lyr,21EtaCyg,0,0.0015717626737801458
7051,7328,4Eps1Lyr,1KapCyg,0,0.001661929918178025
7051,7420,4Eps1Lyr,10Iot2Cyg,0,0.0018412601893668234
7056,7139,6Zet1Lyr,12Del2Lyr,5,0.029229705946564204
7061,7106,110Her,10BetLyr,0,0.0019237671884870296
7061,7069,110Her,111Her,1,0.021843974408678038
7063,7141,BetSct,63The1Ser,0,0.004016120414638008
7063,7193,BetSct,12Aql,1,0.01580257534998882
7063,7236,BetSct,16LamAql,1,0.012465496471233782
7074,7343,LamPav,Bet2Sgr,0,0.0003276257671250383
7074,7107,LamPav,KapPav,2,0.006370369036438631
7106,7235,10BetLyr,17ZetAql,0,0.0005753873120352568
7106,7178,10BetLyr,14GamLyr,6,0.05401462817228716
7106,7139,10BetLyr,12Del2Lyr,6,0.019229992696356276
7107,7590,KapPav,EpsPav,0,0.003159036942736821
7121,7217,34SigSgr,39OmiSgr,3,0.015618148849034404
7121,7194,34SigSgr,38ZetSgr,1,0.04570610075798242
7121,7234,34SigSgr,40TauSgr,5,0.03411779434997779
7121,7264,34SigSgr,41PiSgr,1,0.02232067099183905
7139,7314,12Del2Lyr,21TheLyr,0,0.015141553933126922
7141,7429,63The1Ser,38MuAql,0,0.003085564538166907
7141,7235,63The1Ser,17ZetAql,1,0.004063027132884685
7150,7217,37Xi2Sgr,39OmiSgr,4,0.03554332069835885
7150,7340,37Xi2Sgr,44Rho1Sgr,1,0.00990699676205212
7157,7469,13Lyr,13TheCyg,0,0.00384985372295798
7157,7298,13Lyr,20EtaLyr,1,0.010194412870033991
7176,7405,13EpsAql,6AlpVul,0,0.0020147735206016114
7176,7479,13EpsAql,5AlpSge,0,0.0032568392761850896
7176,7235,13EpsAql,17ZetAql,2,0.03087392905988582
7178,7235,14GamLyr,17ZetAql,0,0.0008312962868500011
7193,7340,12Aql,44Rho1Sgr,0,0.001896045256394761
7193,7236,12Aql,16LamAql,1,0.035270929620562705
7194,7869,38ZetSgr,AlpInd,0,0.00015201305783891784
7194,7226,38ZetSgr,GamCrA,1,0.006036092626300611
7194,7234,38ZetSgr,40TauSgr,5,0.03910086330819515
7194,7623,38ZetSgr,The1Sgr,1,0.0012324267110850342
7194,7348,38ZetSgr,AlpSgr,1,0.0024256960059738627
7217,7234,39OmiSgr,40TauSgr,0,0.01198434952983715
7217,7264,39OmiSgr,41PiSgr,3,0.03892993290280572
7226,7623,GamCrA,The1Sgr,0,0.002160167813787762
7226,7254,GamCrA,AlpCrA,8,0.02780898321453487
7234,7869,40TauSgr,AlpInd,0,9.628109996453103e-05
7235,7536,17ZetAql,7DelSge,0,0.003914446337150897
7235,7488,17ZetAql,6BetSge,0,0.004004005940451673
7235,7525,17ZetAql,50GamAql,2,0.00798590409927154
7236,7776,16LamAql,9BetCap,0,0.00043870626295538264
7236,7754,16LamAql,6Alp2Cap,0,0.0005826872502358931
7236,7377,16LamAql,30DelAql,2,0.007386455094423168
7254,7623,AlpCrA,The1Sgr,0,0.0024417981196309065
7254,7259,AlpCrA,BetCrA,8,0.02694722696654158
7264,7340,41PiSgr,44Rho1Sgr,2,0.017554478302084453
7298,7528,20EtaLyr,18DelCyg,0,0.0055087500953615075
7298,7314,20EtaLyr,21TheLyr,2,0.033513287758352175
7310,7528,57DelDra,18DelCyg,0,0.00037358585756569305
7310,7740,57DelDra,33Cyg,0,0.0018297880440789392
7310,7352,57DelDra,60TauDra,0,0.010017669473673198
7310,7582,57DelDra,63EpsDra,5,0.02377417545896039
7314,7417,21TheLyr,6Bet1Cyg,0,0.003102815921235765
7328,7420,1KapCyg,10Iot2Cyg,3,0.03820967253437942
7337,7348,Bet1Sgr,AlpSgr,3,0.016148481913266535
7337,7343,Bet1Sgr,Bet2Sgr,1,0.030113905069244426
7340,7936,44Rho1Sgr,16PsiCap,0,0.0002514512540886669
7340,7623,44Rho1Sgr,The1Sgr,0,0.00027184774991359295
7340,7447,44Rho1Sgr,41IotAql,0,0.0005566006034125292
7343,7790,Bet2Sgr,AlpPav,0,0.000658144369776938
7343,7581,Bet2Sgr,IotSgr,1,0.006781497782209314
7348,8204,AlpSgr,34ZetCap,0,2.046246175469505e-05
7348,7776,AlpSgr,9BetCap,0,3.956066127800845e-05
7348,7581,AlpSgr,IotSgr,2,0.008763446485579056
7352,7582,60TauDra,63EpsDra,4,0.015201586402369583
7377,7429,30DelAql,38MuAql,1,0.011363522631803897
7377,7447,30DelAql,41IotAql,1,0.010602201739486568
7377,7570,30DelAql,55EtaAql,1,0.009634938754452822
7377,7602,30DelAql,60BetAql,1,0.0091688509396953
7417,7796,6Bet1Cyg,37GamCyg,2,0.0023092803171528985
7417,7615,6Bet1Cyg,21EtaCyg,4,0.007019212928621882
7420,7469,10Iot2Cyg,13TheCyg,1,0.026851913470469564
7420,7528,10Iot2Cyg,18DelCyg,3,0.011855054666814288
7447,7747,41IotAql,5Alp1Cap,0,0.0009311983619038902
7479,7488,5AlpSge,6BetSge,3,0.03682584755524733
7479,7536,5AlpSge,7DelSge,2,0.027206355458014087
7525,7882,50GamAql,6BetDel,0,0.002690171833665563
7525,7557,50GamAql,53AlpAql,10,0.08691655824836869
7528,7957,18DelCyg,3EtaCep,0,0.0008387170999303176
7528,7796,18DelCyg,37GamCyg,6,0.016955794756968172
7528,7735,18DelCyg,31Cyg,1,0.024860253399137958
7536,7635,7DelSge,12GamSge,2,0.03174994616079226
7557,8308,53AlpAql,8EpsPeg,0,0.00016732613167309482
7557,7602,53AlpAql,60BetAql,8,0.03547863534729371
7557,7882,53AlpAql,6BetDel,1,0.002981577202572378
7564,7635,ChiCyg,12GamSge,0,0.0016693922249093624
7570,7754,55EtaAql,6Alp2Cap,0,0.001359929708749942
7570,7602,55EtaAql,60BetAql,1,0.015527005006134588
7570,7710,55EtaAql,65TheAql,2,0.01706332526544529
7581,7869,IotSgr,AlpInd,0,0.0039389394894120315
7581,7623,IotSgr,The1Sgr,2,0.006331417551513357
7582,8974,63EpsDra,35GamCep,0,0.0009817313650495483
7590,7665,EpsPav,DelPav,2,0.005870407718722222
7602,7882,60BetAql,6BetDel,0,0.002462440452120411
7602,7710,60BetAql,65TheAql,1,0.008856787307923197
7602,7852,60BetAql,2EpsDel,2,0.0038275183888916175
7615,7635,21EtaCyg,12GamSge,0,0.001267417747882685
7615,7796,21EtaCyg,37GamCyg,5,0.010732789079066229
7615,7806,21EtaCyg,39Cyg,1,0.008570133712440522
7623,7869,The1Sgr,AlpInd,0,0.0010213767501662775
7635,8308,12GamSge,8EpsPeg,0,8.938948261946584e-05
7635,7949,12GamSge,53EpsCyg,0,0.000956824149790475
7665,7790,DelPav,AlpPav,2,0.004236009388664565
7665,7913,DelPav,BetPav,2,0.017785843495496632
7710,8308,65TheAql,8EpsPeg,0,0.00016663789977196906
7710,8232,65TheAql,22BetAqr,0,0.0005898304994386202
7710,8131,65TheAql,8AlpEqu,0,0.0007816832431433478
7710,7882,65TheAql,6BetDel,0,0.0011067818570674917
7710,7852,65TheAql,2EpsDel,0,0.0020053715803231282
7735,7957,31Cyg,3EtaCep,0,0.0018465442176725194
7735,7924,31Cyg,50AlpCyg,1,0.02757743065789528
7740,8335,33Cyg,81Pi2Cyg,0,0.0008879862283008785
7740,8316,33Cyg,MuCep,0,0.002219369956801397
7747,7776,5Alp1Cap,9BetCap,1,0.024596995971554698
7751,7957,32Cyg,3EtaCep,0,0.0016186295382680333
7754,7776,6Alp2Cap,9BetCap,5,0.04133448725561539
7776,7869,9BetCap,AlpInd,0,2.68788593666611e-05
7776,8353,9BetCap,GamGru,0,5.4769489310844484e-05
7776,8075,9BetCap,23TheCap,4,0.003386522956870407
7776,7936,9BetCap,16PsiCap,1,0.002515385976658858
7796,7806,37GamCyg,39Cyg,0,0.005748884327541345
7796,7924,37GamCyg,50AlpCyg,8,0.05058418929490331
7796,7949,37GamCyg,53EpsCyg,6,0.025839555491814003
7806,7834,39Cyg,41Cyg,1,0.02493734745717158
7806,7949,39Cyg,53EpsCyg,1,0.012178558096566282
7834,7948,41Cyg,12Gam2Del,0,0.0013766186206341693
7850,8238,2TheCep,8BetCep,0,0.004538923735730278
7850,7957,2TheCep,3EtaCep,1,0.030428060104258747
7852,7884,2EpsDel,71Aql,0,0.0019871562308610875
7852,7882,2EpsDel,6BetDel,6,0.022953858982893337
7869,7980,AlpInd,18OmeCap,0,0.00029158409467985776
7869,8305,AlpInd,9IotPsA,0,0.00034834017175753304
7869,8425,AlpInd,AlpGru,0,0.002157552684520306
7869,8140,AlpInd,TheInd,1,0.003702675604944123
7882,7906,6BetDel,9AlpDel,11,0.04724589640788756
7884,8131,71Aql,8AlpEqu,1,0.002633781284930833
7906,7949,9AlpDel,53EpsCyg,0,0.0007331244957284582
7906,7928,9AlpDel,11DelDel,11,0.029820839296440024
7913,8181,BetPav,GamPav,2,0.009566689850802052
7924,8650,50AlpCyg,44EtaPeg,0,0.000111579336045695
7924,8028,50AlpCyg,58NuCyg,1,0.017765813615065334
7924,8079,50AlpCyg,62XiCyg,1,0.024360121569140938
7924,8465,50AlpCyg,21ZetCep,1,0.0008718393631484663
7928,8097,11DelDel,5GamEqu,0,0.005295442561854162
7928,7948,11DelDel,12Gam2Del,11,0.029536740302731294
7936,7980,16PsiCap,18OmeCap,6,0.03142745106934842
7936,8075,16PsiCap,23TheCap,3,0.005273062243693069
7942,7948,52Cyg,12Gam2Del,0,0.0012465150897587331
7942,8173,52Cyg,1Peg,0,0.001514099392883463
7948,8430,12Gam2Del,24IotPeg,0,0.0003544951705553318
7948,7949,12Gam2Del,53EpsCyg,0,0.0007214354771374852
7948,8173,12Gam2Del,1Peg,1,0.005465073186731807
7949,8028,53EpsCyg,58NuCyg,0,0.009179284236529892
7949,8115,53EpsCyg,64ZetCyg,4,0.019056728185920968
7949,8146,53EpsCyg,66UpsCyg,1,0.008032503924868277
7950,8131,2EpsAqr,8AlpEqu,0,0.0010138283592538088
7950,8278,2EpsAqr,40GamCap,0,0.001885567723194872
7950,7951,2EpsAqr,3Aqr,2,0.013394124817760929
7950,8232,2EpsAqr,22BetAqr,1,0.003955690634973359
7951,8131,3Aqr,8AlpEqu,0,0.0018484697640318134
7951,8232,3Aqr,22BetAqr,1,0.0029071329244377527
7957,8079,3EtaCep,62XiCyg,0,0.0007730392085366659
7957,8162,3EtaCep,5AlpCep,1,0.03355258784762451
7980,8080,18OmeCap,24Cap,3,0.015151555755115117
7986,8425,BetInd,AlpGru,0,0.001310902506791919
7986,8368,BetInd,DelInd,0,0.0033894404410783146
7986,8140,BetInd,TheInd,1,0.007423078614454477
8028,8079,58NuCyg,62XiCyg,1,0.028941676314483685
8028,8130,58NuCyg,65TauCyg,1,0.019499559006276368
8028,8143,58NuCyg,67SigCyg,1,0.017378478909670373
8075,8167,23TheCap,32IotCap,4,0.01792455024338721
8075,8204,23TheCap,34ZetCap,1,0.009689394389987652
8079,8162,62XiCyg,5AlpCep,0,0.0006420353763086525
8079,8252,62XiCyg,73RhoCyg,1,0.015008271110018035
8079,8335,62XiCyg,81Pi2Cyg,1,0.0051770042765328745
8079,8465,62XiCyg,21ZetCep,1,0.0008874599855043418
8080,8305,24Cap,9IotPsA,0,0.0022070064831395497
8080,8204,24Cap,34ZetCap,2,0.011304440956121575
8097,8173,5GamEqu,1Peg,0,0.0034573480782275315
8097,8123,5GamEqu,7DelEqu,2,0.03178859769175499
8115,8684,64ZetCyg,48MuPeg,0,0.00033212362881778
8115,8650,64ZetCyg,44EtaPeg,0,0.0008252878710510189
8115,8146,64ZetCyg,66UpsCyg,1,0.012892961993332968
8115,8309,64ZetCyg,78Mu1Cyg,3,0.007453923884334771
8123,8313,7DelEqu,9Peg,0,0.003062430093711528
8123,8131,7DelEqu,8AlpEqu,2,0.012394832462586691
8130,8762,65TauCyg,1OmiAnd,0,0.000408842804313766
8130,8650,65TauCyg,44EtaPeg,0,0.0005191049125830739
8130,8585,65TauCyg,7AlpLac,0,0.0007336379294296589
8130,8146,65TauCyg,66UpsCyg,1,0.019534095337907422
8130,8143,65TauCyg,67SigCyg,1,0.035620050029677844
8131,8232,8AlpEqu,22BetAqr,2,0.0035881267504727257
8131,8308,8AlpEqu,8EpsPeg,1,0.007661275086013312
8140,8425,TheInd,AlpGru,0,0.0033019373823830493
8143,8485,67SigCyg,8485,0,0.0027890382422937877
8143,8498,67SigCyg,1Lac,0,0.002822476686653556
8146,8498,66UpsCyg,1Lac,0,0.002183793123456307
8146,8454,66UpsCyg,29Pi2Peg,0,0.0028680851289316495
8146,8309,66UpsCyg,78Mu1Cyg,0,0.005398079700999429
8162,8465,5AlpCep,21ZetCep,1,0.013400251817894782
8162,8238,5AlpCep,8BetCep,3,0.013489277432842143
8162,8316,5AlpCep,MuCep,1,0.01617616509097544
8162,8334,5AlpCep,10NuCep,1,0.019391318859310756
8162,8417,5AlpCep,17XiCep,1,0.011981117741721092
8167,8232,32IotCap,22BetAqr,0,0.0029368544851162246
8167,8204,32IotCap,34ZetCap,4,0.012064953663708383
8167,8278,32IotCap,40GamCap,4,0.017203212388246923
8173,8313,1Peg,9Peg,2,0.010400559793407049
8173,8315,1Peg,10KapPeg,1,0.007566184759442906
8181,8254,GamPav,NuOct,0,0.0013387589718776274
8204,8728,34ZetCap,24AlpPsA,0,0.00036392708740610113
8204,8628,34ZetCap,18EpsPsA,0,0.0007200315777541533
8204,8431,34ZetCap,14MuPsA,0,0.001228459343796232
8204,8322,34ZetCap,49DelCap,1,0.010548319709590054
8232,8499,22BetAqr,43TheAqr,0,0.003411133155515803
8232,8414,22BetAqr,34AlpAqr,3,0.01182534433915344
8238,8417,8BetCep,17XiCep,0,0.008049211504271722
8238,8694,8BetCep,32IotCep,2,0.009428073831579259
8238,8974,8BetCep,35GamCep,3,0.006091338719708761
8252,8485,73RhoCyg,8485,1,0.0038093447542839414
8252,8572,73RhoCyg,5Lac,0,0.003864009912002213
8254,8502,NuOct,AlpTuc,0,0.0006081299086187964
8254,8630,NuOct,BetOct,1,0.00857245375574029
8278,8322,40GamCap,49DelCap,5,0.05116307077140697
8305,8431,9IotPsA,14MuPsA,3,0.012255746823668015
8308,8684,8EpsPeg,48MuPeg,0,0.00042849919218064124
8308,8313,8EpsPeg,9Peg,1,0.007155794420650877
8308,8414,8EpsPeg,34AlpAqr,1,0.008189866539772836
8308,8450,8EpsPeg,26ThePeg,3,0.014076174344565503
8309,8315,78Mu1Cyg,10KapPeg,1,0.01928022536440841
8313,8665,9Peg,46XiPeg,0,0.0009382561215683971
8313,8450,9Peg,26ThePeg,0,0.0020284481808225557
8313,8315,9Peg,10KapPeg,0,0.005794561653808223
8315,8430,10KapPeg,24IotPeg,5,0.01525483783598657
8316,8465,MuCep,21ZetCep,2,0.0223724178636146
8316,8334,MuCep,10NuCep,1,0.02607571226033652
8322,8353,49DelCap,GamGru,0,0.0006227922416385124
8322,8518,49DelCap,48GamAqr,0,0.0010722681547080436
8322,8418,49DelCap,33IotAqr,1,0.01447148595505141
8322,8698,49DelCap,73LamAqr,1,0.0008704210071271344
8334,8465,10NuCep,21ZetCep,1,0.015978582423005417
8335,8494,81Pi2Cyg,23EpsCep,0,0.00526188059856172
8335,8538,81Pi2Cyg,3BetLac,1,0.00829538890754426
8353,8411,GamGru,LamGru,3,0.01773946878112766
8353,8556,GamGru,Del1Gru,1,0.006043938352657282
8353,8636,GamGru,BetGru,1,0.004535795613213754
8411,8576,LamGru,17BetPsA,0,0.004720540946326052
8411,8556,LamGru,Del1Gru,1,0.009246981152946265
8414,8709,34AlpAqr,76DelAqr,0,0.0009948846773312075
8414,8450,34AlpAqr,26ThePeg,1,0.018348513650952546
8414,8518,34AlpAqr,48GamAqr,4,0.027140572388371614
8417,8694,17XiCep,32IotCep,1,0.013324191754060547
8418,8628,33IotAqr,18EpsPsA,0,0.0011600724204721463
8418,8679,33IotAqr,71Tau2Aqr,1,0.004113116204842098
8418,8499,33IotAqr,43TheAqr,2,0.010209939977240855
8425,8556,AlpGru,Del1Gru,3,0.016593976572258372
8425,8675,AlpGru,EpsGru,1,0.011239802310238823
8425,8560,AlpGru,Del2Gru,1,0.015360591201566432
8430,8665,24IotPeg,46XiPeg,0,0.0009459817039702629
8430,8454,24IotPeg,29Pi2Peg,1,0.0064606030480299755
8430,8667,24IotPeg,47LamPeg,2,0.006486648374221939
8431,8576,14MuPsA,17BetPsA,1,0.012719444551124151
8450,8634,26ThePeg,42ZetPeg,2,0.010144604553868841
8454,8498,29Pi2Peg,1Lac,1,0.014841665154856626
8465,8650,21ZetCep,44EtaPeg,0,7.11605147205804e-05
8465,8571,21ZetCep,27DelCep,3,0.03974415106909218
8485,8498,8485,1Lac,1,0.02501990648537022
8494,8538,23EpsCep,3BetLac,1,0.012043335160120313
8498,8762,1Lac,1OmiAnd,1,0.0045296605128637485
8498,8650,1Lac,44EtaPeg,1,0.005144305484470854
8499,8518,43TheAqr,48GamAqr,2,0.012000198631588393
8502,8848,AlpTuc,GamTuc,1,0.00681198095224855
8502,8540,AlpTuc,DelTuc,1,0.00899955648684098
8518,8559,48GamAqr,XXX,6,0.04284232128186796
8518,8597,48GamAqr,62EtaAqr,1,0.0266355399909551
8538,8585,3BetLac,7AlpLac,3,0.02407154912620304
8540,9076,DelTuc,EpsTuc,1,0.0025347341262673185
8556,8728,Del1Gru,24AlpPsA,0,0.0016224111339578984
8556,8695,Del1Gru,22GamPsA,0,0.0025310762996571647
8556,8576,Del1Gru,17BetPsA,0,0.0030500305157330695
8556,8636,Del1Gru,BetGru,2,0.02123688692211416
8559,8852,XXX,6GamPsc,0,0.0035069864931762964
8559,8597,XXX,62EtaAqr,5,0.04406540986174718
8560,8787,Del2Gru,TheGru,0,0.009199768315716329
8560,8636,Del2Gru,BetGru,2,0.020640157579307046
8571,8961,27DelCep,16LamAnd,0,0.0012108339651202397
8571,8694,27DelCep,32IotCep,1,0.009184641805338524
8572,8585,5Lac,7AlpLac,2,0.023240456813828855
8576,8628,17BetPsA,18EpsPsA,1,0.01324127112738157
8576,8695,17BetPsA,22GamPsA,1,0.0159341182453387
8585,8961,7AlpLac,16LamAnd,1,0.0035800024604153275
8597,8834,62EtaAqr,90PhiAqr,0,0.003615550422631784
8597,8698,62EtaAqr,73LamAqr,3,0.008218545734211456
8597,8634,62EtaAqr,42ZetPeg,1,0.004347944261854248
8628,8728,18EpsPsA,24AlpPsA,2,0.02046124790595469
8628,8789,18EpsPsA,86Aqr,1,0.009912867023231832
8632,8961,11Lac,16LamAnd,0,0.003114599491691349
8634,8709,42ZetPeg,76DelAqr,0,0.00015652287378690321
8634,8667,42ZetPeg,47LamPeg,0,0.0026168803617130695
8634,8665,42ZetPeg,46XiPeg,4,0.03509111318780298
8636,8675,BetGru,EpsGru,4,0.02665751415162009
8636,8820,BetGru,IotGru,2,0.018462097827841806
8650,8775,44EtaPeg,53BetPeg,3,0.038565689655424513
8665,8781,46XiPeg,54AlpPeg,3,0.0146995552662764
8667,8781,47LamPeg,54AlpPeg,2,0.006250728702424764
8667,8684,47LamPeg,48MuPeg,4,0.04712143891000607
8675,8747,EpsGru,ZetGru,2,0.027264950935159595
8679,8698,71Tau2Aqr,73LamAqr,3,0.01606999556183586
8679,8709,71Tau2Aqr,76DelAqr,4,0.037748088781086625
8679,8841,71Tau2Aqr,91Psi1Aqr,1,0.009085120646428578
8684,8775,48MuPeg,53BetPeg,4,0.027950005609192346
8695,8787,22GamPsA,TheGru,0,0.0030618543068876235
8695,8720,22GamPsA,23DelPsA,1,0.04211912261543751
8698,8834,73LamAqr,90PhiAqr,2,0.015350158186662485
8698,8841,73LamAqr,91Psi1Aqr,1,0.014402604806040728
8709,8781,76DelAqr,54AlpPeg,0,5.881579569928295e-05
8709,8841,76DelAqr,91Psi1Aqr,0,0.008052679041366898
8709,8812,76DelAqr,88Aqr,3,0.018646685196234313
8709,8858,76DelAqr,93Psi2Aqr,1,0.00663421381287858
8709,8892,76DelAqr,98Aqr,1,0.010822492805741157
8720,8937,23DelPsA,BetScl,0,0.005864597633951337
8720,8728,23DelPsA,24AlpPsA,2,0.02960388462913519
8728,8820,24AlpPsA,IotGru,0,0.0014436958981854284
8728,8812,24AlpPsA,88Aqr,0,0.010477142477535483
8747,8848,ZetGru,GamTuc,1,0.010968194625871055
8762,8961,1OmiAnd,16LamAnd,1,0.009694534566278052
8775,8965,53BetPeg,17IotAnd,0,0.0007091251817450549
8775,8905,53BetPeg,68UpsPeg,2,0.008489665507218915
8775,8781,53BetPeg,54AlpPeg,8,0.007692323289097319
8781,8905,54AlpPeg,68UpsPeg,1,0.004332691852650054
8787,8820,TheGru,IotGru,2,0.03178434838071284
8789,8863,86Aqr,GamScl,0,0.00549882691940334
8789,8812,86Aqr,88Aqr,1,0.026428590967639436
8812,8892,88Aqr,98Aqr,3,0.034477171151596035
8820,8848,IotGru,GamTuc,0,0.0022333007354736725
8834,9089,90PhiAqr,30Psc,1,0.0029741288112012662
8834,8984,90PhiAqr,18LamPsc,0,0.003810351922858913
8834,8841,90PhiAqr,91Psi1Aqr,2,0.030012619201859953
8834,8852,90PhiAqr,6GamPsc,1,0.005769900729554566
8841,8858,91Psi1Aqr,93Psi2Aqr,3,0.048433704222031894
8852,8916,6GamPsc,10ThePsc,3,0.019492508743717017
8858,9089,93Psi2Aqr,30Psc,0,0.0033696658169938237
8863,8906,GamScl,99Aqr,0,0.0029219894637827802
8863,8937,GamScl,BetScl,1,0.012586612589129634
8892,8988,98Aqr,105Ome2Aqr,1,0.00850608142676596
8892,8906,98Aqr,99Aqr,2,0.046321989152884165
8906,8988,99Aqr,105Ome2Aqr,2,0.008373500101704259
8916,8969,10ThePsc,17IotPsc,3,0.026260860747809787
8961,8976,16LamAnd,19KapAnd,1,0.029682072287139462
8965,8976,17IotAnd,19KapAnd,1,0.03440016545620493
8969,8984,17IotPsc,18LamPsc,2,0.019092812741403644
8969,9072,17IotPsc,28OmePsc,3,0.019097589360320157
8988,9089,105Ome2Aqr,30Psc,1,0.004765998556680786
9072,9089,28OmePsc,30Psc,0,0.0023424440138348356
